FHIR IG Publisher Version 2.2.11 (Git# 0ec4807574e3). Built 2026-07-15T17:53:55.408Z (21 days old)  
Detected Java version: 17.0.19 from /usr/lib/jvm/msopenjdk-current on Linux/aarch64 (64bit). 6144MB available
dir = /work, path = /usr/local/share/nvm/current/bin:/usr/local/sdkman/bin:/usr/local/sdkman/candidates/java/current/bin:/usr/local/sdkman/candidates/gradle/current/bin:/usr/local/sdkman/candidates/maven/current/bin:/usr/local/sdkman/candidates/ant/current/bin:/usr/lib/jvm/msopenjdk-current/bin:/usr/local/sbin:/usr/local/bin:/usr/sbin:/usr/bin:/sbin:/bin
Parameters: -ig ig.ini -tx n/a                                                                      
Character encoding = UTF-8 / UTF-8                                                                  
Start Clock @ Thursday, August 6, 2026 at 10:31:23 AM Coordinated Universal Time (2026-08-06T10:31:23Z)
                                                                                                    
Build FHIR IG from /work/ig.ini                                                                      (00:00.031 / 00:00.031, 26Mb)
No FHIR settings file at /root/.fhir/fhir-settings.json; using defaults (no API keys or npm path)    (00:00.001 / 00:00.032, 26Mb)
Package Cache: /root/.fhir/packages                                                                  (00:00.001 / 00:00.033, 26Mb)
Run Sushi on /work                                                                                   (00:00.011 / 00:00.044, 26Mb)
Sushi: info  Running SUSHI v3.20.0 (implements FHIR Shorthand specification v3.0.0)                  (00:00.704 / 00:00.749, 28Mb)
Sushi: info  Arguments:                                                                              (00:00.000 / 00:00.749, 28Mb)
Sushi: info    --out /work                                                                           (00:00.000 / 00:00.749, 28Mb)
Sushi: info    /work                                                                                 (00:00.000 / 00:00.750, 28Mb)
Sushi: info  Using configuration file: /work/sushi-config.yaml                                       (00:00.746 / 00:01.497, 28Mb)
Sushi: info  Importing FSH text...                                                                   (00:00.058 / 00:01.555, 28Mb)
Sushi: info  Preprocessed 32 documents with 13 aliases.                                              (00:00.267 / 00:01.823, 28Mb)
Sushi: info  Imported 9 definitions and 11 instances.                                                (00:00.023 / 00:01.847, 28Mb)
Sushi: info  Loaded virtual package sushi-r5forR4#1.0.0 with 7 resources                             (00:00.178 / 00:02.025, 28Mb)
Sushi: info  Resolved hl7.fhir.uv.tools.r4#latest to concrete version 1.1.2                          (00:00.308 / 00:02.334, 28Mb)
Sushi: info  Loaded hl7.fhir.uv.tools.r4#1.1.2 with 119 resources                                    (00:00.160 / 00:02.494, 28Mb)
Sushi: info  Resolved hl7.terminology.r4#latest to concrete version 7.3.0                            (00:00.048 / 00:02.542, 28Mb)
Sushi: info  Loaded hl7.terminology.r4#7.3.0 with 4176 resources                                     (00:02.537 / 00:05.080, 28Mb)
Sushi: info  Loaded de.einwilligungsmanagement#2.0.2-snapshots with 32 resources                     (00:00.038 / 00:05.119, 28Mb)
Sushi: info  Loaded hl7.fhir.uv.crmi#2.0.0 with 123 resources                                        (00:00.146 / 00:05.265, 28Mb)
Sushi: info  Loaded hl7.fhir.r4.core#4.0.1 with 4581 resources                                       (00:01.815 / 00:07.080, 28Mb)
Sushi: info  Resolved hl7.fhir.uv.extensions.r4#latest to concrete version 5.3.0                     (00:00.055 / 00:07.136, 28Mb)
Sushi: info  Loaded hl7.fhir.uv.extensions.r4#5.3.0 with 885 resources                               (00:00.456 / 00:07.592, 28Mb)
Sushi: info  Found 1 non-JSON / non-XML file(s) in directory: /work/input/resources. Only resource files with JSON or XML extensions are supported. To see the skipped files in the logs, use debug logging. (00:00.009 / 00:07.602, 28Mb)
Sushi: info  Loaded virtual package sushi-local#LOCAL with 1 resources                               (00:00.000 / 00:07.602, 28Mb)
Sushi: info  Converting FSH to FHIR resources...                                                     (00:00.012 / 00:07.614, 28Mb)
Sushi: info  Converted 3 FHIR StructureDefinitions.                                                  (00:00.269 / 00:07.883, 28Mb)
Sushi: warn  The name "MII CS Consent Policy" may not be suitable for machine processing applications such as code generation. Valid names start with an upper-case ASCII letter ('A'..'Z') followed by any combination of upper- or lower-case ASCII letters ('A'..'Z', and 'a'..'z'), numerals ('0'..'9') and '_', with a length limit of 255 characters. (00:00.546 / 00:08.430, 28Mb)
Sushi:   File: /work/input/fsh/codesystems/MII_CS_Consent_Policy.fsh                                 (00:00.000 / 00:08.430, 28Mb)
Sushi:   Line: 5                                                                                     (00:00.000 / 00:08.430, 28Mb)
Sushi: warn  The user-specified ^count (101) does not match the specified number of concepts (124). If this is not a "complete" CodeSystem, set the ^content property to the appropriate value; otherwise fix or remove the ^count. (00:00.870 / 00:09.301, 28Mb)
Sushi:   File: /work/input/fsh/codesystems/MII_CS_Consent_Policy.fsh                                 (00:00.000 / 00:09.301, 28Mb)
Sushi:   Line: 20                                                                                    (00:00.000 / 00:09.301, 28Mb)
Sushi: info  Converted 3 FHIR CodeSystems.                                                           (00:00.000 / 00:09.302, 28Mb)
Sushi: info  Converted 3 FHIR ValueSets.                                                             (00:00.273 / 00:09.575, 28Mb)
Sushi: warn  34150a23-b1c8-404f-874f-e042a30435d2 has an array item that is exactly the same as a required slice, but does not use the slice name in its path. This may result in unexpected items in your array. Usually you can remove this item from your FSH, since FSH instances inherit required assigned values from their profile. Alternately, you can modify your FSH to use the slice name in the item's path.  See: https://hl7.org/fhir/uv/shorthand/reference.html#sliced-array-paths (00:00.168 / 00:09.744, 28Mb)
Sushi:   Path:  Consent.category                                                                     (00:00.000 / 00:09.744, 28Mb)
Sushi:   Slice: loinc                                                                                (00:00.000 / 00:09.745, 28Mb)
Sushi:   Value: {"coding":[{"code":"57016-8","system":"http://loinc.org"}]}                          (00:00.000 / 00:09.745, 28Mb)
Sushi:   File: /work/input/fsh/instances/34150a23-b1c8-404f-874f-e042a30435d2.fsh                    (00:00.000 / 00:09.745, 28Mb)
Sushi:   Line: 1 - 76                                                                                (00:00.000 / 00:09.745, 28Mb)
Sushi: warn  5143266b-8d60-4b28-8ee9-635140ffa5bb has an array item that is exactly the same as a required slice, but does not use the slice name in its path. This may result in unexpected items in your array. Usually you can remove this item from your FSH, since FSH instances inherit required assigned values from their profile. Alternately, you can modify your FSH to use the slice name in the item's path.  See: https://hl7.org/fhir/uv/shorthand/reference.html#sliced-array-paths (00:00.289 / 00:10.034, 28Mb)
Sushi:   Path:  Consent.category                                                                     (00:00.000 / 00:10.035, 28Mb)
Sushi:   Slice: loinc                                                                                (00:00.000 / 00:10.035, 28Mb)
Sushi:   Value: {"coding":[{"code":"57016-8","system":"http://loinc.org"}]}                          (00:00.000 / 00:10.035, 28Mb)
Sushi:   File: /work/input/fsh/instances/5143266b-8d60-4b28-8ee9-635140ffa5bb.fsh                    (00:00.000 / 00:10.035, 28Mb)
Sushi:   Line: 1 - 129                                                                               (00:00.000 / 00:10.035, 28Mb)
Sushi: warn  Example-MII-Consent-ResultType-document has an array item that is exactly the same as a required slice, but does not use the slice name in its path. This may result in unexpected items in your array. Usually you can remove this item from your FSH, since FSH instances inherit required assigned values from their profile. Alternately, you can modify your FSH to use the slice name in the item's path.  See: https://hl7.org/fhir/uv/shorthand/reference.html#sliced-array-paths (00:00.177 / 00:10.213, 28Mb)
Sushi:   Path:  Consent.category                                                                     (00:00.000 / 00:10.213, 28Mb)
Sushi:   Slice: loinc                                                                                (00:00.000 / 00:10.213, 28Mb)
Sushi:   Value: {"coding":[{"code":"57016-8","system":"http://loinc.org"}]}                          (00:00.000 / 00:10.214, 28Mb)
Sushi:   File: /work/input/fsh/instances/Example-MII-Consent-ResultType-document.fsh                 (00:00.000 / 00:10.214, 28Mb)
Sushi:   Line: 1 - 53                                                                                (00:00.000 / 00:10.214, 28Mb)
Sushi: info  Converted 11 FHIR instances.                                                            (00:00.056 / 00:10.270, 28Mb)
Sushi: info  Exporting FHIR resources as JSON...                                                     (00:00.000 / 00:10.271, 28Mb)
Sushi: info  Exported 20 FHIR resources as JSON.                                                     (00:00.030 / 00:10.301, 28Mb)
Sushi: info  Assembling Implementation Guide sources...                                              (00:00.002 / 00:10.303, 28Mb)
Sushi: info  Generated ImplementationGuide-mii-ig-consent.json                                       (00:00.038 / 00:10.341, 28Mb)
Sushi: info  Assembled Implementation Guide sources; ready for IG Publisher.                         (00:00.000 / 00:10.342, 28Mb)
Sushi: info  The _build script hosted at https://github.com/HL7/ig-publisher-scripts is useful for downloading and running the IG Publisher. (00:00.002 / 00:10.345, 28Mb)
Sushi: ========================= SUSHI RESULTS ===========================                           (00:00.000 / 00:10.345, 28Mb)
Sushi: |  -------------------------------------------------------------  |                           (00:00.000 / 00:10.346, 28Mb)
Sushi: | |    Profiles   |  Extensions  |   Logicals   |   Resources   | |                           (00:00.000 / 00:10.346, 28Mb)
Sushi: | |-------------------------------------------------------------| |                           (00:00.000 / 00:10.346, 28Mb)
Sushi: | |       3       |      0       |      0       |       0       | |                           (00:00.000 / 00:10.346, 28Mb)
Sushi: |  -------------------------------------------------------------  |                           (00:00.000 / 00:10.346, 28Mb)
Sushi: |  -------------------------------------------------------------  |                           (00:00.000 / 00:10.346, 28Mb)
Sushi: | |      ValueSets     |    CodeSystems    |     Instances      | |                           (00:00.000 / 00:10.346, 28Mb)
Sushi: | |-------------------------------------------------------------| |                           (00:00.000 / 00:10.347, 28Mb)
Sushi: | |         3          |         3         |         11         | |                           (00:00.000 / 00:10.347, 28Mb)
Sushi: |  -------------------------------------------------------------  |                           (00:00.000 / 00:10.347, 28Mb)
Sushi: |                                                                 |                           (00:00.000 / 00:10.347, 28Mb)
Sushi: ===================================================================                           (00:00.000 / 00:10.347, 28Mb)
Sushi: | Don't be koi about asking for help.    0 Errors      5 Warnings |                           (00:00.000 / 00:10.347, 28Mb)
Sushi: ===================================================================                           (00:00.000 / 00:10.348, 28Mb)
Root directory: /work                                                                                (00:00.012 / 00:10.360, 28Mb)
Unable to load IG as an r5 IG - try R4 (property code is a class com.google.gson.JsonPrimitive looking for an object) (00:00.412 / 00:10.773, 52Mb)
Load Template from #ig-template                                                                      (00:00.413 / 00:11.186, 73Mb)
 Load Template from fhir2.base.template#0.1.0                                                        (00:00.135 / 00:11.322, 77Mb)
Scanning directory: /work/template
======================================================================
Check folders                                                                                        (00:03.427 / 00:14.750, 123Mb)
Source: /work/input/predefined-resources                                                             (00:00.000 / 00:14.750, 123Mb)
Source: /work/input/capabilities                                                                     (00:00.000 / 00:14.751, 123Mb)
Source: /work/input/examples                                                                         (00:00.000 / 00:14.751, 123Mb)
Source: /work/input/extensions                                                                       (00:00.000 / 00:14.752, 123Mb)
Source: /work/input/models                                                                           (00:00.000 / 00:14.752, 123Mb)
Source: /work/input/operations                                                                       (00:00.000 / 00:14.752, 123Mb)
Source: /work/input/profiles                                                                         (00:00.000 / 00:14.753, 123Mb)
Source: /work/input/resources                                                                        (00:00.000 / 00:14.753, 123Mb)
Source: /work/input/vocabulary                                                                       (00:00.000 / 00:14.753, 123Mb)
Source: /work/input/testing                                                                          (00:00.000 / 00:14.753, 123Mb)
Source: /work/input/history                                                                          (00:00.000 / 00:14.753, 123Mb)
Source: /work/fsh-generated/resources                                                                (00:00.000 / 00:14.754, 123Mb)
Pages: /work/input/intro-notes                                                                       (00:00.031 / 00:14.785, 128Mb)
Pages: /work/template/config                                                                         (00:00.000 / 00:14.785, 128Mb)
Pages: /work/input/images                                                                            (00:00.000 / 00:14.786, 128Mb)
Output: /work/output                                                                                 (00:00.000 / 00:14.786, 128Mb)
QA Dir: /work/temp/qa                                                                                (00:00.000 / 00:14.787, 128Mb)
Terminology Cache is at /work/input-cache/txcache. 0 files in cache                                  (00:00.004 / 00:14.792, 128Mb)
Load Terminology Cache from /work/input-cache/txcache                                                (00:00.000 / 00:14.792, 128Mb)
Core Package hl7.fhir.r4.core#4.0.1                                                                  (00:00.000 / 00:14.792, 128Mb)
Load hl7.fhir.core-4.0.1 package from /root/.fhir/packages/hl7.fhir.r4.core#4.0.1                    (00:00.149 / 00:14.942, 100Mb)
Running Terminology Log: /tmp/ohfu-fhir-ig-12451647488740430924.html
WARNING: Running without terminology server - terminology content will likely not publish correctly  (00:06.419 / 00:21.362, 361Mb)
[39mLoad Package hl7.fhir.pubpack#0.2.5
[0;39m[39mLoad Package hl7.fhir.xver-extensions#0.1.0
[0;39mLoad hl7tx (http://terminology.hl7.org) from hl7.terminology.r4#7.3.0                                (00:01.719 / 00:23.082, 407Mb)
[39mLoad Package hl7.terminology.r4#7.3.0
[0;39mLoad hl7ext (http://hl7.org/fhir/extensions) from hl7.fhir.uv.extensions.r4#5.3.0                    (00:01.257 / 00:24.339, 465Mb)
[39mLoad Package hl7.fhir.uv.extensions.r4#5.3.0
[0;39mLoad de_einwilligungsmanagement (http://fhir.org/packages/de.einwilligungsmanagement) from de.einwilligungsmanagement#2.0.2-snapshots (00:00.983 / 00:25.322, 535Mb)
[39mLoad Package de.einwilligungsmanagement#2.0.2-snapshots
[0;39mLoad hl7_fhir_uv_crmi (http://hl7.org/fhir/uv/crmi) from hl7.fhir.uv.crmi#2.0.0                      (00:00.036 / 00:25.359, 539Mb)
Load package dependency hl7.terminology.r4#7.2.0                                                     (00:00.409 / 00:25.768, 557Mb)
[39mLoad Package hl7.terminology.r4#7.2.0
[0;39m[39mLoad Package hl7.fhir.uv.crmi#2.0.0
[0;39mLoad igtools (http://hl7.org/fhir/tools) from hl7.fhir.uv.tools.r4#1.1.2                             (00:01.199 / 00:26.968, 690Mb)
[39mLoad Package hl7.fhir.uv.tools.r4#1.1.2
[0;39mLoad R5 Specials
[1;31mThe element Questionnaire.item.text.extension:renderingMarkdown.value[x]:valueMarkdown launches straight into slicing without the slicing being set up properly first
[0;39m[1;31mThe element Questionnaire.item.text.extension:renderingXhtml.value[x]:valueString launches straight into slicing without the slicing being set up properly first
[0;39m[1;31mThe element Questionnaire.item.text.extension:renderingMarkdown.value[x]:valueMarkdown launches straight into slicing without the slicing being set up properly first
[0;39m[1;31mThe element Questionnaire.item.text.extension:renderingXhtml.value[x]:valueString launches straight into slicing without the slicing being set up properly first
[0;39m[1;31mThe slice definition for Questionnaire.item.extension:xacmlTemplate.extension has a minimum of 0 but the slices add up to a minimum of 1
[0;39m[1;31mThe element Questionnaire.item.text.extension:renderingMarkdown.value[x]:valueMarkdown launches straight into slicing without the slicing being set up properly first
[0;39m[1;31mThe element Questionnaire.item.text.extension:renderingXhtml.value[x]:valueString launches straight into slicing without the slicing being set up properly first
[0;39mInitialization complete                                                                              (00:01.880 / 00:28.849, 356Mb)
Load IG                                                                                              (00:00.001 / 00:28.850, 356Mb)
Load Translations                                                                                    (00:00.004 / 00:28.854, 357Mb)
Load Content                                                                                         (00:00.000 / 00:28.854, 357Mb)
-force-language=null defaultTranslationLang=en sourceIg.language=en sourceIg.jurisdiction=DE         (00:00.072 / 00:28.926, 366Mb)
Using en as the default narrative language. (Implementation Guide param i18n-default-lang)           (00:00.000 / 00:28.927, 366Mb)
Loaded 21 files from /work/fsh-generated/resources                                                   (00:00.215 / 00:29.143, 382Mb)
Loaded 1 files from /work/input/resources                                                            (00:00.005 / 00:29.148, 382Mb)
load /work/fsh-generated/resources/CodeSystem-2.16.840.1.113883.3.1937.777.24.5.2--20210423105554.json (00:00.001 / 00:29.150, 382Mb)
load /work/fsh-generated/resources/CodeSystem-2.16.840.1.113883.3.1937.777.24.5.3--20251211153003.json (00:00.008 / 00:29.158, 382Mb)
load /work/fsh-generated/resources/CodeSystem-mii-cs-consent-version-modules.json                    (00:00.014 / 00:29.172, 384Mb)
load /work/fsh-generated/resources/Consent-34150a23-b1c8-404f-874f-e042a30435d2.json                 (00:00.009 / 00:29.182, 386Mb)
load /work/fsh-generated/resources/Consent-5143266b-8d60-4b28-8ee9-635140ffa5bb.json                 (00:00.002 / 00:29.185, 386Mb)
load /work/fsh-generated/resources/Consent-Example-MII-Consent-ResultType-document.json              (00:00.012 / 00:29.197, 388Mb)
load /work/fsh-generated/resources/DocumentReference-8a3d1799-2463-405e-b49c-6a16c8692b01.json       (00:00.001 / 00:29.199, 388Mb)
load /work/fsh-generated/resources/Provenance-55219d12-6245-4de4-8b50-ddf6f16a789b.json              (00:00.001 / 00:29.200, 388Mb)
load /work/fsh-generated/resources/SearchParameter-MII-SP-Consent-PolicyUri.json                     (00:00.009 / 00:29.209, 390Mb)
load /work/fsh-generated/resources/SearchParameter-MII-SP-Consent-ProvisionCode.json                 (00:00.002 / 00:29.212, 390Mb)
load /work/fsh-generated/resources/SearchParameter-MII-SP-Consent-ProvisionCodePeriod.json           (00:00.000 / 00:29.213, 390Mb)
load /work/fsh-generated/resources/SearchParameter-MII-SP-Consent-ProvisionCodeType.json             (00:00.001 / 00:29.214, 390Mb)
load /work/fsh-generated/resources/SearchParameter-MII-SP-Consent-ProvisionPeriod.json               (00:00.000 / 00:29.214, 390Mb)
load /work/fsh-generated/resources/SearchParameter-MII-SP-Consent-ProvisionType.json                 (00:00.000 / 00:29.215, 390Mb)
load /work/fsh-generated/resources/StructureDefinition-56375452-bfa1-4111-af7c-5b5ba9a1857c.json     (00:00.000 / 00:29.216, 390Mb)
load /work/fsh-generated/resources/StructureDefinition-e0e166b4-0f77-478d-9062-de0034d98ce0.json     (00:00.001 / 00:29.218, 390Mb)
load /work/fsh-generated/resources/StructureDefinition-f675b1e8-9f3f-44e8-bb59-9681f78eb464.json     (00:00.009 / 00:29.227, 392Mb)
load /work/fsh-generated/resources/ValueSet-2.16.840.1.113883.3.1937.777.24.11.30--20210323234509.json (00:00.002 / 00:29.230, 392Mb)
load /work/fsh-generated/resources/ValueSet-2.16.840.1.113883.3.1937.777.24.11.36--20230331232804.json (00:00.005 / 00:29.235, 394Mb)
load /work/fsh-generated/resources/ValueSet-88464c5b-5338-4c2b-9c07-b42fef2ada64.json                (00:00.001 / 00:29.236, 394Mb)
load /work/input/resources/Parameters-expansion-manifest.json                                        (00:00.001 / 00:29.238, 394Mb)
Ignoring file /work/input/translations/de/ImplementationGuide-mii-ig-consent.po - resource type 'ImplementationGuide' is not supported for translation supplements
Process Loaded Resources                                                                             (00:00.003 / 00:29.241, 394Mb)
process res: CodeSystem/2.16.840.1.113883.3.1937.777.24.5.2--20210423105554                          (00:00.000 / 00:29.242, 394Mb)
process res: CodeSystem/2.16.840.1.113883.3.1937.777.24.5.3--20251211153003                          (00:00.020 / 00:29.262, 396Mb)
process res: CodeSystem/mii-cs-consent-version-modules                                               (00:00.040 / 00:29.303, 402Mb)
process res: ValueSet/2.16.840.1.113883.3.1937.777.24.11.30--20210323234509                          (00:00.016 / 00:29.319, 404Mb)
process res: ValueSet/2.16.840.1.113883.3.1937.777.24.11.36--20230331232804                          (00:00.018 / 00:29.338, 406Mb)
process res: ValueSet/88464c5b-5338-4c2b-9c07-b42fef2ada64                                           (00:00.002 / 00:29.341, 406Mb)
process res: StructureDefinition/56375452-bfa1-4111-af7c-5b5ba9a1857c                                (00:00.004 / 00:29.346, 408Mb)
process res: StructureDefinition/e0e166b4-0f77-478d-9062-de0034d98ce0                                (00:00.002 / 00:29.348, 408Mb)
process res: StructureDefinition/f675b1e8-9f3f-44e8-bb59-9681f78eb464                                (00:00.013 / 00:29.361, 412Mb)
process res: SearchParameter/MII-SP-Consent-PolicyUri                                                (00:00.001 / 00:29.362, 412Mb)
process res: SearchParameter/MII-SP-Consent-ProvisionCode                                            (00:00.006 / 00:29.369, 412Mb)
process res: SearchParameter/MII-SP-Consent-ProvisionCodePeriod                                      (00:00.002 / 00:29.372, 414Mb)
process res: SearchParameter/MII-SP-Consent-ProvisionCodeType                                        (00:00.002 / 00:29.374, 414Mb)
process res: SearchParameter/MII-SP-Consent-ProvisionPeriod                                          (00:00.001 / 00:29.375, 414Mb)
process res: SearchParameter/MII-SP-Consent-ProvisionType                                            (00:00.000 / 00:29.376, 414Mb)
process res: ImplementationGuide/mii-ig-consent                                                      (00:00.004 / 00:29.381, 416Mb)
process res: SearchParameter/MII-SP-Consent-PolicyUri                                                (00:00.891 / 00:30.273, 572Mb)
process res: SearchParameter/MII-SP-Consent-ProvisionCode                                            (00:00.004 / 00:30.277, 574Mb)
process res: SearchParameter/MII-SP-Consent-ProvisionCodePeriod                                      (00:00.000 / 00:30.278, 574Mb)
process res: SearchParameter/MII-SP-Consent-ProvisionCodeType                                        (00:00.000 / 00:30.278, 574Mb)
process res: SearchParameter/MII-SP-Consent-ProvisionPeriod                                          (00:00.000 / 00:30.279, 574Mb)
process res: SearchParameter/MII-SP-Consent-ProvisionType                                            (00:00.000 / 00:30.280, 574Mb)
Generating Snapshots                                                                                 (00:00.013 / 00:30.294, 576Mb)
Generate Snapshots                                                                                   (00:00.000 / 00:30.294, 576Mb)
Check Snapshot for https://www.medizininformatik-initiative.de/fhir/modul-consent/StructureDefinition/mii-pr-consent-documentreference (00:00.000 / 00:30.295, 576Mb)
Generate Snapshot for https://www.medizininformatik-initiative.de/fhir/modul-consent/StructureDefinition/mii-pr-consent-documentreference (00:00.000 / 00:30.295, 576Mb)
Context.See https://www.medizininformatik-initiative.de/fhir/modul-consent/StructureDefinition/mii-pr-consent-documentreference (00:00.125 / 00:30.420, 590Mb)
Check Snapshot for https://www.medizininformatik-initiative.de/fhir/modul-consent/StructureDefinition/mii-pr-consent-einwilligung (00:00.074 / 00:30.494, 598Mb)
Generate Snapshot for https://www.medizininformatik-initiative.de/fhir/modul-consent/StructureDefinition/mii-pr-consent-einwilligung (00:00.000 / 00:30.494, 598Mb)
Context.See https://www.medizininformatik-initiative.de/fhir/modul-consent/StructureDefinition/mii-pr-consent-einwilligung (00:00.317 / 00:30.812, 636Mb)
Check Snapshot for https://www.medizininformatik-initiative.de/fhir/modul-consent/StructureDefinition/mii-pr-consent-provenance (00:00.217 / 00:31.030, 668Mb)
Generate Snapshot for https://www.medizininformatik-initiative.de/fhir/modul-consent/StructureDefinition/mii-pr-consent-provenance (00:00.000 / 00:31.030, 668Mb)
Context.See https://www.medizininformatik-initiative.de/fhir/modul-consent/StructureDefinition/mii-pr-consent-provenance (00:00.084 / 00:31.115, 682Mb)

Signing Certificate: RSA key for Subject: OU=IG Publisher, L=Ann Arbor, CN=hl7.org, O=HL7, ST=Missouri, C=us from: OU=IG Publisher, L=Ann Arbor, CN=hl7.org, O=HL7, ST=Missouri, C=us
Fetch https://www.medizininformatik-initiative.de/fhir/modul-consent/package-list.json for version check (00:00.167 / 00:31.283, 700Mb)
Loaded Files: 50                                                                                     (00:00.199 / 00:31.483, 710Mb)
  /work/fsh-generated/resources/ImplementationGuide-mii-ig-consent - 1 Resources                     (00:00.000 / 00:31.483, 710Mb)
    ImplementationGuide/mii-ig-consent                                                               (00:00.000 / 00:31.484, 710Mb)
  /work/fsh-generated/resources/CodeSystem-2.16.840.1.113883.3.1937.777.24.5.2--20210423105554 - 1 Resources (00:00.000 / 00:31.484, 710Mb)
    CodeSystem/2.16.840.1.113883.3.1937.777.24.5.2--20210423105554                                   (00:00.000 / 00:31.484, 710Mb)
  /work/fsh-generated/resources/CodeSystem-2.16.840.1.113883.3.1937.777.24.5.3--20251211153003 - 1 Resources (00:00.000 / 00:31.485, 710Mb)
    CodeSystem/2.16.840.1.113883.3.1937.777.24.5.3--20251211153003                                   (00:00.000 / 00:31.485, 710Mb)
  /work/fsh-generated/resources/CodeSystem-mii-cs-consent-version-modules - 1 Resources              (00:00.000 / 00:31.485, 710Mb)
    CodeSystem/mii-cs-consent-version-modules                                                        (00:00.000 / 00:31.485, 710Mb)
  /work/fsh-generated/resources/Consent-34150a23-b1c8-404f-874f-e042a30435d2 - 1 Resources           (00:00.000 / 00:31.485, 710Mb)
    Consent/34150a23-b1c8-404f-874f-e042a30435d2                                                     (00:00.000 / 00:31.486, 710Mb)
  /work/fsh-generated/resources/Consent-5143266b-8d60-4b28-8ee9-635140ffa5bb - 1 Resources           (00:00.000 / 00:31.486, 710Mb)
    Consent/5143266b-8d60-4b28-8ee9-635140ffa5bb                                                     (00:00.000 / 00:31.486, 710Mb)
  /work/fsh-generated/resources/Consent-Example-MII-Consent-ResultType-document - 1 Resources        (00:00.000 / 00:31.486, 710Mb)
    Consent/Example-MII-Consent-ResultType-document                                                  (00:00.000 / 00:31.486, 710Mb)
  /work/fsh-generated/resources/DocumentReference-8a3d1799-2463-405e-b49c-6a16c8692b01 - 1 Resources (00:00.000 / 00:31.487, 710Mb)
    DocumentReference/8a3d1799-2463-405e-b49c-6a16c8692b01                                           (00:00.000 / 00:31.487, 710Mb)
  /work/fsh-generated/resources/Provenance-55219d12-6245-4de4-8b50-ddf6f16a789b - 1 Resources        (00:00.000 / 00:31.487, 710Mb)
    Provenance/55219d12-6245-4de4-8b50-ddf6f16a789b                                                  (00:00.000 / 00:31.488, 710Mb)
  /work/fsh-generated/resources/SearchParameter-MII-SP-Consent-PolicyUri - 1 Resources               (00:00.000 / 00:31.488, 710Mb)
    SearchParameter/MII-SP-Consent-PolicyUri                                                         (00:00.000 / 00:31.488, 710Mb)
  /work/fsh-generated/resources/SearchParameter-MII-SP-Consent-ProvisionCode - 1 Resources           (00:00.000 / 00:31.489, 710Mb)
    SearchParameter/MII-SP-Consent-ProvisionCode                                                     (00:00.000 / 00:31.489, 710Mb)
  /work/fsh-generated/resources/SearchParameter-MII-SP-Consent-ProvisionCodePeriod - 1 Resources     (00:00.000 / 00:31.489, 710Mb)
    SearchParameter/MII-SP-Consent-ProvisionCodePeriod                                               (00:00.000 / 00:31.489, 710Mb)
  /work/fsh-generated/resources/SearchParameter-MII-SP-Consent-ProvisionCodeType - 1 Resources       (00:00.000 / 00:31.490, 710Mb)
    SearchParameter/MII-SP-Consent-ProvisionCodeType                                                 (00:00.000 / 00:31.490, 710Mb)
  /work/fsh-generated/resources/SearchParameter-MII-SP-Consent-ProvisionPeriod - 1 Resources         (00:00.000 / 00:31.490, 710Mb)
    SearchParameter/MII-SP-Consent-ProvisionPeriod                                                   (00:00.000 / 00:31.490, 710Mb)
  /work/fsh-generated/resources/SearchParameter-MII-SP-Consent-ProvisionType - 1 Resources           (00:00.000 / 00:31.491, 710Mb)
    SearchParameter/MII-SP-Consent-ProvisionType                                                     (00:00.000 / 00:31.491, 710Mb)
  /work/fsh-generated/resources/StructureDefinition-56375452-bfa1-4111-af7c-5b5ba9a1857c - 1 Resources (00:00.000 / 00:31.491, 710Mb)
    StructureDefinition/56375452-bfa1-4111-af7c-5b5ba9a1857c                                         (00:00.000 / 00:31.491, 710Mb)
  /work/fsh-generated/resources/StructureDefinition-e0e166b4-0f77-478d-9062-de0034d98ce0 - 1 Resources (00:00.000 / 00:31.491, 710Mb)
    StructureDefinition/e0e166b4-0f77-478d-9062-de0034d98ce0                                         (00:00.000 / 00:31.492, 710Mb)
  /work/fsh-generated/resources/StructureDefinition-f675b1e8-9f3f-44e8-bb59-9681f78eb464 - 1 Resources (00:00.000 / 00:31.492, 710Mb)
    StructureDefinition/f675b1e8-9f3f-44e8-bb59-9681f78eb464                                         (00:00.000 / 00:31.492, 710Mb)
  /work/fsh-generated/resources/ValueSet-2.16.840.1.113883.3.1937.777.24.11.30--20210323234509 - 1 Resources (00:00.000 / 00:31.492, 710Mb)
    ValueSet/2.16.840.1.113883.3.1937.777.24.11.30--20210323234509                                   (00:00.000 / 00:31.492, 710Mb)
  /work/fsh-generated/resources/ValueSet-2.16.840.1.113883.3.1937.777.24.11.36--20230331232804 - 1 Resources (00:00.000 / 00:31.492, 710Mb)
    ValueSet/2.16.840.1.113883.3.1937.777.24.11.36--20230331232804                                   (00:00.000 / 00:31.493, 710Mb)
  /work/fsh-generated/resources/ValueSet-88464c5b-5338-4c2b-9c07-b42fef2ada64 - 1 Resources          (00:00.000 / 00:31.493, 710Mb)
    ValueSet/88464c5b-5338-4c2b-9c07-b42fef2ada64                                                    (00:00.000 / 00:31.493, 710Mb)
  /work/input/resources/Parameters-expansion-manifest - 1 Resources                                  (00:00.000 / 00:31.494, 710Mb)
    Parameters/mii-param-consent-manifest                                                            (00:00.000 / 00:31.494, 710Mb)
  /work/input/includes/menu - 0 Resources                                                            (00:00.000 / 00:31.494, 710Mb)
  /work/fsh-generated/includes/fsh-link-references - 0 Resources                                     (00:00.000 / 00:31.494, 710Mb)
  /work/input/pagecontent/logical-models - 0 Resources                                               (00:00.000 / 00:31.494, 710Mb)
  /work/input/pagecontent/profiles-and-extensions - 0 Resources                                      (00:00.000 / 00:31.494, 710Mb)
  /work/input/pagecontent/examples - 0 Resources                                                     (00:00.000 / 00:31.495, 710Mb)
  /work/input/pagecontent/conformance - 0 Resources                                                  (00:00.000 / 00:31.495, 710Mb)
  /work/input/pagecontent/uml-diagrams - 0 Resources                                                 (00:00.000 / 00:31.495, 710Mb)
  /work/input/pagecontent/guidance - 0 Resources                                                     (00:00.000 / 00:31.495, 710Mb)
  /work/input/pagecontent/implementer-guidance - 0 Resources                                         (00:00.000 / 00:31.496, 710Mb)
  /work/input/pagecontent/security-and-privacy - 0 Resources                                         (00:00.000 / 00:31.496, 710Mb)
  /work/input/pagecontent/capability-statements - 0 Resources                                        (00:00.001 / 00:31.497, 710Mb)
  /work/input/pagecontent/missing-data - 0 Resources                                                 (00:00.000 / 00:31.498, 710Mb)
  /work/input/pagecontent/terminology - 0 Resources                                                  (00:00.000 / 00:31.498, 710Mb)
  /work/input/pagecontent/metadata - 0 Resources                                                     (00:00.000 / 00:31.498, 710Mb)
  /work/input/pagecontent/researcher-guidance - 0 Resources                                          (00:00.000 / 00:31.499, 710Mb)
  /work/input/pagecontent/datasets-and-descriptions - 0 Resources                                    (00:00.000 / 00:31.499, 710Mb)
  /work/input/pagecontent/must-support - 0 Resources                                                 (00:00.000 / 00:31.499, 710Mb)
  /work/input/pagecontent/index - 0 Resources                                                        (00:00.000 / 00:31.499, 710Mb)
  /work/input/pagecontent/version-history - 0 Resources                                              (00:00.000 / 00:31.500, 710Mb)
  /work/input/pagecontent/search-parameters-and-operations - 0 Resources                             (00:00.000 / 00:31.500, 710Mb)
  /work/input/pagecontent/translationinfo - 0 Resources                                              (00:00.000 / 00:31.500, 710Mb)
  /work/input/pagecontent/changes - 0 Resources                                                      (00:00.000 / 00:31.500, 710Mb)
  /work/input/pagecontent/downloads - 0 Resources                                                    (00:00.000 / 00:31.500, 710Mb)
  /work/input/pagecontent/general-requirements - 0 Resources                                         (00:00.000 / 00:31.501, 710Mb)
  /work/input/intro-notes - 0 Resources                                                              (00:00.000 / 00:31.501, 710Mb)
  /work/template/config - 0 Resources                                                                (00:00.000 / 00:31.501, 710Mb)
  /work/template/config/_config - 0 Resources                                                        (00:00.000 / 00:31.502, 710Mb)
  /work/input/images - 0 Resources                                                                   (00:00.000 / 00:31.502, 710Mb)
Checking Language                                                                                    (00:00.050 / 00:31.552, 712Mb)
process type: NamingSystem                                                                           (00:00.000 / 00:31.552, 712Mb)
process type: CodeSystem                                                                             (00:00.000 / 00:31.553, 712Mb)
process type: ValueSet                                                                               (00:00.000 / 00:31.553, 712Mb)
process type: ConceptMap                                                                             (00:00.000 / 00:31.553, 712Mb)
process type: DataElement                                                                            (00:00.000 / 00:31.553, 712Mb)
process type: StructureDefinition                                                                    (00:00.000 / 00:31.553, 712Mb)
process type: OperationDefinition                                                                    (00:00.000 / 00:31.554, 712Mb)
process type: SearchParameter                                                                        (00:00.000 / 00:31.554, 712Mb)
process type: CapabilityStatement                                                                    (00:00.000 / 00:31.554, 712Mb)
process type: Conformance                                                                            (00:00.000 / 00:31.554, 712Mb)
process type: StructureMap                                                                           (00:00.000 / 00:31.554, 712Mb)
process type: ActivityDefinition                                                                     (00:00.000 / 00:31.555, 712Mb)
process type: Citation                                                                               (00:00.000 / 00:31.555, 712Mb)
process type: ChargeItemDefinition                                                                   (00:00.000 / 00:31.555, 712Mb)
process type: CompartmentDefinition                                                                  (00:00.000 / 00:31.555, 712Mb)
process type: ConceptMap                                                                             (00:00.000 / 00:31.555, 712Mb)
process type: ConditionDefinition                                                                    (00:00.000 / 00:31.556, 712Mb)
process type: EffectEvidenceSynthesis                                                                (00:00.000 / 00:31.556, 712Mb)
process type: EventDefinition                                                                        (00:00.000 / 00:31.556, 712Mb)
process type: Evidence                                                                               (00:00.000 / 00:31.556, 712Mb)
process type: EvidenceVariable                                                                       (00:00.000 / 00:31.556, 712Mb)
process type: ExampleScenario                                                                        (00:00.000 / 00:31.556, 712Mb)
process type: GraphDefinition                                                                        (00:00.000 / 00:31.556, 712Mb)
process type: ImplementationGuide                                                                    (00:00.000 / 00:31.557, 712Mb)
process type: Library                                                                                (00:00.000 / 00:31.557, 712Mb)
process type: Measure                                                                                (00:00.000 / 00:31.557, 712Mb)
process type: MessageDefinition                                                                      (00:00.000 / 00:31.557, 712Mb)
process type: PlanDefinition                                                                         (00:00.000 / 00:31.557, 712Mb)
process type: Questionnaire                                                                          (00:00.000 / 00:31.557, 712Mb)
process type: ResearchDefinition                                                                     (00:00.000 / 00:31.557, 712Mb)
process type: ResearchElementDefinition                                                              (00:00.000 / 00:31.558, 712Mb)
process type: RiskEvidenceSynthesis                                                                  (00:00.000 / 00:31.558, 712Mb)
process type: SearchParameter                                                                        (00:00.000 / 00:31.558, 712Mb)
process type: Statistic                                                                              (00:00.000 / 00:31.558, 712Mb)
process type: TerminologyCapabilities                                                                (00:00.000 / 00:31.558, 712Mb)
process type: TestPlan                                                                               (00:00.000 / 00:31.559, 712Mb)
process type: TestScript                                                                             (00:00.000 / 00:31.559, 712Mb)
process type: ActorDefinition                                                                        (00:00.000 / 00:31.559, 712Mb)
process type: SubscriptionTopic                                                                      (00:00.000 / 00:31.559, 712Mb)
process type: Requirements                                                                           (00:00.000 / 00:31.559, 712Mb)
Load Dependency Info                                                                                 (00:00.000 / 00:31.560, 712Mb)
Load Info                                                                                            (00:00.001 / 00:31.561, 712Mb)
Load Paths                                                                                           (00:00.000 / 00:31.561, 714Mb)
Check R4 / R4B                                                                                       (00:00.000 / 00:31.561, 714Mb)
R4/R4B Check                                                                                         (00:00.000 / 00:31.561, 714Mb)
Assign Comparison Ids                                                                                (00:00.042 / 00:31.604, 722Mb)
Propagating status                                                                                   (00:00.000 / 00:31.604, 722Mb)
propagating status                                                                                   (00:00.000 / 00:31.604, 722Mb)
Generating Narratives                                                                                (00:00.000 / 00:31.605, 722Mb)
gen narratives                                                                                       (00:00.000 / 00:31.605, 722Mb)
generate narrative for ImplementationGuide-mii-ig-consent.json : mii-ig-consent                      (00:00.000 / 00:31.606, 722Mb)
generate narrative for CodeSystem-2.16.840.1.113883.3.1937.777.24.5.2--20210423105554.json : 2.16.840.1.113883.3.1937.777.24.5.2--20210423105554 (00:00.141 / 00:31.747, 736Mb)
generate narrative for CodeSystem-2.16.840.1.113883.3.1937.777.24.5.3--20251211153003.json : 2.16.840.1.113883.3.1937.777.24.5.3--20251211153003 (00:00.007 / 00:31.755, 736Mb)
generate narrative for CodeSystem-mii-cs-consent-version-modules.json : mii-cs-consent-version-modules (00:00.116 / 00:31.871, 754Mb)
generate narrative for Consent-34150a23-b1c8-404f-874f-e042a30435d2.json : 34150a23-b1c8-404f-874f-e042a30435d2 (00:00.027 / 00:31.899, 764Mb)
generate narrative for Consent-5143266b-8d60-4b28-8ee9-635140ffa5bb.json : 5143266b-8d60-4b28-8ee9-635140ffa5bb (00:00.164 / 00:32.063, 772Mb)
generate narrative for Consent-Example-MII-Consent-ResultType-document.json : Example-MII-Consent-ResultType-document (00:00.103 / 00:32.167, 778Mb)
generate narrative for DocumentReference-8a3d1799-2463-405e-b49c-6a16c8692b01.json : 8a3d1799-2463-405e-b49c-6a16c8692b01 (00:00.031 / 00:32.199, 780Mb)
generate narrative for Provenance-55219d12-6245-4de4-8b50-ddf6f16a789b.json : 55219d12-6245-4de4-8b50-ddf6f16a789b (00:00.016 / 00:32.215, 780Mb)
generate narrative for SearchParameter-MII-SP-Consent-PolicyUri.json : MII-SP-Consent-PolicyUri      (00:00.049 / 00:32.265, 782Mb)
generate narrative for SearchParameter-MII-SP-Consent-ProvisionCode.json : MII-SP-Consent-ProvisionCode (00:00.005 / 00:32.270, 784Mb)
generate narrative for SearchParameter-MII-SP-Consent-ProvisionCodePeriod.json : MII-SP-Consent-ProvisionCodePeriod (00:00.002 / 00:32.273, 784Mb)
generate narrative for SearchParameter-MII-SP-Consent-ProvisionCodeType.json : MII-SP-Consent-ProvisionCodeType (00:00.023 / 00:32.297, 786Mb)
generate narrative for SearchParameter-MII-SP-Consent-ProvisionPeriod.json : MII-SP-Consent-ProvisionPeriod (00:00.003 / 00:32.300, 786Mb)
generate narrative for SearchParameter-MII-SP-Consent-ProvisionType.json : MII-SP-Consent-ProvisionType (00:00.002 / 00:32.302, 786Mb)
generate narrative for StructureDefinition-56375452-bfa1-4111-af7c-5b5ba9a1857c.json : 56375452-bfa1-4111-af7c-5b5ba9a1857c (00:00.013 / 00:32.316, 788Mb)
generate narrative for StructureDefinition-e0e166b4-0f77-478d-9062-de0034d98ce0.json : e0e166b4-0f77-478d-9062-de0034d98ce0 (00:00.080 / 00:32.396, 800Mb)
generate narrative for StructureDefinition-f675b1e8-9f3f-44e8-bb59-9681f78eb464.json : f675b1e8-9f3f-44e8-bb59-9681f78eb464 (00:00.499 / 00:32.896, 862Mb)
generate narrative for ValueSet-2.16.840.1.113883.3.1937.777.24.11.30--20210323234509.json : 2.16.840.1.113883.3.1937.777.24.11.30--20210323234509 (00:00.092 / 00:32.988, 874Mb)
generate narrative for ValueSet-2.16.840.1.113883.3.1937.777.24.11.36--20230331232804.json : 2.16.840.1.113883.3.1937.777.24.11.36--20230331232804 (00:00.180 / 00:33.168, 886Mb)
generate narrative for ValueSet-88464c5b-5338-4c2b-9c07-b42fef2ada64.json : 88464c5b-5338-4c2b-9c07-b42fef2ada64 (00:00.026 / 00:33.195, 888Mb)
generate narrative for resources/Parameters-expansion-manifest.json : mii-param-consent-manifest     (00:00.003 / 00:33.198, 888Mb)
Validating Conformance Resources                                                                     (00:00.000 / 00:33.198, 888Mb)
validate res: CodeSystem/2.16.840.1.113883.3.1937.777.24.5.2--20210423105554                         (00:00.000 / 00:33.198, 888Mb)
==============!! Running without terminology server !! ==============                                (00:01.236 / 00:34.435, 1Gb)
=====================================================================                                (00:00.000 / 00:34.435, 1Gb)
validate res: CodeSystem/2.16.840.1.113883.3.1937.777.24.5.3--20251211153003                         (00:00.218 / 00:34.654, 431Mb)
validate res: CodeSystem/mii-cs-consent-version-modules                                              (00:00.123 / 00:34.777, 1Gb)
validate res: ValueSet/2.16.840.1.113883.3.1937.777.24.11.30--20210323234509                         (00:00.281 / 00:35.059, 629Mb)
validate res: ValueSet/2.16.840.1.113883.3.1937.777.24.11.36--20230331232804                         (00:00.100 / 00:35.159, 823Mb)
validate res: ValueSet/88464c5b-5338-4c2b-9c07-b42fef2ada64                                          (00:00.023 / 00:35.183, 917Mb)
validate res: StructureDefinition/56375452-bfa1-4111-af7c-5b5ba9a1857c                               (00:00.015 / 00:35.199, 1015Mb)
validate res: StructureDefinition/e0e166b4-0f77-478d-9062-de0034d98ce0                               (00:02.227 / 00:37.427, 747Mb)
validate res: StructureDefinition/f675b1e8-9f3f-44e8-bb59-9681f78eb464                               (00:04.364 / 00:41.791, 808Mb)
validate res: SearchParameter/MII-SP-Consent-PolicyUri                                               (00:00.333 / 00:42.124, 786Mb)
validate res: SearchParameter/MII-SP-Consent-ProvisionCode                                           (00:00.016 / 00:42.141, 864Mb)
validate res: SearchParameter/MII-SP-Consent-ProvisionCodePeriod                                     (00:00.016 / 00:42.157, 941Mb)
validate res: SearchParameter/MII-SP-Consent-ProvisionCodeType                                       (00:00.014 / 00:42.172, 1Gb)
validate res: SearchParameter/MII-SP-Consent-ProvisionPeriod                                         (00:00.013 / 00:42.186, 1Gb)
validate res: SearchParameter/MII-SP-Consent-ProvisionType                                           (00:00.016 / 00:42.203, 1Gb)
validate res: ImplementationGuide/mii-ig-consent                                                     (00:00.015 / 00:42.219, 1Gb)
validate res: SearchParameter/MII-SP-Consent-PolicyUri                                               (00:12.306 / 00:54.526, 1Gb)
validate res: SearchParameter/MII-SP-Consent-ProvisionCode                                           (00:00.002 / 00:54.528, 1Gb)
validate res: SearchParameter/MII-SP-Consent-ProvisionCodePeriod                                     (00:00.000 / 00:54.528, 1Gb)
validate res: SearchParameter/MII-SP-Consent-ProvisionCodeType                                       (00:00.000 / 00:54.528, 1Gb)
validate res: SearchParameter/MII-SP-Consent-ProvisionPeriod                                         (00:00.000 / 00:54.529, 1Gb)
validate res: SearchParameter/MII-SP-Consent-ProvisionType                                           (00:00.000 / 00:54.529, 1Gb)
Check profiles & code systems                                                                        (00:00.000 / 00:54.529, 1Gb)
process CodeSystem: 2.16.840.1.113883.3.1937.777.24.5.2--20210423105554                              (00:00.000 / 00:54.529, 1Gb)
process CodeSystem: 2.16.840.1.113883.3.1937.777.24.5.3--20251211153003                              (00:00.000 / 00:54.530, 1Gb)
process CodeSystem: mii-cs-consent-version-modules                                                   (00:00.000 / 00:54.530, 1Gb)
process profile: 56375452-bfa1-4111-af7c-5b5ba9a1857c                                                (00:00.000 / 00:54.530, 1Gb)
process profile: e0e166b4-0f77-478d-9062-de0034d98ce0                                                (00:00.002 / 00:54.532, 1Gb)
process profile: f675b1e8-9f3f-44e8-bb59-9681f78eb464                                                (00:00.002 / 00:54.535, 1Gb)
Check realm rules                                                                                    (00:00.012 / 00:54.547, 1Gb)
Previous Version Comparison                                                                          (00:00.001 / 00:54.548, 1Gb)
.. loaded. Process                                                                                   (00:00.000 / 00:54.549, 1Gb)
  ...ImplementationGuide mii-ig-consent                                                              (00:00.000 / 00:54.549, 1Gb)
  ...CodeSystem 2.16.840.1.113883.3.1937.777.24.5.2--20210423105554                                  (00:00.000 / 00:54.550, 1Gb)
  ...CodeSystem 2.16.840.1.113883.3.1937.777.24.5.3--20251211153003                                  (00:00.000 / 00:54.550, 1Gb)
  ...CodeSystem mii-cs-consent-version-modules                                                       (00:00.000 / 00:54.550, 1Gb)
  ...SearchParameter MII-SP-Consent-PolicyUri                                                        (00:00.000 / 00:54.551, 1Gb)
  ...SearchParameter MII-SP-Consent-ProvisionCode                                                    (00:00.000 / 00:54.551, 1Gb)
  ...SearchParameter MII-SP-Consent-ProvisionCodePeriod                                              (00:00.000 / 00:54.551, 1Gb)
  ...SearchParameter MII-SP-Consent-ProvisionCodeType                                                (00:00.000 / 00:54.551, 1Gb)
  ...SearchParameter MII-SP-Consent-ProvisionPeriod                                                  (00:00.000 / 00:54.552, 1Gb)
  ...SearchParameter MII-SP-Consent-ProvisionType                                                    (00:00.000 / 00:54.552, 1Gb)
  ...StructureDefinition 56375452-bfa1-4111-af7c-5b5ba9a1857c                                        (00:00.000 / 00:54.552, 1Gb)
  ...StructureDefinition e0e166b4-0f77-478d-9062-de0034d98ce0                                        (00:00.000 / 00:54.552, 1Gb)
  ...StructureDefinition f675b1e8-9f3f-44e8-bb59-9681f78eb464                                        (00:00.000 / 00:54.553, 1Gb)
  ...ValueSet 2.16.840.1.113883.3.1937.777.24.11.30--20210323234509                                  (00:00.000 / 00:54.553, 1Gb)
  ...ValueSet 2.16.840.1.113883.3.1937.777.24.11.36--20230331232804                                  (00:00.000 / 00:54.553, 1Gb)
  ...ValueSet 88464c5b-5338-4c2b-9c07-b42fef2ada64                                                   (00:00.000 / 00:54.554, 1Gb)
finish previous version comparison                                                                   (00:00.000 / 00:54.554, 1Gb)
finish ipa version                                                                                   (00:00.000 / 00:54.554, 1Gb)
finish ips version                                                                                   (00:00.000 / 00:54.554, 1Gb)
comparisons done                                                                                     (00:00.000 / 00:54.554, 1Gb)
Validate Expressions                                                                                 (00:00.012 / 00:54.567, 1Gb)
scanForUsageStats                                                                                    (00:00.000 / 00:54.567, 1Gb)
Checking for Bundles to sign                                                                         (00:00.006 / 00:54.574, 1Gb)
Validating Resources                                                                                 (00:00.000 / 00:54.574, 1Gb)
 .. validate /work/fsh-generated/resources/ImplementationGuide-mii-ig-consent                        (00:00.000 / 00:54.575, 1Gb)
 .. /work/fsh-generated/resources/ImplementationGuide-mii-ig-consent                                 (00:00.000 / 00:54.575, 1Gb)
 .. validate /work/fsh-generated/resources/CodeSystem-2.16.840.1.113883.3.1937.777.24.5.2--20210423105554 (00:00.000 / 00:54.575, 1Gb)
 .. /work/fsh-generated/resources/CodeSystem-2.16.840.1.113883.3.1937.777.24.5.2--20210423105554     (00:00.000 / 00:54.575, 1Gb)
 .. validate /work/fsh-generated/resources/CodeSystem-2.16.840.1.113883.3.1937.777.24.5.3--20251211153003 (00:00.000 / 00:54.576, 1Gb)
 .. /work/fsh-generated/resources/CodeSystem-2.16.840.1.113883.3.1937.777.24.5.3--20251211153003     (00:00.000 / 00:54.576, 1Gb)
 .. validate /work/fsh-generated/resources/CodeSystem-mii-cs-consent-version-modules                 (00:00.000 / 00:54.576, 1Gb)
 .. /work/fsh-generated/resources/CodeSystem-mii-cs-consent-version-modules                          (00:00.000 / 00:54.576, 1Gb)
 .. validate /work/fsh-generated/resources/Consent-34150a23-b1c8-404f-874f-e042a30435d2              (00:00.000 / 00:54.577, 1Gb)
 .. /work/fsh-generated/resources/Consent-34150a23-b1c8-404f-874f-e042a30435d2                       (00:00.000 / 00:54.577, 1Gb)
     validating Consent/34150a23-b1c8-404f-874f-e042a30435d2                                         (00:00.000 / 00:54.577, 1Gb)
 .. validate /work/fsh-generated/resources/Consent-5143266b-8d60-4b28-8ee9-635140ffa5bb              (00:00.133 / 00:54.710, 418Mb)
 .. /work/fsh-generated/resources/Consent-5143266b-8d60-4b28-8ee9-635140ffa5bb                       (00:00.000 / 00:54.711, 418Mb)
     validating Consent/5143266b-8d60-4b28-8ee9-635140ffa5bb                                         (00:00.000 / 00:54.711, 418Mb)
 .. validate /work/fsh-generated/resources/Consent-Example-MII-Consent-ResultType-document           (00:00.096 / 00:54.808, 1Gb)
 .. /work/fsh-generated/resources/Consent-Example-MII-Consent-ResultType-document                    (00:00.000 / 00:54.808, 1Gb)
     validating Consent/Example-MII-Consent-ResultType-document                                      (00:00.000 / 00:54.808, 1Gb)
 .. validate /work/fsh-generated/resources/DocumentReference-8a3d1799-2463-405e-b49c-6a16c8692b01    (00:00.047 / 00:54.855, 1Gb)
 .. /work/fsh-generated/resources/DocumentReference-8a3d1799-2463-405e-b49c-6a16c8692b01             (00:00.000 / 00:54.856, 1Gb)
     validating DocumentReference/8a3d1799-2463-405e-b49c-6a16c8692b01                               (00:00.000 / 00:54.856, 1Gb)
 .. validate /work/fsh-generated/resources/Provenance-55219d12-6245-4de4-8b50-ddf6f16a789b           (00:00.005 / 00:54.861, 1Gb)
 .. /work/fsh-generated/resources/Provenance-55219d12-6245-4de4-8b50-ddf6f16a789b                    (00:00.000 / 00:54.862, 1Gb)
     validating Provenance/55219d12-6245-4de4-8b50-ddf6f16a789b                                      (00:00.000 / 00:54.862, 1Gb)
 .. validate /work/fsh-generated/resources/SearchParameter-MII-SP-Consent-PolicyUri                  (00:00.008 / 00:54.870, 1Gb)
 .. /work/fsh-generated/resources/SearchParameter-MII-SP-Consent-PolicyUri                           (00:00.000 / 00:54.870, 1Gb)
 .. validate /work/fsh-generated/resources/SearchParameter-MII-SP-Consent-ProvisionCode              (00:00.000 / 00:54.870, 1Gb)
 .. /work/fsh-generated/resources/SearchParameter-MII-SP-Consent-ProvisionCode                       (00:00.000 / 00:54.870, 1Gb)
 .. validate /work/fsh-generated/resources/SearchParameter-MII-SP-Consent-ProvisionCodePeriod        (00:00.000 / 00:54.871, 1Gb)
 .. /work/fsh-generated/resources/SearchParameter-MII-SP-Consent-ProvisionCodePeriod                 (00:00.000 / 00:54.871, 1Gb)
 .. validate /work/fsh-generated/resources/SearchParameter-MII-SP-Consent-ProvisionCodeType          (00:00.000 / 00:54.871, 1Gb)
 .. /work/fsh-generated/resources/SearchParameter-MII-SP-Consent-ProvisionCodeType                   (00:00.000 / 00:54.871, 1Gb)
 .. validate /work/fsh-generated/resources/SearchParameter-MII-SP-Consent-ProvisionPeriod            (00:00.000 / 00:54.871, 1Gb)
 .. /work/fsh-generated/resources/SearchParameter-MII-SP-Consent-ProvisionPeriod                     (00:00.000 / 00:54.871, 1Gb)
 .. validate /work/fsh-generated/resources/SearchParameter-MII-SP-Consent-ProvisionType              (00:00.000 / 00:54.871, 1Gb)
 .. /work/fsh-generated/resources/SearchParameter-MII-SP-Consent-ProvisionType                       (00:00.000 / 00:54.872, 1Gb)
 .. validate /work/fsh-generated/resources/StructureDefinition-56375452-bfa1-4111-af7c-5b5ba9a1857c  (00:00.000 / 00:54.872, 1Gb)
 .. /work/fsh-generated/resources/StructureDefinition-56375452-bfa1-4111-af7c-5b5ba9a1857c           (00:00.000 / 00:54.872, 1Gb)
 .. validate /work/fsh-generated/resources/StructureDefinition-e0e166b4-0f77-478d-9062-de0034d98ce0  (00:00.000 / 00:54.872, 1Gb)
 .. /work/fsh-generated/resources/StructureDefinition-e0e166b4-0f77-478d-9062-de0034d98ce0           (00:00.000 / 00:54.872, 1Gb)
 .. validate /work/fsh-generated/resources/StructureDefinition-f675b1e8-9f3f-44e8-bb59-9681f78eb464  (00:00.000 / 00:54.873, 1Gb)
 .. /work/fsh-generated/resources/StructureDefinition-f675b1e8-9f3f-44e8-bb59-9681f78eb464           (00:00.000 / 00:54.873, 1Gb)
 .. validate /work/fsh-generated/resources/ValueSet-2.16.840.1.113883.3.1937.777.24.11.30--20210323234509 (00:00.000 / 00:54.873, 1Gb)
 .. /work/fsh-generated/resources/ValueSet-2.16.840.1.113883.3.1937.777.24.11.30--20210323234509     (00:00.000 / 00:54.873, 1Gb)
 .. validate /work/fsh-generated/resources/ValueSet-2.16.840.1.113883.3.1937.777.24.11.36--20230331232804 (00:00.000 / 00:54.873, 1Gb)
 .. /work/fsh-generated/resources/ValueSet-2.16.840.1.113883.3.1937.777.24.11.36--20230331232804     (00:00.000 / 00:54.873, 1Gb)
 .. validate /work/fsh-generated/resources/ValueSet-88464c5b-5338-4c2b-9c07-b42fef2ada64             (00:00.000 / 00:54.873, 1Gb)
 .. /work/fsh-generated/resources/ValueSet-88464c5b-5338-4c2b-9c07-b42fef2ada64                      (00:00.000 / 00:54.874, 1Gb)
 .. validate /work/input/resources/Parameters-expansion-manifest                                     (00:00.000 / 00:54.874, 1Gb)
 .. /work/input/resources/Parameters-expansion-manifest                                              (00:00.000 / 00:54.874, 1Gb)
     validating Parameters/mii-param-consent-manifest                                                (00:00.000 / 00:54.874, 1Gb)
 .. validate /work/input/includes                                                                    (00:00.034 / 00:54.908, 555Mb)
 .. /work/input/includes                                                                             (00:00.000 / 00:54.908, 555Mb)
 .. validate /work/input/includes/menu                                                               (00:00.000 / 00:54.908, 555Mb)
 .. /work/input/includes/menu                                                                        (00:00.000 / 00:54.909, 555Mb)
 .. validate /work/fsh-generated/includes                                                            (00:00.000 / 00:54.909, 555Mb)
 .. /work/fsh-generated/includes                                                                     (00:00.000 / 00:54.909, 555Mb)
 .. validate /work/fsh-generated/includes/fsh-link-references                                        (00:00.000 / 00:54.909, 555Mb)
 .. /work/fsh-generated/includes/fsh-link-references                                                 (00:00.000 / 00:54.909, 555Mb)
 .. validate /work/input/intro-notes                                                                 (00:00.000 / 00:54.909, 555Mb)
 .. /work/input/intro-notes                                                                          (00:00.000 / 00:54.909, 555Mb)
 .. validate /work/input/pagecontent                                                                 (00:00.000 / 00:54.910, 555Mb)
 .. /work/input/pagecontent                                                                          (00:00.000 / 00:54.910, 555Mb)
 .. validate /work/input/pagecontent/logical-models                                                  (00:00.000 / 00:54.910, 555Mb)
 .. /work/input/pagecontent/logical-models                                                           (00:00.000 / 00:54.910, 555Mb)
 .. validate /work/input/pagecontent/profiles-and-extensions                                         (00:00.000 / 00:54.910, 555Mb)
 .. /work/input/pagecontent/profiles-and-extensions                                                  (00:00.000 / 00:54.910, 555Mb)
 .. validate /work/input/pagecontent/examples                                                        (00:00.000 / 00:54.910, 555Mb)
 .. /work/input/pagecontent/examples                                                                 (00:00.000 / 00:54.910, 555Mb)
 .. validate /work/input/pagecontent/conformance                                                     (00:00.000 / 00:54.910, 555Mb)
 .. /work/input/pagecontent/conformance                                                              (00:00.000 / 00:54.911, 555Mb)
 .. validate /work/input/pagecontent/uml-diagrams                                                    (00:00.000 / 00:54.911, 555Mb)
 .. /work/input/pagecontent/uml-diagrams                                                             (00:00.000 / 00:54.911, 555Mb)
 .. validate /work/input/pagecontent/guidance                                                        (00:00.000 / 00:54.911, 555Mb)
 .. /work/input/pagecontent/guidance                                                                 (00:00.000 / 00:54.911, 555Mb)
 .. validate /work/input/pagecontent/implementer-guidance                                            (00:00.000 / 00:54.911, 555Mb)
 .. /work/input/pagecontent/implementer-guidance                                                     (00:00.000 / 00:54.911, 555Mb)
 .. validate /work/input/pagecontent/security-and-privacy                                            (00:00.000 / 00:54.912, 555Mb)
 .. /work/input/pagecontent/security-and-privacy                                                     (00:00.000 / 00:54.912, 555Mb)
 .. validate /work/input/pagecontent/capability-statements                                           (00:00.000 / 00:54.912, 555Mb)
 .. /work/input/pagecontent/capability-statements                                                    (00:00.000 / 00:54.912, 555Mb)
 .. validate /work/input/pagecontent/missing-data                                                    (00:00.000 / 00:54.912, 555Mb)
 .. /work/input/pagecontent/missing-data                                                             (00:00.000 / 00:54.912, 555Mb)
 .. validate /work/input/pagecontent/terminology                                                     (00:00.000 / 00:54.912, 555Mb)
 .. /work/input/pagecontent/terminology                                                              (00:00.000 / 00:54.912, 555Mb)
 .. validate /work/input/pagecontent/metadata                                                        (00:00.000 / 00:54.913, 555Mb)
 .. /work/input/pagecontent/metadata                                                                 (00:00.000 / 00:54.913, 555Mb)
 .. validate /work/input/pagecontent/researcher-guidance                                             (00:00.000 / 00:54.913, 555Mb)
 .. /work/input/pagecontent/researcher-guidance                                                      (00:00.000 / 00:54.913, 555Mb)
 .. validate /work/input/pagecontent/datasets-and-descriptions                                       (00:00.000 / 00:54.913, 555Mb)
 .. /work/input/pagecontent/datasets-and-descriptions                                                (00:00.000 / 00:54.913, 555Mb)
 .. validate /work/input/pagecontent/must-support                                                    (00:00.000 / 00:54.913, 555Mb)
 .. /work/input/pagecontent/must-support                                                             (00:00.000 / 00:54.913, 555Mb)
 .. validate /work/input/pagecontent/index                                                           (00:00.000 / 00:54.914, 555Mb)
 .. /work/input/pagecontent/index                                                                    (00:00.000 / 00:54.914, 555Mb)
 .. validate /work/input/pagecontent/version-history                                                 (00:00.000 / 00:54.914, 555Mb)
 .. /work/input/pagecontent/version-history                                                          (00:00.000 / 00:54.914, 555Mb)
 .. validate /work/input/pagecontent/search-parameters-and-operations                                (00:00.000 / 00:54.914, 555Mb)
 .. /work/input/pagecontent/search-parameters-and-operations                                         (00:00.000 / 00:54.914, 555Mb)
 .. validate /work/input/pagecontent/translationinfo                                                 (00:00.000 / 00:54.914, 555Mb)
 .. /work/input/pagecontent/translationinfo                                                          (00:00.000 / 00:54.914, 555Mb)
 .. validate /work/input/pagecontent/changes                                                         (00:00.000 / 00:54.915, 555Mb)
 .. /work/input/pagecontent/changes                                                                  (00:00.000 / 00:54.915, 555Mb)
 .. validate /work/input/pagecontent/downloads                                                       (00:00.000 / 00:54.915, 555Mb)
 .. /work/input/pagecontent/downloads                                                                (00:00.000 / 00:54.915, 555Mb)
 .. validate /work/input/pagecontent/general-requirements                                            (00:00.000 / 00:54.915, 556Mb)
 .. /work/input/pagecontent/general-requirements                                                     (00:00.000 / 00:54.915, 556Mb)
 .. validate /work/input/intro-notes                                                                 (00:00.000 / 00:54.915, 556Mb)
 .. /work/input/intro-notes                                                                          (00:00.000 / 00:54.915, 556Mb)
 .. validate /work/template/config                                                                   (00:00.000 / 00:54.915, 556Mb)
 .. /work/template/config                                                                            (00:00.000 / 00:54.915, 556Mb)
 .. validate /work/template/config/_config                                                           (00:00.000 / 00:54.915, 556Mb)
 .. /work/template/config/_config                                                                    (00:00.000 / 00:54.915, 556Mb)
 .. validate /work/input/images                                                                      (00:00.000 / 00:54.915, 556Mb)
 .. /work/input/images                                                                               (00:00.000 / 00:54.916, 556Mb)
 .. check Profile Examples                                                                           (00:00.000 / 00:54.916, 556Mb)
gen narratives                                                                                       (00:00.000 / 00:54.916, 556Mb)
Processing Provenance Records                                                                        (00:00.000 / 00:54.916, 556Mb)
Generating Translation artifacts                                                                     (00:00.000 / 00:54.916, 556Mb)
Generating Outputs in /work/output                                                                   (00:00.110 / 00:55.027, 576Mb)
Warning @ Git URL is not a valid URl. Source: git remote origin url
Generate Native Outputs                                                                              (00:01.180 / 00:56.207, 611Mb)
Produce resources for ImplementationGuide/mii-ig-consent                                             (00:00.000 / 00:56.207, 611Mb)
Produce resources for CodeSystem/2.16.840.1.113883.3.1937.777.24.5.2--20210423105554                 (00:01.286 / 00:57.494, 645Mb)
Produce resources for CodeSystem/2.16.840.1.113883.3.1937.777.24.5.3--20251211153003                 (00:00.187 / 00:57.681, 647Mb)
Produce resources for CodeSystem/mii-cs-consent-version-modules                                      (00:02.566 / 01:00.247, 674Mb)
Produce resources for Consent/34150a23-b1c8-404f-874f-e042a30435d2                                   (00:00.808 / 01:01.056, 684Mb)
Produce resources for Consent/5143266b-8d60-4b28-8ee9-635140ffa5bb                                   (00:00.872 / 01:01.929, 692Mb)
Produce resources for Consent/Example-MII-Consent-ResultType-document                                (00:02.808 / 01:04.737, 715Mb)
Produce resources for DocumentReference/8a3d1799-2463-405e-b49c-6a16c8692b01                         (00:00.701 / 01:05.438, 721Mb)
Produce resources for Provenance/55219d12-6245-4de4-8b50-ddf6f16a789b                                (00:00.090 / 01:05.528, 722Mb)
Produce resources for SearchParameter/MII-SP-Consent-PolicyUri                                       (00:00.097 / 01:05.626, 723Mb)
Produce resources for SearchParameter/MII-SP-Consent-ProvisionCode                                   (00:00.082 / 01:05.708, 724Mb)
Produce resources for SearchParameter/MII-SP-Consent-ProvisionCodePeriod                             (00:00.078 / 01:05.787, 725Mb)
Produce resources for SearchParameter/MII-SP-Consent-ProvisionCodeType                               (00:00.111 / 01:05.899, 727Mb)
Produce resources for SearchParameter/MII-SP-Consent-ProvisionPeriod                                 (00:00.114 / 01:06.014, 728Mb)
Produce resources for SearchParameter/MII-SP-Consent-ProvisionType                                   (00:00.084 / 01:06.098, 729Mb)
Produce resources for StructureDefinition/56375452-bfa1-4111-af7c-5b5ba9a1857c                       (00:00.077 / 01:06.176, 730Mb)
Produce resources for StructureDefinition/e0e166b4-0f77-478d-9062-de0034d98ce0                       (00:02.815 / 01:08.992, 766Mb)
Produce resources for StructureDefinition/f675b1e8-9f3f-44e8-bb59-9681f78eb464                       (00:12.508 / 01:21.501, 899Mb)
Produce resources for ValueSet/2.16.840.1.113883.3.1937.777.24.11.30--20210323234509                 (00:02.915 / 01:24.417, 935Mb)
Produce resources for ValueSet/2.16.840.1.113883.3.1937.777.24.11.36--20230331232804                 (00:00.221 / 01:24.638, 938Mb)
Produce resources for ValueSet/88464c5b-5338-4c2b-9c07-b42fef2ada64                                  (00:00.159 / 01:24.797, 940Mb)
Produce resources for Parameters/mii-param-consent-manifest                                          (00:00.151 / 01:24.948, 941Mb)
Run Template                                                                                         (00:01.952 / 01:26.901, 1Gb)
Template Done                                                                                        (00:05.502 / 01:32.403, 1Gb)
Generate HTML Outputs                                                                                (00:00.109 / 01:32.512, 1Gb)
Produce outputs for ImplementationGuide/mii-ig-consent                                               (00:00.002 / 01:32.514, 1Gb)
Produce outputs for ImplementationGuide/mii-ig-consent                                               (00:00.100 / 01:32.615, 1Gb)
Produce outputs for ImplementationGuide/mii-ig-consent                                               (00:00.068 / 01:32.684, 1Gb)
Produce outputs for CodeSystem/2.16.840.1.113883.3.1937.777.24.5.2--20210423105554                   (00:00.064 / 01:32.748, 1Gb)
Produce outputs for CodeSystem/2.16.840.1.113883.3.1937.777.24.5.2--20210423105554                   (00:00.085 / 01:32.834, 1Gb)
Produce outputs for CodeSystem/2.16.840.1.113883.3.1937.777.24.5.2--20210423105554                   (00:00.047 / 01:32.881, 1Gb)
Produce outputs for CodeSystem/2.16.840.1.113883.3.1937.777.24.5.3--20251211153003                   (00:00.039 / 01:32.920, 1Gb)
Produce outputs for CodeSystem/2.16.840.1.113883.3.1937.777.24.5.3--20251211153003                   (00:00.166 / 01:33.086, 1Gb)
Produce outputs for CodeSystem/2.16.840.1.113883.3.1937.777.24.5.3--20251211153003                   (00:00.173 / 01:33.260, 1Gb)
Produce outputs for CodeSystem/mii-cs-consent-version-modules                                        (00:00.076 / 01:33.336, 1Gb)
Produce outputs for CodeSystem/mii-cs-consent-version-modules                                        (00:00.084 / 01:33.421, 1Gb)
Produce outputs for CodeSystem/mii-cs-consent-version-modules                                        (00:00.052 / 01:33.473, 1Gb)
Produce outputs for Consent/34150a23-b1c8-404f-874f-e042a30435d2                                     (00:00.059 / 01:33.532, 1Gb)
Produce outputs for Consent/34150a23-b1c8-404f-874f-e042a30435d2                                     (00:00.040 / 01:33.573, 1Gb)
Produce outputs for Consent/34150a23-b1c8-404f-874f-e042a30435d2                                     (00:00.025 / 01:33.598, 1Gb)
Produce outputs for Consent/5143266b-8d60-4b28-8ee9-635140ffa5bb                                     (00:00.029 / 01:33.628, 1Gb)
Produce outputs for Consent/5143266b-8d60-4b28-8ee9-635140ffa5bb                                     (00:00.056 / 01:33.684, 1Gb)
Produce outputs for Consent/5143266b-8d60-4b28-8ee9-635140ffa5bb                                     (00:00.030 / 01:33.715, 1Gb)
Produce outputs for Consent/Example-MII-Consent-ResultType-document                                  (00:00.026 / 01:33.741, 1Gb)
Produce outputs for Consent/Example-MII-Consent-ResultType-document                                  (00:00.021 / 01:33.763, 1Gb)
Produce outputs for Consent/Example-MII-Consent-ResultType-document                                  (00:00.022 / 01:33.786, 1Gb)
Produce outputs for DocumentReference/8a3d1799-2463-405e-b49c-6a16c8692b01                           (00:00.017 / 01:33.804, 1Gb)
Produce outputs for DocumentReference/8a3d1799-2463-405e-b49c-6a16c8692b01                           (00:00.018 / 01:33.822, 1Gb)
Produce outputs for DocumentReference/8a3d1799-2463-405e-b49c-6a16c8692b01                           (00:00.011 / 01:33.834, 1Gb)
Produce outputs for Provenance/55219d12-6245-4de4-8b50-ddf6f16a789b                                  (00:00.021 / 01:33.855, 1Gb)
Produce outputs for Provenance/55219d12-6245-4de4-8b50-ddf6f16a789b                                  (00:00.041 / 01:33.896, 1Gb)
Produce outputs for Provenance/55219d12-6245-4de4-8b50-ddf6f16a789b                                  (00:00.018 / 01:33.915, 1Gb)
Produce outputs for SearchParameter/MII-SP-Consent-PolicyUri                                         (00:00.015 / 01:33.930, 1Gb)
Produce outputs for SearchParameter/MII-SP-Consent-PolicyUri                                         (00:00.026 / 01:33.957, 1Gb)
Produce outputs for SearchParameter/MII-SP-Consent-PolicyUri                                         (00:00.012 / 01:33.970, 1Gb)
Produce outputs for SearchParameter/MII-SP-Consent-ProvisionCode                                     (00:00.019 / 01:33.990, 1Gb)
Produce outputs for SearchParameter/MII-SP-Consent-ProvisionCode                                     (00:00.020 / 01:34.010, 1Gb)
Produce outputs for SearchParameter/MII-SP-Consent-ProvisionCode                                     (00:00.012 / 01:34.023, 1Gb)
Produce outputs for SearchParameter/MII-SP-Consent-ProvisionCodePeriod                               (00:00.035 / 01:34.059, 1Gb)
Produce outputs for SearchParameter/MII-SP-Consent-ProvisionCodePeriod                               (00:00.012 / 01:34.071, 1Gb)
Produce outputs for SearchParameter/MII-SP-Consent-ProvisionCodePeriod                               (00:00.012 / 01:34.084, 1Gb)
Produce outputs for SearchParameter/MII-SP-Consent-ProvisionCodeType                                 (00:00.013 / 01:34.098, 1Gb)
Produce outputs for SearchParameter/MII-SP-Consent-ProvisionCodeType                                 (00:00.014 / 01:34.113, 1Gb)
Produce outputs for SearchParameter/MII-SP-Consent-ProvisionCodeType                                 (00:00.025 / 01:34.138, 1Gb)
Produce outputs for SearchParameter/MII-SP-Consent-ProvisionPeriod                                   (00:00.017 / 01:34.155, 1Gb)
Produce outputs for SearchParameter/MII-SP-Consent-ProvisionPeriod                                   (00:00.013 / 01:34.169, 1Gb)
Produce outputs for SearchParameter/MII-SP-Consent-ProvisionPeriod                                   (00:00.012 / 01:34.182, 1Gb)
Produce outputs for SearchParameter/MII-SP-Consent-ProvisionType                                     (00:00.028 / 01:34.210, 1Gb)
Produce outputs for SearchParameter/MII-SP-Consent-ProvisionType                                     (00:00.016 / 01:34.226, 1Gb)
Produce outputs for SearchParameter/MII-SP-Consent-ProvisionType                                     (00:00.013 / 01:34.239, 1Gb)
Produce outputs for StructureDefinition/56375452-bfa1-4111-af7c-5b5ba9a1857c                         (00:00.029 / 01:34.268, 1Gb)
Produce outputs for StructureDefinition/56375452-bfa1-4111-af7c-5b5ba9a1857c                         (00:01.395 / 01:35.664, 1Gb)
Produce outputs for StructureDefinition/56375452-bfa1-4111-af7c-5b5ba9a1857c                         (00:00.412 / 01:36.076, 1Gb)
Produce outputs for StructureDefinition/e0e166b4-0f77-478d-9062-de0034d98ce0                         (00:00.383 / 01:36.459, 2Gb)
Produce outputs for StructureDefinition/e0e166b4-0f77-478d-9062-de0034d98ce0                         (00:01.344 / 01:37.804, 922Mb)
Produce outputs for StructureDefinition/e0e166b4-0f77-478d-9062-de0034d98ce0                         (00:00.761 / 01:38.565, 1Gb)
Produce outputs for StructureDefinition/f675b1e8-9f3f-44e8-bb59-9681f78eb464                         (00:00.863 / 01:39.429, 1Gb)
Produce outputs for StructureDefinition/f675b1e8-9f3f-44e8-bb59-9681f78eb464                         (00:00.416 / 01:39.845, 1Gb)
Produce outputs for StructureDefinition/f675b1e8-9f3f-44e8-bb59-9681f78eb464                         (00:00.255 / 01:40.101, 2Gb)
Produce outputs for ValueSet/2.16.840.1.113883.3.1937.777.24.11.30--20210323234509                   (00:00.237 / 01:40.339, 2Gb)
Produce outputs for ValueSet/2.16.840.1.113883.3.1937.777.24.11.30--20210323234509                   (00:00.081 / 01:40.420, 2Gb)
Produce outputs for ValueSet/2.16.840.1.113883.3.1937.777.24.11.30--20210323234509                   (00:00.066 / 01:40.486, 2Gb)
Produce outputs for ValueSet/2.16.840.1.113883.3.1937.777.24.11.36--20230331232804                   (00:00.047 / 01:40.534, 2Gb)
Produce outputs for ValueSet/2.16.840.1.113883.3.1937.777.24.11.36--20230331232804                   (00:00.223 / 01:40.757, 450Mb)
Produce outputs for ValueSet/2.16.840.1.113883.3.1937.777.24.11.36--20230331232804                   (00:00.097 / 01:40.854, 472Mb)
Produce outputs for ValueSet/88464c5b-5338-4c2b-9c07-b42fef2ada64                                    (00:00.125 / 01:40.980, 492Mb)
Produce outputs for ValueSet/88464c5b-5338-4c2b-9c07-b42fef2ada64                                    (00:00.036 / 01:41.017, 496Mb)
Produce outputs for ValueSet/88464c5b-5338-4c2b-9c07-b42fef2ada64                                    (00:00.039 / 01:41.056, 500Mb)
Produce outputs for Parameters/mii-param-consent-manifest                                            (00:00.045 / 01:41.102, 506Mb)
Produce outputs for Parameters/mii-param-consent-manifest                                            (00:00.012 / 01:41.114, 508Mb)
Produce outputs for Parameters/mii-param-consent-manifest                                            (00:00.015 / 01:41.130, 510Mb)
Generate Spreadsheets                                                                                (00:00.076 / 01:41.207, 516Mb)
Generate Summaries                                                                                   (00:01.176 / 01:42.383, 875Mb)
Generating Summary Outputs (en)                                                                      (00:00.000 / 01:42.384, 875Mb)
Generating Summary Outputs (de)                                                                      (00:09.477 / 01:51.862, 965Mb)
DB Cumulative Time invested: 00:00:00.136
Sending Usage Stats to Server                                                                        (00:06.521 / 01:58.383, 1Gb)
## Memory (MB): Use = 1034, Free = 433, Total = 1468, Max = 6144                                     (00:00.002 / 01:58.385, 1Gb)
Reclaiming memory...                                                                                 (00:00.000 / 01:58.386, 1Gb)
Generating combined package                                                                          (00:00.003 / 01:58.389, 1Gb)
Error generating combined package: /work/output/package.tgz (No such file or directory)              (00:00.002 / 01:58.392, 1Gb)
## Memory (MB): Use = 364, Free = 931, Total = 1296, Max = 6144                                      (00:00.136 / 01:58.528, 366Mb)
Run jekyll: jekyll build --destination "/work/output" (in folder /work/temp/pages)                   (00:00.001 / 01:58.530, 366Mb)
Troubleshooting Note: usual cases for Jekyll to fail are:                                            (00:00.000 / 01:58.530, 366Mb)
* A failure to produce a fragment that is already logged in the output above                         (00:00.000 / 01:58.530, 366Mb)
* A reference to a manually edited file that hasn't been provided                                    (00:00.000 / 01:58.531, 366Mb)
Jekyll: Source: /work/temp/pages                                                                     (00:00.377 / 01:58.908, 373Mb)
Jekyll: Generating...                                                                                (00:00.000 / 01:58.908, 373Mb)
Jekyll: done in 4.465 seconds.                                                                       (00:04.465 / 02:03.374, 375Mb)
[39m
[0;39m[39mInstalling de.medizininformatikinitiative.kerndatensatz.consent#dev
[0;39m[39m done.
[0;39m[39m loaded @ /root/.fhir/packages/de.medizininformatikinitiative.kerndatensatz.consent#dev
[0;39mChecking Output HTML                                                                                 (00:01.314 / 02:04.688, 740Mb)
AI format for /work/output/en - % reduction = 98
AI format for /work/output/de - % reduction = 98
CheckHTML: List files                                                                                (00:01.013 / 02:05.701, 990Mb)
found 2314 files                                                                                     (00:00.172 / 02:05.874, 992Mb)
Loading Files                                                                                        (00:00.000 / 02:05.874, 992Mb)
Load /work/output/tbl_bck01111.png                                                                   (00:00.000 / 02:05.874, 992Mb)
Load /work/output/StructureDefinition-f675b1e8-9f3f-44e8-bb59-9681f78eb464.xlsx                      (00:00.002 / 02:05.876, 992Mb)
Load /work/output/Consent-5143266b-8d60-4b28-8ee9-635140ffa5bb.json                                  (00:00.000 / 02:05.877, 992Mb)
Load /work/output/icon_page_n_i.gif                                                                  (00:00.000 / 02:05.877, 992Mb)
Load /work/output/researcher-guidance.html                                                           (00:00.000 / 02:05.877, 992Mb)
Load /work/output/tbl_bck0111.png                                                                    (00:00.001 / 02:05.879, 992Mb)
Load /work/output/SearchParameter-MII-SP-Consent-ProvisionType.json.html                             (00:00.000 / 02:05.879, 992Mb)
Load /work/output/tbl_bck11100.png                                                                   (00:00.001 / 02:05.880, 992Mb)
Load /work/output/tbl_bck03510.png                                                                   (00:00.000 / 02:05.881, 992Mb)
Load /work/output/ValueSet-2.16.840.1.113883.3.1937.777.24.11.36--20230331232804.xml.html            (00:00.000 / 02:05.881, 992Mb)
Load /work/output/tbl_bck1025.png                                                                    (00:00.003 / 02:05.884, 992Mb)
Load /work/output/icon-administration.png                                                            (00:00.000 / 02:05.884, 992Mb)
Load /work/output/tbl_bck150.png                                                                     (00:00.000 / 02:05.885, 992Mb)
Load /work/output/tbl_bck144.png                                                                     (00:00.000 / 02:05.885, 992Mb)
Load /work/output/llms.txt                                                                           (00:00.000 / 02:05.885, 992Mb)
Load /work/output/translationinfo.html                                                               (00:00.000 / 02:05.885, 992Mb)
Load /work/output/tbl_bck0000111101.png                                                              (00:00.016 / 02:05.902, 992Mb)
Load /work/output/searchform.html                                                                    (00:00.000 / 02:05.902, 992Mb)
Load /work/output/SearchParameter-MII-SP-Consent-ProvisionCodePeriod.change.history.html             (00:00.002 / 02:05.904, 994Mb)
Load /work/output/tbl_bck1001010.png                                                                 (00:00.000 / 02:05.905, 994Mb)
Load /work/output/tbl_bck0515.png                                                                    (00:00.000 / 02:05.905, 994Mb)
Load /work/output/icon-fhir-16-grey.png                                                              (00:00.000 / 02:05.906, 994Mb)
Load /work/output/CodeSystem-2.16.840.1.113883.3.1937.777.24.5.3--20251211153003.xlsx                (00:00.000 / 02:05.906, 994Mb)
Load /work/output/tbl_bck1011001.png                                                                 (00:00.000 / 02:05.906, 994Mb)
Load /work/output/tbl_bck1111000.png                                                                 (00:00.000 / 02:05.906, 994Mb)
Load /work/output/CodeSystem-2.16.840.1.113883.3.1937.777.24.5.3--20251211153003.html                (00:00.000 / 02:05.907, 994Mb)
Load /work/output/tbl_bck1011000.png                                                                 (00:00.000 / 02:05.908, 994Mb)
Load /work/output/tbl_bck1352.png                                                                    (00:00.000 / 02:05.908, 994Mb)
Load /work/output/StructureDefinition-e0e166b4-0f77-478d-9062-de0034d98ce0-testing.html              (00:00.000 / 02:05.908, 994Mb)
Load /work/output/ValueSet-2.16.840.1.113883.3.1937.777.24.11.30--20210323234509-testing.html        (00:00.000 / 02:05.909, 994Mb)
Load /work/output/icon-qi-help.png                                                                   (00:00.000 / 02:05.909, 994Mb)
Load /work/output/icon_profile.png                                                                   (00:00.000 / 02:05.909, 994Mb)
Load /work/output/tbl_bck025.png                                                                     (00:00.000 / 02:05.910, 994Mb)
Load /work/output/tbl_bck0500.png                                                                    (00:00.000 / 02:05.910, 994Mb)
Load /work/output/tbl_bck1150.png                                                                    (00:00.000 / 02:05.910, 994Mb)
Load /work/output/StructureDefinition-e0e166b4-0f77-478d-9062-de0034d98ce0-mappings.html             (00:00.000 / 02:05.910, 994Mb)
Load /work/output/tbl_bck0000111100.png                                                              (00:00.000 / 02:05.911, 994Mb)
Load /work/output/SearchParameter-MII-SP-Consent-ProvisionCode.json                                  (00:00.000 / 02:05.911, 994Mb)
Load /work/output/tbl_bck151.png                                                                     (00:00.000 / 02:05.911, 994Mb)
Load /work/output/icon_page_n.gif                                                                    (00:00.000 / 02:05.912, 994Mb)
Load /work/output/icon-fhir-16.png                                                                   (00:00.000 / 02:05.912, 994Mb)
Load /work/output/tbl_bck1024.png                                                                    (00:00.000 / 02:05.912, 994Mb)
Load /work/output/tbl_bck125241.png                                                                  (00:00.000 / 02:05.912, 994Mb)
Load /work/output/external.png                                                                       (00:00.001 / 02:05.913, 994Mb)
Load /work/output/definitions.json.zip                                                               (00:00.000 / 02:05.914, 994Mb)
Load /work/output/tbl_bck11101.png                                                                   (00:00.000 / 02:05.914, 994Mb)
Load /work/output/SearchParameter-MII-SP-Consent-ProvisionPeriod.xml                                 (00:00.000 / 02:05.915, 994Mb)
Load /work/output/tbl_bck0110.png                                                                    (00:00.000 / 02:05.915, 994Mb)
Load /work/output/de.medizininformatikinitiative.kerndatensatz.consent.en.manifest.json              (00:00.000 / 02:05.916, 994Mb)
Load /work/output/tbl_bck1540.png                                                                    (00:00.000 / 02:05.916, 994Mb)
Load /work/output/artifacts.html                                                                     (00:00.000 / 02:05.916, 994Mb)
Load /work/output/tbl_bck13500.png                                                                   (00:00.001 / 02:05.917, 994Mb)
Load /work/output/StructureDefinition-f675b1e8-9f3f-44e8-bb59-9681f78eb464.html                      (00:00.000 / 02:05.918, 994Mb)
Load /work/output/tbl_bck01110.png                                                                   (00:00.001 / 02:05.919, 994Mb)
Load /work/output/tbl_bck0350250.png                                                                 (00:00.000 / 02:05.919, 994Mb)
Load /work/output/tbl_bck0250250.png                                                                 (00:00.000 / 02:05.919, 994Mb)
Load /work/output/CodeSystem-2.16.840.1.113883.3.1937.777.24.5.2--20210423105554.json.html           (00:00.000 / 02:05.920, 994Mb)
Load /work/output/icon_reference.png                                                                 (00:00.003 / 02:05.923, 996Mb)
.Load /work/output/tbl_bck0112.png                                                                    (00:00.000 / 02:05.923, 996Mb)
Load /work/output/tbl_bck03513.png                                                                   (00:00.000 / 02:05.923, 996Mb)
Load /work/output/CodeSystem-mii-cs-consent-version-modules.xlsx                                     (00:00.000 / 02:05.923, 996Mb)
Load /work/output/tbl_bck100000.png                                                                  (00:00.000 / 02:05.923, 996Mb)
Load /work/output/tbl_bck000000.png                                                                  (00:00.000 / 02:05.924, 996Mb)
Load /work/output/ImplementationGuide-mii-ig-consent.json                                            (00:00.000 / 02:05.924, 996Mb)
Load /work/output/tbl_bck000011110000.png                                                            (00:00.000 / 02:05.924, 996Mb)
Load /work/output/tbl_vjoin-closed.png                                                               (00:00.000 / 02:05.924, 996Mb)
Load /work/output/CodeSystem-mii-cs-consent-version-modules-testing.html                             (00:00.000 / 02:05.925, 996Mb)
Load /work/output/tbl_bck1152.png                                                                    (00:00.000 / 02:05.925, 996Mb)
Load /work/output/tbl_bck0111101.png                                                                 (00:00.000 / 02:05.925, 996Mb)
Load /work/output/SearchParameter-MII-SP-Consent-ProvisionCode.xml                                   (00:00.000 / 02:05.926, 996Mb)
Load /work/output/tbl_bck033.png                                                                     (00:00.000 / 02:05.926, 996Mb)
Load /work/output/Consent-34150a23-b1c8-404f-874f-e042a30435d2.change.history.html                   (00:00.000 / 02:05.926, 996Mb)
Load /work/output/Consent-Example-MII-Consent-ResultType-document.change.history.html                (00:00.000 / 02:05.927, 996Mb)
Load /work/output/prism.js                                                                           (00:00.000 / 02:05.928, 996Mb)
Load /work/output/tbl_bck1350.png                                                                    (00:00.000 / 02:05.928, 996Mb)
Load /work/output/tbl_bck00001111110.png                                                             (00:00.000 / 02:05.928, 996Mb)
Load /work/output/tbl_bck00001111111.png                                                             (00:00.000 / 02:05.929, 996Mb)
Load /work/output/tbl_bck1351.png                                                                    (00:00.000 / 02:05.929, 996Mb)
Load /work/output/mustsupport.png                                                                    (00:00.000 / 02:05.929, 996Mb)
Load /work/output/icon_vd_col.png                                                                    (00:00.000 / 02:05.929, 996Mb)
Load /work/output/tbl_bck0111100.png                                                                 (00:00.000 / 02:05.930, 996Mb)
Load /work/output/tbl_bck035125.png                                                                  (00:00.000 / 02:05.930, 996Mb)
Load /work/output/StructureDefinition-f675b1e8-9f3f-44e8-bb59-9681f78eb464-testing.html              (00:00.000 / 02:05.930, 996Mb)
Load /work/output/tbl_bck03300.png                                                                   (00:00.000 / 02:05.931, 996Mb)
Load /work/output/tbl_bck152.png                                                                     (00:00.000 / 02:05.931, 996Mb)
Load /work/output/CodeSystem-mii-cs-consent-version-modules.html                                     (00:00.000 / 02:05.931, 996Mb)
Load /work/output/SearchParameter-MII-SP-Consent-ProvisionType.xml.html                              (00:00.001 / 02:05.933, 996Mb)
Load /work/output/tbl_bck000001.png                                                                  (00:00.000 / 02:05.934, 996Mb)
Load /work/output/tbl_bck03512.png                                                                   (00:00.000 / 02:05.934, 996Mb)
Load /work/output/icon_vd_select.png                                                                 (00:00.000 / 02:05.934, 996Mb)
Load /work/output/tbl_bck1543.png                                                                    (00:00.000 / 02:05.934, 996Mb)
Load /work/output/usage-stats.json                                                                   (00:00.000 / 02:05.934, 996Mb)
Load /work/output/SearchParameter-MII-SP-Consent-ProvisionType.html                                  (00:00.000 / 02:05.935, 996Mb)
Load /work/output/guidance.html                                                                      (00:00.000 / 02:05.935, 996Mb)
Load /work/output/tbl_bck110010.png                                                                  (00:00.000 / 02:05.936, 996Mb)
Load /work/output/icon-toc.png                                                                       (00:00.000 / 02:05.936, 996Mb)
Load /work/output/tbl_bck110000.png                                                                  (00:00.000 / 02:05.936, 996Mb)
Load /work/output/DocumentReference-8a3d1799-2463-405e-b49c-6a16c8692b01.json                        (00:00.000 / 02:05.936, 996Mb)
Load /work/output/CodeSystem-2.16.840.1.113883.3.1937.777.24.5.3--20251211153003.xml.html            (00:00.000 / 02:05.937, 996Mb)
Load /work/output/icon_page_n_o.gif                                                                  (00:00.000 / 02:05.937, 998Mb)
Load /work/output/must-support.html                                                                  (00:00.000 / 02:05.937, 998Mb)
Load /work/output/tbl_bck000011.png                                                                  (00:00.000 / 02:05.938, 998Mb)
Load /work/output/implementer-guidance.html                                                          (00:00.000 / 02:05.938, 998Mb)
Load /work/output/tbl_bck125252.png                                                                  (00:00.000 / 02:05.939, 998Mb)
Load /work/output/ValueSet-2.16.840.1.113883.3.1937.777.24.11.30--20210323234509.json                (00:00.000 / 02:05.940, 998Mb)
Load /work/output/icon-fhir-128.png                                                                  (00:00.000 / 02:05.940, 998Mb)
Load /work/output/tbl_bck03310.png                                                                   (00:00.000 / 02:05.940, 998Mb)
Load /work/output/index.html                                                                         (00:00.000 / 02:05.941, 998Mb)
Load /work/output/tbl_bck0111110.png                                                                 (00:00.000 / 02:05.941, 998Mb)
Load /work/output/tbl_vjoin.png                                                                      (00:00.000 / 02:05.942, 998Mb)
Load /work/output/Consent-Example-MII-Consent-ResultType-document.json.html                          (00:00.000 / 02:05.942, 998Mb)
Load /work/output/tbl_bck00001111101.png                                                             (00:00.001 / 02:05.943, 998Mb)
Load /work/output/StructureDefinition-56375452-bfa1-4111-af7c-5b5ba9a1857c.xlsx                      (00:00.000 / 02:05.944, 998Mb)
Load /work/output/tbl_vjoin_end_slice.png                                                            (00:00.001 / 02:05.945, 998Mb)
Load /work/output/tbl_bck1341.png                                                                    (00:00.000 / 02:05.945, 998Mb)
.Load /work/output/tbl_bck1340.png                                                                    (00:00.000 / 02:05.945, 998Mb)
Load /work/output/StructureDefinition-56375452-bfa1-4111-af7c-5b5ba9a1857c.html                      (00:00.000 / 02:05.945, 998Mb)
Load /work/output/tbl_bck025125.png                                                                  (00:00.000 / 02:05.946, 998Mb)
Load /work/output/icon-q-text.png                                                                    (00:00.000 / 02:05.946, 998Mb)
Load /work/output/tbl_bck00001111100.png                                                             (00:00.000 / 02:05.947, 998Mb)
Load /work/output/SearchParameter-MII-SP-Consent-ProvisionType.xml                                   (00:00.008 / 02:05.955, 998Mb)
Load /work/output/icon-q-display.png                                                                 (00:00.000 / 02:05.956, 998Mb)
Load /work/output/icon-fhir-1024.png                                                                 (00:00.000 / 02:05.956, 998Mb)
Load /work/output/package.tgz                                                                        (00:00.000 / 02:05.957, 998Mb)
Load /work/output/tbl_bck0512.png                                                                    (00:00.000 / 02:05.957, 998Mb)
Load /work/output/tbl_bck000011110010.png                                                            (00:00.000 / 02:05.957, 998Mb)
Load /work/output/conformance.html                                                                   (00:00.000 / 02:05.958, 998Mb)
Load /work/output/tbl_bck143.png                                                                     (00:00.001 / 02:05.959, 998Mb)
Load /work/output/tbl_bck03503.png                                                                   (00:00.000 / 02:05.960, 998Mb)
Load /work/output/StructureDefinition-56375452-bfa1-4111-af7c-5b5ba9a1857c-definitions.html          (00:00.000 / 02:05.960, 998Mb)
Load /work/output/tbl_bck100010.png                                                                  (00:00.000 / 02:05.961, 998Mb)
Load /work/output/tbl_bck000010.png                                                                  (00:00.000 / 02:05.961, 998Mb)
Load /work/output/tbl_bck1552.png                                                                    (00:00.000 / 02:05.961, 998Mb)
Load /work/output/SearchParameter-MII-SP-Consent-ProvisionPeriod.change.history.html                 (00:00.000 / 02:05.961, 998Mb)
Load /work/output/icon_element.gif                                                                   (00:00.000 / 02:05.962, 998Mb)
Load /work/output/SearchParameter-MII-SP-Consent-ProvisionType.change.history.html                   (00:00.000 / 02:05.962, 998Mb)
Load /work/output/tbl_bck0350240.png                                                                 (00:00.000 / 02:05.963, 998Mb)
Load /work/output/tbl_bck13512.png                                                                   (00:00.000 / 02:05.963, 998Mb)
Load /work/output/tbl_bck0250240.png                                                                 (00:00.000 / 02:05.963, 998Mb)
Load /work/output/tbl_bck13510.png                                                                   (00:00.000 / 02:05.963, 998Mb)
Load /work/output/SearchParameter-MII-SP-Consent-ProvisionCode-testing.html                          (00:00.000 / 02:05.964, 1000Mb)
Load /work/output/tbl_bck01100.png                                                                   (00:00.000 / 02:05.964, 1000Mb)
Load /work/output/StructureDefinition-e0e166b4-0f77-478d-9062-de0034d98ce0-examples.html             (00:00.000 / 02:05.964, 1000Mb)
Load /work/output/SearchParameter-MII-SP-Consent-PolicyUri-testing.html                              (00:00.000 / 02:05.965, 1000Mb)
Load /work/output/tbl_bck0100.png                                                                    (00:00.000 / 02:05.965, 1000Mb)
Load /work/output/tbl_bck1550.png                                                                    (00:00.000 / 02:05.966, 1000Mb)
Load /work/output/tbl_bck12424.png                                                                   (00:00.000 / 02:05.966, 1000Mb)
Load /work/output/tbl_bck11111.png                                                                   (00:00.000 / 02:05.966, 1000Mb)
Load /work/output/CodeSystem-mii-cs-consent-version-modules.xml.html                                 (00:00.000 / 02:05.966, 1000Mb)
Load /work/output/tbl_bck155.png                                                                     (00:00.004 / 02:05.971, 1000Mb)
Load /work/output/tbl_bck141.png                                                                     (00:00.000 / 02:05.972, 1000Mb)
Load /work/output/Parameters-mii-param-consent-manifest.xml                                          (00:00.000 / 02:05.972, 1000Mb)
Load /work/output/tbl_bck0000111110.png                                                              (00:00.000 / 02:05.973, 1000Mb)
Load /work/output/Consent-34150a23-b1c8-404f-874f-e042a30435d2.html                                  (00:00.000 / 02:05.973, 1000Mb)
Load /work/output/tbl_bck035.png                                                                     (00:00.002 / 02:05.975, 1000Mb)
Load /work/output/tbl_bck1001001.png                                                                 (00:00.004 / 02:05.979, 1000Mb)
Load /work/output/tbl_bck0510.png                                                                    (00:00.001 / 02:05.981, 1000Mb)
Load /work/output/tbl_bck1140.png                                                                    (00:00.006 / 02:05.988, 1000Mb)
Load /work/output/tbl_bck1111010.png                                                                 (00:00.001 / 02:05.989, 1000Mb)
Load /work/output/package.r4.manifest.json                                                           (00:00.003 / 02:05.993, 1000Mb)
Load /work/output/tbl_bck1011010.png                                                                 (00:00.002 / 02:05.996, 1000Mb)
Load /work/output/tbl_bck1424.png                                                                    (00:00.000 / 02:05.996, 1000Mb)
Load /work/output/icon-resource.png                                                                  (00:00.000 / 02:05.996, 1000Mb)
Load /work/output/icon_text.png                                                                      (00:00.000 / 02:05.997, 1000Mb)
Load /work/output/examples.xml.zip                                                                   (00:00.000 / 02:05.997, 1000Mb)
Load /work/output/toc.html                                                                           (00:00.000 / 02:05.997, 1000Mb)
Load /work/output/SearchParameter-MII-SP-Consent-ProvisionCodePeriod.xml                             (00:00.001 / 02:05.999, 1000Mb)
Load /work/output/Consent-34150a23-b1c8-404f-874f-e042a30435d2.xml                                   (00:00.000 / 02:06.000, 1002Mb)
Load /work/output/Provenance-55219d12-6245-4de4-8b50-ddf6f16a789b.html                               (00:00.008 / 02:06.009, 1006Mb)
Load /work/output/icon-type-operation.png                                                            (00:00.001 / 02:06.010, 1006Mb)
Load /work/output/tbl_vjoin_slicer.png                                                               (00:00.000 / 02:06.011, 1006Mb)
Load /work/output/icon_bundle.png                                                                    (00:00.000 / 02:06.011, 1006Mb)
.Load /work/output/tbl_bck1001000.png                                                                 (00:00.000 / 02:06.012, 1006Mb)
Load /work/output/tbl_bck0505.png                                                                    (00:00.000 / 02:06.012, 1006Mb)
Load /work/output/Consent-5143266b-8d60-4b28-8ee9-635140ffa5bb.xml                                   (00:00.000 / 02:06.013, 1006Mb)
Load /work/output/StructureDefinition-e0e166b4-0f77-478d-9062-de0034d98ce0-definitions.html          (00:00.009 / 02:06.022, 1016Mb)
Load /work/output/tbl_vjoin_end_slicer-closed.png                                                    (00:00.001 / 02:06.023, 1016Mb)
Load /work/output/tbl_bck0000111111.png                                                              (00:00.000 / 02:06.024, 1016Mb)
Load /work/output/tbl_bck125250.png                                                                  (00:00.000 / 02:06.024, 1016Mb)
Load /work/output/tbl_bck140.png                                                                     (00:00.000 / 02:06.024, 1016Mb)
Load /work/output/changes.html                                                                       (00:00.000 / 02:06.024, 1016Mb)
Load /work/output/icon-qi-subject.png                                                                (00:00.000 / 02:06.025, 1016Mb)
Load /work/output/tbl_bck11110.png                                                                   (00:00.000 / 02:06.026, 1016Mb)
Load /work/output/StructureDefinition-56375452-bfa1-4111-af7c-5b5ba9a1857c.profile.history.html      (00:00.000 / 02:06.026, 1016Mb)
Load /work/output/ValueSet-88464c5b-5338-4c2b-9c07-b42fef2ada64.json                                 (00:00.000 / 02:06.027, 1018Mb)
Load /work/output/tbl_bck03500.png                                                                   (00:00.000 / 02:06.027, 1018Mb)
Load /work/output/ValueSet-88464c5b-5338-4c2b-9c07-b42fef2ada64.xml.html                             (00:00.000 / 02:06.027, 1018Mb)
Load /work/output/icon_extension_complex.png                                                         (00:00.000 / 02:06.028, 1018Mb)
Load /work/output/lock.png                                                                           (00:00.000 / 02:06.028, 1018Mb)
Load /work/output/ValueSet-2.16.840.1.113883.3.1937.777.24.11.30--20210323234509.xml.html            (00:00.000 / 02:06.028, 1018Mb)
Load /work/output/tbl_bck0101.png                                                                    (00:00.000 / 02:06.029, 1018Mb)
Load /work/output/tbl_bck01101.png                                                                   (00:00.000 / 02:06.029, 1018Mb)
Load /work/output/SearchParameter-MII-SP-Consent-PolicyUri.change.history.html                       (00:00.000 / 02:06.029, 1018Mb)
Load /work/output/tbl_vjoin_slicer-closed.png                                                        (00:00.000 / 02:06.030, 1018Mb)
Load /work/output/SearchParameter-MII-SP-Consent-ProvisionCodePeriod.html                            (00:00.000 / 02:06.030, 1018Mb)
Load /work/output/CodeSystem-2.16.840.1.113883.3.1937.777.24.5.3--20251211153003.change.history.html (00:00.000 / 02:06.031, 1018Mb)
Load /work/output/tbl_bck011110000.png                                                               (00:00.000 / 02:06.031, 1018Mb)
Load /work/output/tbl_bck1250.png                                                                    (00:00.000 / 02:06.031, 1018Mb)
Load /work/output/tbl_bck00001111010.png                                                             (00:00.000 / 02:06.032, 1018Mb)
Load /work/output/tbl_bck133.png                                                                     (00:00.000 / 02:06.032, 1018Mb)
Load /work/output/StructureDefinition-f675b1e8-9f3f-44e8-bb59-9681f78eb464.csv                       (00:00.000 / 02:06.032, 1018Mb)
Load /work/output/icon-fhir-48.png                                                                   (00:00.000 / 02:06.032, 1018Mb)
Load /work/output/icon-q-date.png                                                                    (00:00.000 / 02:06.033, 1018Mb)
Load /work/output/tbl_bck100100.png                                                                  (00:00.000 / 02:06.033, 1018Mb)
Load /work/output/DocumentReference-8a3d1799-2463-405e-b49c-6a16c8692b01.xml.html                    (00:00.000 / 02:06.033, 1018Mb)
Load /work/output/tbl_bck000100.png                                                                  (00:00.000 / 02:06.034, 1018Mb)
Load /work/output/tree-filter.png                                                                    (00:00.000 / 02:06.034, 1018Mb)
Load /work/output/Parameters-mii-param-consent-manifest.html                                         (00:00.000 / 02:06.035, 1018Mb)
Load /work/output/tbl_bck1330.png                                                                    (00:00.000 / 02:06.035, 1018Mb)
Load /work/output/icon-not-selected.png                                                              (00:00.000 / 02:06.035, 1018Mb)
Load /work/output/icon_choice.gif                                                                    (00:00.000 / 02:06.036, 1018Mb)
Load /work/output/tbl_bck010110.png                                                                  (00:00.000 / 02:06.036, 1018Mb)
Load /work/output/icon_page-child.gif                                                                (00:00.000 / 02:06.036, 1018Mb)
Load /work/output/tbl_bck110110.png                                                                  (00:00.000 / 02:06.036, 1018Mb)
Load /work/output/StructureDefinition-56375452-bfa1-4111-af7c-5b5ba9a1857c-testing.html              (00:00.000 / 02:06.037, 1018Mb)
Load /work/output/DocumentReference-8a3d1799-2463-405e-b49c-6a16c8692b01.xml                         (00:00.000 / 02:06.037, 1018Mb)
Load /work/output/Consent-34150a23-b1c8-404f-874f-e042a30435d2.xml.html                              (00:00.000 / 02:06.038, 1018Mb)
Load /work/output/tbl_vjoin_end_slicer-open.png                                                      (00:00.000 / 02:06.038, 1018Mb)
Load /work/output/icon-change-remove.png                                                             (00:00.000 / 02:06.039, 1018Mb)
Load /work/output/link.svg                                                                           (00:00.000 / 02:06.039, 1018Mb)
Load /work/output/tbl_bck100101.png                                                                  (00:00.000 / 02:06.039, 1020Mb)
Load /work/output/icon_modifier_extension_simple.png                                                 (00:00.000 / 02:06.040, 1020Mb)
Load /work/output/StructureDefinition-f675b1e8-9f3f-44e8-bb59-9681f78eb464-definitions.html          (00:00.000 / 02:06.040, 1020Mb)
Load /work/output/tbl_bck035025.png                                                                  (00:00.000 / 02:06.040, 1020Mb)
Load /work/output/tbl_bck10240.png                                                                   (00:00.000 / 02:06.041, 1020Mb)
Load /work/output/logical-models.html                                                                (00:00.000 / 02:06.041, 1020Mb)
Load /work/output/StructureDefinition-56375452-bfa1-4111-af7c-5b5ba9a1857c.profile.json.html         (00:00.000 / 02:06.041, 1020Mb)
Load /work/output/StructureDefinition-f675b1e8-9f3f-44e8-bb59-9681f78eb464.profile.json.html         (00:00.000 / 02:06.042, 1020Mb)
Load /work/output/tbl_bck1251.png                                                                    (00:00.000 / 02:06.043, 1020Mb)
.Load /work/output/icon-qi-vertical.png                                                               (00:00.000 / 02:06.043, 1020Mb)
Load /work/output/ValueSet-2.16.840.1.113883.3.1937.777.24.11.36--20230331232804.json                (00:00.000 / 02:06.043, 1020Mb)
Load /work/output/Provenance-55219d12-6245-4de4-8b50-ddf6f16a789b.change.history.html                (00:00.000 / 02:06.043, 1020Mb)
Load /work/output/tbl_bck1253.png                                                                    (00:00.000 / 02:06.044, 1020Mb)
Load /work/output/icon-change-edit.png                                                               (00:00.000 / 02:06.044, 1020Mb)
Load /work/output/url-literals.json                                                                  (00:00.000 / 02:06.045, 1020Mb)
Load /work/output/tbl_bck000011110.png                                                               (00:00.000 / 02:06.045, 1020Mb)
Load /work/output/Provenance-55219d12-6245-4de4-8b50-ddf6f16a789b.xml.html                           (00:00.030 / 02:06.075, 1020Mb)
Load /work/output/tbl_bck0000111001.png                                                              (00:00.000 / 02:06.076, 1020Mb)
Load /work/output/tbl_bck0000111110110.png                                                           (00:00.000 / 02:06.077, 1020Mb)
Load /work/output/de.medizininformatikinitiative.kerndatensatz.consent.en.tgz                        (00:00.000 / 02:06.077, 1020Mb)
Load /work/output/tbl_bck124.png                                                                     (00:00.000 / 02:06.077, 1020Mb)
Load /work/output/tbl_bck130.png                                                                     (00:00.000 / 02:06.077, 1020Mb)
Load /work/output/tbl_bck11000.png                                                                   (00:00.000 / 02:06.077, 1020Mb)
Load /work/output/tbl_bck03410.png                                                                   (00:00.000 / 02:06.078, 1020Mb)
Load /work/output/tbl_bck12535.png                                                                   (00:00.000 / 02:06.078, 1020Mb)
Load /work/output/tbl_bck125340.png                                                                  (00:00.000 / 02:06.078, 1020Mb)
Load /work/output/tbl_bck1125.png                                                                    (00:00.000 / 02:06.078, 1020Mb)
Load /work/output/tbl_bck050.png                                                                     (00:00.000 / 02:06.079, 1020Mb)
Load /work/output/tbl_bck01011.png                                                                   (00:00.000 / 02:06.079, 1020Mb)
Load /work/output/tbl_vjoin_end_slicer.png                                                           (00:00.000 / 02:06.079, 1020Mb)
Load /work/output/tbl-open.png                                                                       (00:00.000 / 02:06.079, 1020Mb)
Load /work/output/tbl_bck0011.png                                                                    (00:00.000 / 02:06.080, 1020Mb)
Load /work/output/SearchParameter-MII-SP-Consent-ProvisionPeriod.json.html                           (00:00.000 / 02:06.080, 1020Mb)
Load /work/output/tbl_bck0010.png                                                                    (00:00.000 / 02:06.081, 1020Mb)
Load /work/output/icon-qi-hidden.png                                                                 (00:00.000 / 02:06.081, 1020Mb)
Load /work/output/tbl_bck13400.png                                                                   (00:00.000 / 02:06.081, 1020Mb)
Load /work/output/tbl_bck01010.png                                                                   (00:00.000 / 02:06.081, 1020Mb)
Load /work/output/Consent-Example-MII-Consent-ResultType-document.html                               (00:00.000 / 02:06.082, 1020Mb)
Load /work/output/icon-warning.png                                                                   (00:00.000 / 02:06.082, 1020Mb)
Load /work/output/tbl_bck051.png                                                                     (00:00.000 / 02:06.082, 1020Mb)
Load /work/output/tbl_bck1124.png                                                                    (00:00.000 / 02:06.083, 1020Mb)
Load /work/output/SearchParameter-MII-SP-Consent-ProvisionPeriod.json                                (00:00.000 / 02:06.083, 1020Mb)
Load /work/output/SearchParameter-MII-SP-Consent-ProvisionCodeType.xml                               (00:00.000 / 02:06.084, 1020Mb)
Load /work/output/tbl_vjoin_slice-open.png                                                           (00:00.000 / 02:06.085, 1022Mb)
Load /work/output/tbl_bck11001.png                                                                   (00:00.000 / 02:06.085, 1022Mb)
Load /work/output/uml-diagrams.html                                                                  (00:00.000 / 02:06.086, 1022Mb)
Load /work/output/tbl_bck125.png                                                                     (00:00.001 / 02:06.088, 1022Mb)
Load /work/output/tbl_bck0400.png                                                                    (00:00.000 / 02:06.089, 1022Mb)
Load /work/output/tbl_bck1050.png                                                                    (00:00.000 / 02:06.089, 1022Mb)
Load /work/output/validator.pack                                                                     (00:00.000 / 02:06.089, 1022Mb)
Load /work/output/tbl_bck0000111000.png                                                              (00:00.000 / 02:06.090, 1022Mb)
Load /work/output/tbl_vjoin-open.png                                                                 (00:00.000 / 02:06.090, 1022Mb)
Load /work/output/icon_vd_view.png                                                                   (00:00.000 / 02:06.090, 1022Mb)
Load /work/output/icon_datatype.gif                                                                  (00:00.000 / 02:06.091, 1022Mb)
Load /work/output/tbl_bck000011111.png                                                               (00:00.000 / 02:06.091, 1022Mb)
Load /work/output/alert.jpg                                                                          (00:00.000 / 02:06.091, 1022Mb)
Load /work/output/StructureDefinition-e0e166b4-0f77-478d-9062-de0034d98ce0.csv                       (00:00.000 / 02:06.091, 1022Mb)
Load /work/output/tbl_vjoin_end_slice-open.png                                                       (00:00.000 / 02:06.092, 1022Mb)
Load /work/output/tbl_bck1011100.png                                                                 (00:00.000 / 02:06.092, 1022Mb)
Load /work/output/tbl_bck1252.png                                                                    (00:00.000 / 02:06.093, 1022Mb)
Load /work/output/Consent-5143266b-8d60-4b28-8ee9-635140ffa5bb.json.html                             (00:00.000 / 02:06.093, 1022Mb)
Load /work/output/Parameters-mii-param-consent-manifest.json.html                                    (00:00.001 / 02:06.095, 1022Mb)
Load /work/output/tbl_bck1011110.png                                                                 (00:00.001 / 02:06.096, 1022Mb)
Load /work/output/icon_slice.png                                                                     (00:00.000 / 02:06.096, 1022Mb)
Load /work/output/tbl_bck0000111010.png                                                              (00:00.000 / 02:06.097, 1022Mb)
Load /work/output/schematrons.zip                                                                    (00:00.000 / 02:06.097, 1022Mb)
.Load /work/output/icon-directory.gif                                                                 (00:00.000 / 02:06.098, 1022Mb)
Load /work/output/tbl_bck000011101.png                                                               (00:00.000 / 02:06.098, 1022Mb)
Load /work/output/icon-q-datetime.png                                                                (00:00.000 / 02:06.098, 1022Mb)
Load /work/output/DocumentReference-8a3d1799-2463-405e-b49c-6a16c8692b01.json.html                   (00:00.000 / 02:06.099, 1022Mb)
Load /work/output/tbl_bck135.png                                                                     (00:00.001 / 02:06.100, 1022Mb)
Load /work/output/tbl_bck0410.png                                                                    (00:00.000 / 02:06.101, 1022Mb)
Load /work/output/tbl_bck1040.png                                                                    (00:00.000 / 02:06.101, 1022Mb)
Load /work/output/codesystem-ref-all-list.csv                                                        (00:00.000 / 02:06.102, 1022Mb)
Load /work/output/tbl_bck11011.png                                                                   (00:00.000 / 02:06.102, 1022Mb)
Load /work/output/tbl_bck041.png                                                                     (00:00.000 / 02:06.102, 1022Mb)
Load /work/output/CodeSystem-2.16.840.1.113883.3.1937.777.24.5.2--20210423105554-testing.html        (00:00.000 / 02:06.103, 1022Mb)
Load /work/output/SearchParameter-MII-SP-Consent-ProvisionCodeType.json                              (00:00.000 / 02:06.103, 1022Mb)
Load /work/output/tbl_bck13410.png                                                                   (00:00.000 / 02:06.104, 1022Mb)
Load /work/output/tbl_bck01000.png                                                                   (00:00.000 / 02:06.104, 1022Mb)
Load /work/output/icon-q-item.png                                                                    (00:00.000 / 02:06.104, 1022Mb)
Load /work/output/tbl_bck0000.png                                                                    (00:00.000 / 02:06.105, 1022Mb)
Load /work/output/tbl_bck0001.png                                                                    (00:00.000 / 02:06.105, 1022Mb)
Load /work/output/tbl_bck125350.png                                                                  (00:00.000 / 02:06.105, 1022Mb)
Load /work/output/tbl_bck040.png                                                                     (00:00.000 / 02:06.106, 1022Mb)
Load /work/output/StructureDefinition-e0e166b4-0f77-478d-9062-de0034d98ce0.profile.history.html      (00:00.000 / 02:06.106, 1022Mb)
Load /work/output/valueset-list.json                                                                 (00:00.000 / 02:06.107, 1022Mb)
Load /work/output/tbl_bck11010.png                                                                   (00:00.000 / 02:06.107, 1022Mb)
Load /work/output/tbl_bck03400.png                                                                   (00:00.000 / 02:06.108, 1022Mb)
Load /work/output/tbl_bck12525.png                                                                   (00:00.000 / 02:06.108, 1022Mb)
Load /work/output/tbl_bck0000111110100.png                                                           (00:00.000 / 02:06.108, 1022Mb)
Load /work/output/tbl_bck134.png                                                                     (00:00.000 / 02:06.109, 1022Mb)
Load /work/output/all-profiles.csv                                                                   (00:00.000 / 02:06.109, 1022Mb)
Load /work/output/tbl_bck120.png                                                                     (00:00.000 / 02:06.109, 1022Mb)
Load /work/output/tbl_bck000011100.png                                                               (00:00.000 / 02:06.110, 1022Mb)
Load /work/output/tbl_bck0000111011.png                                                              (00:00.001 / 02:06.111, 1022Mb)
Load /work/output/ValueSet-2.16.840.1.113883.3.1937.777.24.11.30--20210323234509.xml                 (00:00.000 / 02:06.112, 1022Mb)
Load /work/output/SearchParameter-MII-SP-Consent-ProvisionCode.change.history.html                   (00:00.002 / 02:06.114, 1Gb)
Load /work/output/icon_primitive.png                                                                 (00:00.002 / 02:06.117, 1Gb)
Load /work/output/tbl_bck1243.png                                                                    (00:00.000 / 02:06.117, 1Gb)
Load /work/output/cc0.png                                                                            (00:00.000 / 02:06.118, 1Gb)
Load /work/output/definitions.xml.zip                                                                (00:00.000 / 02:06.119, 1Gb)
Load /work/output/tbl_vjoin_end_slice-closed.png                                                     (00:00.000 / 02:06.119, 1Gb)
Load /work/output/icon-q-open-choice.png                                                             (00:00.000 / 02:06.119, 1Gb)
Load /work/output/target.png                                                                         (00:00.000 / 02:06.120, 1Gb)
Load /work/output/tbl_bck00001111001.png                                                             (00:00.000 / 02:06.120, 1Gb)
Load /work/output/icon_q_root.gif                                                                    (00:00.000 / 02:06.120, 1Gb)
Load /work/output/tbl_bck1241.png                                                                    (00:00.000 / 02:06.121, 1Gb)
Load /work/output/tbl_bck10250.png                                                                   (00:00.000 / 02:06.121, 1Gb)
Load /work/output/icon-q-quantity.png                                                                (00:00.000 / 02:06.121, 1Gb)
Load /work/output/information.png                                                                    (00:00.000 / 02:06.121, 1Gb)
Load /work/output/CodeSystem-2.16.840.1.113883.3.1937.777.24.5.2--20210423105554.xlsx                (00:00.000 / 02:06.122, 1Gb)
Load /work/output/CodeSystem-mii-cs-consent-version-modules.json.html                                (00:00.000 / 02:06.122, 1Gb)
Load /work/output/tbl_vjoin_end-open.png                                                             (00:00.000 / 02:06.123, 1Gb)
Load /work/output/tbl_bck125352.png                                                                  (00:00.000 / 02:06.123, 1Gb)
Load /work/output/tbl_bck010100.png                                                                  (00:00.000 / 02:06.123, 1Gb)
Load /work/output/ValueSet-88464c5b-5338-4c2b-9c07-b42fef2ada64-testing.html                         (00:00.015 / 02:06.139, 1Gb)
Load /work/output/tbl_bck110100.png                                                                  (00:00.000 / 02:06.140, 1Gb)
Load /work/output/icon-qi-security.bmp                                                               (00:00.000 / 02:06.140, 1Gb)
Load /work/output/SearchParameter-MII-SP-Consent-PolicyUri.html                                      (00:00.000 / 02:06.140, 1Gb)
Load /work/output/tbl_vjoin_end-closed.png                                                           (00:00.000 / 02:06.141, 1Gb)
Load /work/output/tbl_bck1320.png                                                                    (00:00.000 / 02:06.141, 1Gb)
Load /work/output/icon-include.png                                                                   (00:00.000 / 02:06.141, 1Gb)
.Load /work/output/CodeSystem-mii-cs-consent-version-modules.xml                                      (00:00.000 / 02:06.141, 1Gb)
Load /work/output/tbl_bck100110.png                                                                  (00:00.002 / 02:06.144, 1Gb)
Load /work/output/ValueSet-2.16.840.1.113883.3.1937.777.24.11.30--20210323234509.json.html           (00:00.000 / 02:06.144, 1Gb)
Load /work/output/CodeSystem-2.16.840.1.113883.3.1937.777.24.5.2--20210423105554.html                (00:00.000 / 02:06.144, 1Gb)
Load /work/output/tbl_bck000110.png                                                                  (00:00.000 / 02:06.145, 1Gb)
Load /work/output/icon-fhir-64.png                                                                   (00:00.000 / 02:06.145, 1Gb)
Load /work/output/icon_reuse.png                                                                     (00:00.000 / 02:06.145, 1Gb)
Load /work/output/tbl_bck1240.png                                                                    (00:00.000 / 02:06.146, 1Gb)
Load /work/output/tbl_bck025025.png                                                                  (00:00.000 / 02:06.146, 1Gb)
Load /work/output/icon_extension_simple.png                                                          (00:00.000 / 02:06.146, 1Gb)
Load /work/output/StructureDefinition-e0e166b4-0f77-478d-9062-de0034d98ce0.profile.json.html         (00:00.000 / 02:06.146, 1Gb)
Load /work/output/StructureDefinition-e0e166b4-0f77-478d-9062-de0034d98ce0.json                      (00:00.000 / 02:06.147, 1Gb)
Load /work/output/StructureDefinition-56375452-bfa1-4111-af7c-5b5ba9a1857c.csv                       (00:00.000 / 02:06.147, 1Gb)
Load /work/output/icon-q-decimal.png                                                                 (00:00.000 / 02:06.147, 1Gb)
Load /work/output/tbl_bck011110010.png                                                               (00:00.000 / 02:06.148, 1Gb)
Load /work/output/icon_vd_foreach.png                                                                (00:00.000 / 02:06.148, 1Gb)
Load /work/output/valueset-list.csv                                                                  (00:00.000 / 02:06.148, 1Gb)
Load /work/output/icon-q-boolean.png                                                                 (00:00.000 / 02:06.148, 1Gb)
Load /work/output/downloads.html                                                                     (00:00.000 / 02:06.148, 1Gb)
Load /work/output/tbl_bck025000.png                                                                  (00:00.000 / 02:06.149, 1Gb)
Load /work/output/CodeSystem-2.16.840.1.113883.3.1937.777.24.5.2--20210423105554.json                (00:00.000 / 02:06.149, 1Gb)
Load /work/output/tbl_bck0110100.png                                                                 (00:00.000 / 02:06.149, 1Gb)
Load /work/output/icon_page.gif                                                                      (00:00.000 / 02:06.150, 1Gb)
Load /work/output/Consent-Example-MII-Consent-ResultType-document.xml                                (00:00.000 / 02:06.150, 1Gb)
Load /work/output/tbl_bck1.png                                                                       (00:00.002 / 02:06.152, 1Gb)
Load /work/output/tbl_bck0000111.png                                                                 (00:00.000 / 02:06.152, 1Gb)
Load /work/output/tbl_bck112.png                                                                     (00:00.000 / 02:06.153, 1Gb)
Load /work/output/tbl_bck0351.png                                                                    (00:00.000 / 02:06.153, 1Gb)
Load /work/output/tbl_bck111010.png                                                                  (00:00.000 / 02:06.153, 1Gb)
Load /work/output/tbl_bck011010.png                                                                  (00:00.000 / 02:06.153, 1Gb)
Load /work/output/icon-qi-optional.png                                                               (00:00.000 / 02:06.153, 1Gb)
Load /work/output/tbl_vjoin_slice-closed.png                                                         (00:00.000 / 02:06.153, 1Gb)
Load /work/output/StructureDefinition-e0e166b4-0f77-478d-9062-de0034d98ce0.html                      (00:00.000 / 02:06.154, 1Gb)
Load /work/output/SearchParameter-MII-SP-Consent-ProvisionCodeType.xml.html                          (00:00.000 / 02:06.154, 1Gb)
Load /work/output/StructureDefinition-e0e166b4-0f77-478d-9062-de0034d98ce0.xml                       (00:00.000 / 02:06.155, 1Gb)
Load /work/output/tbl_bck001001.png                                                                  (00:00.049 / 02:06.205, 395Mb)
Load /work/output/tbl_bck02512.png                                                                   (00:00.000 / 02:06.205, 395Mb)
Load /work/output/SearchParameter-MII-SP-Consent-ProvisionType-testing.html                          (00:00.000 / 02:06.206, 395Mb)
Load /work/output/examples.json.zip                                                                  (00:00.000 / 02:06.206, 395Mb)
Load /work/output/DocumentReference-8a3d1799-2463-405e-b49c-6a16c8692b01.change.history.html         (00:00.000 / 02:06.207, 395Mb)
Load /work/output/codesystem-ref-list.csv                                                            (00:00.000 / 02:06.207, 395Mb)
Load /work/output/tbl_bck02513.png                                                                   (00:00.000 / 02:06.208, 395Mb)
Load /work/output/SearchParameter-MII-SP-Consent-ProvisionCodeType.json.html                         (00:00.000 / 02:06.208, 395Mb)
Load /work/output/tbl_bck001000.png                                                                  (00:00.000 / 02:06.209, 395Mb)
Load /work/output/icon-qi-observation.png                                                            (00:00.000 / 02:06.209, 395Mb)
Load /work/output/tbl_bck101000.png                                                                  (00:00.000 / 02:06.209, 395Mb)
Load /work/output/StructureDefinition-e0e166b4-0f77-478d-9062-de0034d98ce0.xlsx                      (00:00.000 / 02:06.209, 395Mb)
Load /work/output/ValueSet-2.16.840.1.113883.3.1937.777.24.11.36--20230331232804.json.html           (00:00.000 / 02:06.210, 395Mb)
Load /work/output/general-requirements.html                                                          (00:00.000 / 02:06.210, 395Mb)
Load /work/output/tbl_bck1112.png                                                                    (00:00.000 / 02:06.211, 397Mb)
Load /work/output/tbl_vjoin_slicer-open.png                                                          (00:00.000 / 02:06.211, 397Mb)
Load /work/output/tbl_bck00112.png                                                                   (00:00.000 / 02:06.211, 397Mb)
Load /work/output/tbl_bck0251250.png                                                                 (00:00.000 / 02:06.211, 397Mb)
Load /work/output/tbl_bck0351250.png                                                                 (00:00.000 / 02:06.212, 397Mb)
Load /work/output/tbl_bck011011.png                                                                  (00:00.000 / 02:06.212, 397Mb)
Load /work/output/tbl_bck113.png                                                                     (00:00.000 / 02:06.212, 397Mb)
Load /work/output/tbl_bck0000110.png                                                                 (00:00.000 / 02:06.213, 397Mb)
.Load /work/output/tbl_bck0350.png                                                                    (00:00.000 / 02:06.213, 397Mb)
Load /work/output/tbl_bck10010000.png                                                                (00:00.000 / 02:06.213, 397Mb)
Load /work/output/tbl_bck00001110110.png                                                             (00:00.000 / 02:06.213, 397Mb)
Load /work/output/tbl_bck10110000.png                                                                (00:00.000 / 02:06.214, 397Mb)
Load /work/output/SearchParameter-MII-SP-Consent-PolicyUri.json                                      (00:00.000 / 02:06.214, 397Mb)
Load /work/output/tbl_bck0.png                                                                       (00:00.000 / 02:06.214, 397Mb)
Load /work/output/codesystem-ref-all-list.json                                                       (00:00.000 / 02:06.214, 397Mb)
Load /work/output/codesystem-list.csv                                                                (00:00.000 / 02:06.215, 397Mb)
Load /work/output/tbl_bck00001001.png                                                                (00:00.000 / 02:06.215, 397Mb)
Load /work/output/icon-change-add.png                                                                (00:00.000 / 02:06.215, 397Mb)
Load /work/output/tbl_bck000011111000.png                                                            (00:00.000 / 02:06.215, 397Mb)
Load /work/output/codesystem-ref-list.json                                                           (00:00.000 / 02:06.216, 397Mb)
Load /work/output/icon-page.png                                                                      (00:00.000 / 02:06.216, 397Mb)
Load /work/output/tbl_bck1500.png                                                                    (00:00.000 / 02:06.216, 397Mb)
Load /work/output/valueset-ref-all-list.csv                                                          (00:00.000 / 02:06.216, 397Mb)
Load /work/output/ValueSet-88464c5b-5338-4c2b-9c07-b42fef2ada64.json.html                            (00:00.000 / 02:06.217, 397Mb)
Load /work/output/SearchParameter-MII-SP-Consent-ProvisionCodeType-testing.html                      (00:00.001 / 02:06.218, 397Mb)
Load /work/output/StructureDefinition-f675b1e8-9f3f-44e8-bb59-9681f78eb464.profile.xml.html          (00:00.000 / 02:06.218, 397Mb)
Load /work/output/tbl_bck105.png                                                                     (00:00.000 / 02:06.219, 397Mb)
Load /work/output/tbl_bck01101100.png                                                                (00:00.000 / 02:06.219, 397Mb)
Load /work/output/tbl_bck111.png                                                                     (00:00.000 / 02:06.219, 397Mb)
Load /work/output/tbl_vline_slice.png                                                                (00:00.000 / 02:06.219, 397Mb)
Load /work/output/valueset-ref-all-list.json                                                         (00:00.000 / 02:06.220, 397Mb)
Load /work/output/tbl_bck05040.png                                                                   (00:00.000 / 02:06.220, 397Mb)
Load /work/output/tbl_bck0251252.png                                                                 (00:00.000 / 02:06.220, 397Mb)
Load /work/output/tbl_bck00110.png                                                                   (00:00.000 / 02:06.220, 397Mb)
Load /work/output/tbl_bck12500.png                                                                   (00:00.000 / 02:06.220, 397Mb)
Load /work/output/tbl_bck0351252.png                                                                 (00:00.000 / 02:06.221, 397Mb)
Load /work/output/icon_fixed.gif                                                                     (00:00.000 / 02:06.221, 397Mb)
Load /work/output/tbl_bck1110.png                                                                    (00:00.000 / 02:06.221, 397Mb)
Load /work/output/security-and-privacy.html                                                          (00:00.000 / 02:06.221, 397Mb)
Load /work/output/expansions.json                                                                    (00:00.000 / 02:06.222, 397Mb)
Load /work/output/tbl_bck10101.png                                                                   (00:00.000 / 02:06.222, 397Mb)
Load /work/output/SearchParameter-MII-SP-Consent-PolicyUri.xml.html                                  (00:00.000 / 02:06.222, 397Mb)
Load /work/output/StructureDefinition-56375452-bfa1-4111-af7c-5b5ba9a1857c.sch                       (00:00.000 / 02:06.223, 397Mb)
Load /work/output/package.r4.tgz                                                                     (00:00.000 / 02:06.223, 397Mb)
Load /work/output/SearchParameter-MII-SP-Consent-ProvisionCodePeriod.json.html                       (00:00.000 / 02:06.223, 397Mb)
Load /work/output/StructureDefinition-f675b1e8-9f3f-44e8-bb59-9681f78eb464.xml                       (00:00.000 / 02:06.224, 397Mb)
Load /work/output/tbl_bck02510.png                                                                   (00:00.010 / 02:06.235, 413Mb)
Load /work/output/modifier.png                                                                       (00:00.000 / 02:06.235, 413Mb)
Load /work/output/tbl_bck10100.png                                                                   (00:00.000 / 02:06.236, 413Mb)
Load /work/output/icon-key.png                                                                       (00:00.000 / 02:06.236, 413Mb)
Load /work/output/tbl_bck15050.png                                                                   (00:00.000 / 02:06.236, 413Mb)
Load /work/output/metadata.html                                                                      (00:00.000 / 02:06.236, 413Mb)
Load /work/output/icon-q-integer.png                                                                 (00:00.000 / 02:06.237, 413Mb)
Load /work/output/tbl_bck1111.png                                                                    (00:00.000 / 02:06.237, 413Mb)
Load /work/output/StructureDefinition-56375452-bfa1-4111-af7c-5b5ba9a1857c-examples.html             (00:00.000 / 02:06.238, 413Mb)
Load /work/output/tbl_bck00111.png                                                                   (00:00.000 / 02:06.238, 413Mb)
Load /work/output/tbl_bck110.png                                                                     (00:00.000 / 02:06.238, 413Mb)
Load /work/output/tbl_bck104.png                                                                     (00:00.000 / 02:06.239, 413Mb)
Load /work/output/SearchParameter-MII-SP-Consent-ProvisionCodePeriod.xml.html                        (00:00.000 / 02:06.239, 413Mb)
Load /work/output/package.r4b.tgz                                                                    (00:00.000 / 02:06.239, 413Mb)
Load /work/output/tbl_bck1515.png                                                                    (00:00.000 / 02:06.240, 413Mb)
Load /work/output/CodeSystem-2.16.840.1.113883.3.1937.777.24.5.2--20210423105554.xml                 (00:00.000 / 02:06.240, 413Mb)
Load /work/output/tbl-closed.png                                                                     (00:00.003 / 02:06.243, 415Mb)
Load /work/output/tbl_bck000010010.png                                                               (00:00.000 / 02:06.243, 415Mb)
Load /work/output/SearchParameter-MII-SP-Consent-ProvisionCodeType.html                              (00:00.000 / 02:06.243, 415Mb)
.Load /work/output/icon-dictionary.png                                                                (00:00.000 / 02:06.244, 415Mb)
Load /work/output/de.medizininformatikinitiative.kerndatensatz.consent.de.manifest.json              (00:00.000 / 02:06.245, 415Mb)
Load /work/output/Consent-Example-MII-Consent-ResultType-document.json                               (00:00.000 / 02:06.245, 415Mb)
Load /work/output/tbl_bck000010000.png                                                               (00:00.000 / 02:06.245, 415Mb)
Load /work/output/SearchParameter-MII-SP-Consent-ProvisionPeriod.html                                (00:00.000 / 02:06.245, 415Mb)
Load /work/output/StructureDefinition-56375452-bfa1-4111-af7c-5b5ba9a1857c-mappings.html             (00:00.000 / 02:06.246, 415Mb)
Load /work/output/tbl_bck1505.png                                                                    (00:00.000 / 02:06.246, 415Mb)
Load /work/output/tbl_bck100.png                                                                     (00:00.000 / 02:06.247, 415Mb)
Load /work/output/tbl_bck12511.png                                                                   (00:00.000 / 02:06.247, 415Mb)
Load /work/output/tbl_bck00101.png                                                                   (00:00.000 / 02:06.247, 415Mb)
Load /work/output/SearchParameter-MII-SP-Consent-ProvisionPeriod.xml.html                            (00:00.000 / 02:06.247, 415Mb)
Load /work/output/StructureDefinition-56375452-bfa1-4111-af7c-5b5ba9a1857c.xml                       (00:00.000 / 02:06.248, 415Mb)
Load /work/output/icon-list.gif                                                                      (00:00.011 / 02:06.260, 431Mb)
Load /work/output/missing-data.html                                                                  (00:00.000 / 02:06.260, 431Mb)
Load /work/output/tbl_bck1101.png                                                                    (00:00.000 / 02:06.261, 431Mb)
Load /work/output/fhir-table-scripts.js                                                              (00:00.000 / 02:06.261, 431Mb)
Load /work/output/tbl_bck02500.png                                                                   (00:00.000 / 02:06.261, 431Mb)
Load /work/output/tbl_bck10110.png                                                                   (00:00.000 / 02:06.261, 431Mb)
Load /work/output/package.db                                                                         (00:00.000 / 02:06.262, 431Mb)
Load /work/output/tbl_bck15040.png                                                                   (00:00.000 / 02:06.262, 431Mb)
Load /work/output/icon_extension.png                                                                 (00:00.000 / 02:06.262, 431Mb)
Load /work/output/icon-implementation.png                                                            (00:00.000 / 02:06.262, 431Mb)
Load /work/output/icon_entry_blue.png                                                                (00:00.000 / 02:06.262, 431Mb)
Load /work/output/icon-q-coding.png                                                                  (00:00.000 / 02:06.263, 431Mb)
Load /work/output/tbl_bck10111.png                                                                   (00:00.000 / 02:06.263, 431Mb)
Load /work/output/tbl_bck02501.png                                                                   (00:00.000 / 02:06.263, 431Mb)
Load /work/output/tbl_bck1100.png                                                                    (00:00.000 / 02:06.263, 431Mb)
Load /work/output/CodeSystem-2.16.840.1.113883.3.1937.777.24.5.2--20210423105554.xml.html            (00:00.000 / 02:06.263, 431Mb)
Load /work/output/tbl_bck05050.png                                                                   (00:00.000 / 02:06.264, 431Mb)
Load /work/output/SearchParameter-MII-SP-Consent-PolicyUri.json.html                                 (00:00.000 / 02:06.264, 431Mb)
Load /work/output/StructureDefinition-f675b1e8-9f3f-44e8-bb59-9681f78eb464.sch                       (00:00.000 / 02:06.265, 431Mb)
Load /work/output/tbl_bck00100.png                                                                   (00:00.000 / 02:06.265, 431Mb)
Load /work/output/ValueSet-2.16.840.1.113883.3.1937.777.24.11.36--20230331232804.xml                 (00:00.000 / 02:06.266, 431Mb)
Load /work/output/CodeSystem-2.16.840.1.113883.3.1937.777.24.5.3--20251211153003-testing.html        (00:00.000 / 02:06.266, 433Mb)
Load /work/output/tbl_bck12510.png                                                                   (00:00.000 / 02:06.267, 433Mb)
Load /work/output/tbl_bck115.png                                                                     (00:00.000 / 02:06.268, 433Mb)
Load /work/output/icon-documentation.png                                                             (00:00.000 / 02:06.268, 433Mb)
Load /work/output/tbl_bck01101110.png                                                                (00:00.000 / 02:06.268, 433Mb)
Load /work/output/tbl_bck101.png                                                                     (00:00.000 / 02:06.268, 433Mb)
Load /work/output/icon-selected.png                                                                  (00:00.000 / 02:06.268, 433Mb)
Load /work/output/icon-example.png                                                                   (00:00.000 / 02:06.269, 433Mb)
Load /work/output/ValueSet-88464c5b-5338-4c2b-9c07-b42fef2ada64.xml                                  (00:00.000 / 02:06.269, 433Mb)
Load /work/output/tbl_bck1510.png                                                                    (00:00.000 / 02:06.270, 433Mb)
Load /work/output/tbl_bck0140.png                                                                    (00:00.000 / 02:06.270, 433Mb)
Load /work/output/prism.css                                                                          (00:00.000 / 02:06.270, 433Mb)
Load /work/output/ImplementationGuide-mii-ig-consent.xml                                             (00:00.000 / 02:06.270, 433Mb)
Load /work/output/icon-qi-readonly.png                                                               (00:00.008 / 02:06.279, 441Mb)
Load /work/output/tbl_bck000011111010.png                                                            (00:00.000 / 02:06.279, 441Mb)
Load /work/output/SearchParameter-MII-SP-Consent-ProvisionCodePeriod-testing.html                    (00:00.000 / 02:06.280, 441Mb)
Load /work/output/canonicals.json                                                                    (00:00.000 / 02:06.281, 441Mb)
Load /work/output/tbl_bck0110111.png                                                                 (00:00.000 / 02:06.281, 441Mb)
Load /work/output/icon-object-box.png                                                                (00:00.000 / 02:06.281, 441Mb)
Load /work/output/tbl_bck1512.png                                                                    (00:00.000 / 02:06.281, 441Mb)
Load /work/output/tbl_vjoin_slice.png                                                                (00:00.000 / 02:06.282, 441Mb)
Load /work/output/Parameters-mii-param-consent-manifest.change.history.html                          (00:00.000 / 02:06.282, 441Mb)
Load /work/output/icon-q-group.png                                                                   (00:00.000 / 02:06.283, 441Mb)
Load /work/output/de.medizininformatikinitiative.kerndatensatz.consent.de.tgz                        (00:00.000 / 02:06.283, 441Mb)
.Load /work/output/tbl_bck103.png                                                                     (00:00.000 / 02:06.283, 441Mb)
Load /work/output/tbl_bck0000100.png                                                                 (00:00.000 / 02:06.284, 441Mb)
Load /work/output/tbl_bck0340.png                                                                    (00:00.000 / 02:06.284, 441Mb)
Load /work/output/tbl_bck10010010.png                                                                (00:00.000 / 02:06.284, 441Mb)
Load /work/output/Consent-Example-MII-Consent-ResultType-document.xml.html                           (00:00.000 / 02:06.284, 441Mb)
Load /work/output/tbl_bck00001110100.png                                                             (00:00.000 / 02:06.285, 441Mb)
Load /work/output/tbl_bck10110010.png                                                                (00:00.000 / 02:06.285, 441Mb)
Load /work/output/SearchParameter-MII-SP-Consent-PolicyUri.xml                                       (00:00.000 / 02:06.286, 441Mb)
Load /work/output/tbl_bck0251240.png                                                                 (00:00.000 / 02:06.287, 441Mb)
Load /work/output/tbl_bck0351240.png                                                                 (00:00.000 / 02:06.287, 441Mb)
Load /work/output/tbl_bck12512.png                                                                   (00:00.000 / 02:06.288, 441Mb)
Load /work/output/tbl_bck011001.png                                                                  (00:00.000 / 02:06.288, 441Mb)
Load /work/output/new.png                                                                            (00:00.000 / 02:06.288, 441Mb)
Load /work/output/ValueSet-2.16.840.1.113883.3.1937.777.24.11.36--20230331232804.html                (00:00.000 / 02:06.289, 441Mb)
Load /work/output/StructureDefinition-e0e166b4-0f77-478d-9062-de0034d98ce0.sch                       (00:00.001 / 02:06.290, 441Mb)
Load /work/output/tbl_bck02503.png                                                                   (00:00.003 / 02:06.294, 443Mb)
Load /work/output/tbl_bck001010.png                                                                  (00:00.000 / 02:06.294, 443Mb)
Load /work/output/tbl_bck101010.png                                                                  (00:00.000 / 02:06.294, 443Mb)
Load /work/output/icon-qi-instructions.png                                                           (00:00.000 / 02:06.295, 443Mb)
Load /work/output/search-parameters-and-operations.html                                              (00:00.000 / 02:06.295, 443Mb)
Load /work/output/icon-clinical.png                                                                  (00:00.000 / 02:06.296, 443Mb)
Load /work/output/SearchParameter-MII-SP-Consent-ProvisionCodePeriod.json                            (00:00.000 / 02:06.296, 443Mb)
Load /work/output/de/tbl_bck01111.png                                                                (00:00.000 / 02:06.297, 443Mb)
Load /work/output/de/Consent-5143266b-8d60-4b28-8ee9-635140ffa5bb.json                               (00:00.000 / 02:06.297, 443Mb)
Load /work/output/de/icon_page_n_i.gif                                                               (00:00.000 / 02:06.298, 443Mb)
Load /work/output/de/researcher-guidance.html                                                        (00:00.000 / 02:06.298, 443Mb)
Load /work/output/de/tbl_bck0111.png                                                                 (00:00.003 / 02:06.302, 447Mb)
Load /work/output/de/SearchParameter-MII-SP-Consent-ProvisionType.json.html                          (00:00.000 / 02:06.302, 447Mb)
Load /work/output/de/logical-models.md                                                               (00:00.005 / 02:06.307, 451Mb)
Load /work/output/de/tbl_bck11100.png                                                                (00:00.000 / 02:06.307, 451Mb)
Load /work/output/de/tbl_bck03510.png                                                                (00:00.000 / 02:06.308, 451Mb)
Load /work/output/de/ValueSet-2.16.840.1.113883.3.1937.777.24.11.36--20230331232804.xml.html         (00:00.000 / 02:06.308, 451Mb)
Load /work/output/de/tbl_bck1025.png                                                                 (00:00.007 / 02:06.316, 457Mb)
Load /work/output/de/icon-administration.png                                                         (00:00.000 / 02:06.316, 457Mb)
Load /work/output/de/tbl_bck150.png                                                                  (00:00.000 / 02:06.317, 457Mb)
Load /work/output/de/llms.txt                                                                        (00:00.000 / 02:06.317, 457Mb)
Load /work/output/de/translationinfo.html                                                            (00:00.000 / 02:06.317, 457Mb)
Load /work/output/de/tbl_bck0000111101.png                                                           (00:00.004 / 02:06.322, 461Mb)
Load /work/output/de/searchform.html                                                                 (00:00.000 / 02:06.322, 461Mb)
Load /work/output/de/SearchParameter-MII-SP-Consent-ProvisionCodePeriod.change.history.html          (00:00.001 / 02:06.324, 463Mb)
Load /work/output/de/tbl_bck1001010.png                                                              (00:00.003 / 02:06.328, 465Mb)
Load /work/output/de/tbl_bck0515.png                                                                 (00:00.000 / 02:06.328, 465Mb)
Load /work/output/de/icon-fhir-16-grey.png                                                           (00:00.000 / 02:06.328, 465Mb)
Load /work/output/de/profiles-and-extensions.md                                                      (00:00.000 / 02:06.329, 465Mb)
Load /work/output/de/tbl_bck1011001.png                                                              (00:00.000 / 02:06.329, 465Mb)
Load /work/output/de/tbl_bck1111000.png                                                              (00:00.000 / 02:06.329, 465Mb)
Load /work/output/de/CodeSystem-2.16.840.1.113883.3.1937.777.24.5.3--20251211153003.html             (00:00.000 / 02:06.330, 465Mb)
Load /work/output/de/tbl_bck1011000.png                                                              (00:00.015 / 02:06.345, 479Mb)
Load /work/output/de/StructureDefinition-e0e166b4-0f77-478d-9062-de0034d98ce0-testing.html           (00:00.000 / 02:06.346, 479Mb)
Load /work/output/de/ValueSet-2.16.840.1.113883.3.1937.777.24.11.30--20210323234509-testing.html     (00:00.006 / 02:06.352, 483Mb)
Load /work/output/de/examples.md                                                                     (00:00.004 / 02:06.357, 487Mb)
Load /work/output/de/icon-qi-help.png                                                                (00:00.000 / 02:06.357, 487Mb)
Load /work/output/de/icon_profile.png                                                                (00:00.000 / 02:06.357, 487Mb)
Load /work/output/de/tbl_bck025.png                                                                  (00:00.000 / 02:06.358, 487Mb)
Load /work/output/de/tbl_bck0500.png                                                                 (00:00.000 / 02:06.358, 487Mb)
Load /work/output/de/tbl_bck1150.png                                                                 (00:00.000 / 02:06.358, 487Mb)
Load /work/output/de/StructureDefinition-e0e166b4-0f77-478d-9062-de0034d98ce0-mappings.html          (00:00.000 / 02:06.359, 487Mb)
.Load /work/output/de/tbl_bck0000111100.png                                                           (00:00.071 / 02:06.430, 565Mb)
Load /work/output/de/SearchParameter-MII-SP-Consent-ProvisionCode.json                               (00:00.000 / 02:06.431, 565Mb)
Load /work/output/de/tbl_bck151.png                                                                  (00:00.000 / 02:06.431, 565Mb)
Load /work/output/de/icon_page_n.gif                                                                 (00:00.000 / 02:06.432, 565Mb)
Load /work/output/de/icon-fhir-16.png                                                                (00:00.000 / 02:06.432, 565Mb)
Load /work/output/de/SearchParameter-MII-SP-Consent-PolicyUri.md                                     (00:00.000 / 02:06.432, 565Mb)
Load /work/output/de/external.png                                                                    (00:00.000 / 02:06.433, 565Mb)
Load /work/output/de/tbl_bck11101.png                                                                (00:00.000 / 02:06.433, 565Mb)
Load /work/output/de/SearchParameter-MII-SP-Consent-ProvisionPeriod.xml                              (00:00.000 / 02:06.433, 565Mb)
Load /work/output/de/tbl_bck0110.png                                                                 (00:00.000 / 02:06.434, 565Mb)
Load /work/output/de/tbl_bck1540.png                                                                 (00:00.000 / 02:06.434, 565Mb)
Load /work/output/de/artifacts.html                                                                  (00:00.000 / 02:06.434, 565Mb)
Load /work/output/de/StructureDefinition-f675b1e8-9f3f-44e8-bb59-9681f78eb464.html                   (00:00.006 / 02:06.441, 571Mb)
Load /work/output/de/tbl_bck01110.png                                                                (00:00.115 / 02:06.556, 713Mb)
Load /work/output/de/tbl_bck0350250.png                                                              (00:00.000 / 02:06.557, 713Mb)
Load /work/output/de/tbl_bck0250250.png                                                              (00:00.000 / 02:06.557, 713Mb)
Load /work/output/de/SearchParameter-MII-SP-Consent-ProvisionPeriod.md                               (00:00.000 / 02:06.557, 713Mb)
Load /work/output/de/CodeSystem-2.16.840.1.113883.3.1937.777.24.5.2--20210423105554.json.html        (00:00.000 / 02:06.557, 713Mb)
Load /work/output/de/icon_reference.png                                                              (00:00.003 / 02:06.561, 719Mb)
Load /work/output/de/tbl_bck03513.png                                                                (00:00.000 / 02:06.561, 719Mb)
Load /work/output/de/tbl_bck100000.png                                                               (00:00.000 / 02:06.562, 719Mb)
Load /work/output/de/tbl_bck000000.png                                                               (00:00.000 / 02:06.562, 719Mb)
Load /work/output/de/ai.zip                                                                          (00:00.000 / 02:06.562, 719Mb)
Load /work/output/de/ImplementationGuide-mii-ig-consent.json                                         (00:00.000 / 02:06.562, 719Mb)
Load /work/output/de/tbl_bck000011110000.png                                                         (00:00.000 / 02:06.562, 719Mb)
Load /work/output/de/tbl_vjoin-closed.png                                                            (00:00.000 / 02:06.563, 719Mb)
Load /work/output/de/CodeSystem-mii-cs-consent-version-modules-testing.html                          (00:00.000 / 02:06.563, 719Mb)
Load /work/output/de/tbl_bck1152.png                                                                 (00:00.002 / 02:06.565, 723Mb)
Load /work/output/de/SearchParameter-MII-SP-Consent-ProvisionCodeType.md                             (00:00.000 / 02:06.565, 723Mb)
Load /work/output/de/tbl_bck0111101.png                                                              (00:00.000 / 02:06.566, 723Mb)
Load /work/output/de/SearchParameter-MII-SP-Consent-ProvisionCode.xml                                (00:00.000 / 02:06.566, 723Mb)
Load /work/output/de/tbl_bck033.png                                                                  (00:00.000 / 02:06.566, 723Mb)
Load /work/output/de/Consent-34150a23-b1c8-404f-874f-e042a30435d2.change.history.html                (00:00.000 / 02:06.566, 723Mb)
Load /work/output/de/Consent-Example-MII-Consent-ResultType-document.change.history.html             (00:00.002 / 02:06.569, 727Mb)
Load /work/output/de/prism.js                                                                        (00:00.002 / 02:06.571, 729Mb)
Load /work/output/de/tbl_bck00001111110.png                                                          (00:00.000 / 02:06.572, 729Mb)
Load /work/output/de/conformance.md                                                                  (00:00.000 / 02:06.572, 729Mb)
Load /work/output/de/tbl_bck00001111111.png                                                          (00:00.000 / 02:06.572, 729Mb)
Load /work/output/de/mustsupport.png                                                                 (00:00.000 / 02:06.572, 729Mb)
Load /work/output/de/icon_vd_col.png                                                                 (00:00.000 / 02:06.573, 729Mb)
Load /work/output/de/tbl_bck0111100.png                                                              (00:00.000 / 02:06.573, 729Mb)
Load /work/output/de/tbl_bck035125.png                                                               (00:00.000 / 02:06.573, 729Mb)
Load /work/output/de/StructureDefinition-f675b1e8-9f3f-44e8-bb59-9681f78eb464-testing.html           (00:00.000 / 02:06.573, 729Mb)
Load /work/output/de/tbl_bck03300.png                                                                (00:00.002 / 02:06.576, 733Mb)
Load /work/output/de/tbl_bck152.png                                                                  (00:00.000 / 02:06.576, 733Mb)
Load /work/output/de/CodeSystem-mii-cs-consent-version-modules.html                                  (00:00.000 / 02:06.576, 733Mb)
Load /work/output/de/SearchParameter-MII-SP-Consent-ProvisionType.xml.html                           (00:00.003 / 02:06.580, 739Mb)
Load /work/output/de/ValueSet-88464c5b-5338-4c2b-9c07-b42fef2ada64.md                                (00:00.003 / 02:06.583, 743Mb)
Load /work/output/de/tbl_bck000001.png                                                               (00:00.000 / 02:06.584, 743Mb)
Load /work/output/de/tbl_bck03512.png                                                                (00:00.000 / 02:06.584, 743Mb)
Load /work/output/de/icon_vd_select.png                                                              (00:00.000 / 02:06.584, 743Mb)
Load /work/output/de/tbl_bck1543.png                                                                 (00:00.000 / 02:06.584, 743Mb)
Load /work/output/de/SearchParameter-MII-SP-Consent-ProvisionType.html                               (00:00.000 / 02:06.584, 743Mb)
Load /work/output/de/guidance.html                                                                   (00:00.002 / 02:06.587, 747Mb)
Load /work/output/de/tbl_bck110010.png                                                               (00:00.002 / 02:06.589, 751Mb)
Load /work/output/de/icon-toc.png                                                                    (00:00.000 / 02:06.590, 751Mb)
Load /work/output/de/tbl_bck110000.png                                                               (00:00.000 / 02:06.590, 751Mb)
.Load /work/output/de/DocumentReference-8a3d1799-2463-405e-b49c-6a16c8692b01.json                     (00:00.000 / 02:06.590, 751Mb)
Load /work/output/de/CodeSystem-2.16.840.1.113883.3.1937.777.24.5.3--20251211153003.xml.html         (00:00.000 / 02:06.590, 751Mb)
Load /work/output/de/icon_page_n_o.gif                                                               (00:00.024 / 02:06.615, 797Mb)
Load /work/output/de/must-support.html                                                               (00:00.000 / 02:06.615, 797Mb)
Load /work/output/de/tbl_bck000011.png                                                               (00:00.006 / 02:06.621, 803Mb)
Load /work/output/de/implementer-guidance.html                                                       (00:00.000 / 02:06.622, 803Mb)
Load /work/output/de/uml-diagrams.md                                                                 (00:00.003 / 02:06.625, 807Mb)
Load /work/output/de/ValueSet-2.16.840.1.113883.3.1937.777.24.11.30--20210323234509.json             (00:00.000 / 02:06.625, 807Mb)
Load /work/output/de/icon-fhir-128.png                                                               (00:00.000 / 02:06.625, 807Mb)
Load /work/output/de/tbl_bck03310.png                                                                (00:00.000 / 02:06.626, 807Mb)
Load /work/output/de/index.html                                                                      (00:00.000 / 02:06.626, 807Mb)
Load /work/output/de/tbl_bck0111110.png                                                              (00:00.003 / 02:06.629, 813Mb)
Load /work/output/de/tbl_vjoin.png                                                                   (00:00.000 / 02:06.630, 813Mb)
Load /work/output/de/Consent-Example-MII-Consent-ResultType-document.json.html                       (00:00.000 / 02:06.630, 813Mb)
Load /work/output/de/tbl_bck00001111101.png                                                          (00:00.007 / 02:06.637, 821Mb)
Load /work/output/de/tbl_vjoin_end_slice.png                                                         (00:00.000 / 02:06.637, 821Mb)
Load /work/output/de/StructureDefinition-56375452-bfa1-4111-af7c-5b5ba9a1857c.html                   (00:00.000 / 02:06.638, 821Mb)
Load /work/output/de/tbl_bck025125.png                                                               (00:00.079 / 02:06.717, 939Mb)
Load /work/output/de/CodeSystem-2.16.840.1.113883.3.1937.777.24.5.3--20251211153003.md               (00:00.000 / 02:06.718, 939Mb)
Load /work/output/de/icon-q-text.png                                                                 (00:00.000 / 02:06.718, 939Mb)
Load /work/output/de/tbl_bck00001111100.png                                                          (00:00.000 / 02:06.718, 939Mb)
Load /work/output/de/SearchParameter-MII-SP-Consent-ProvisionType.xml                                (00:00.000 / 02:06.719, 939Mb)
Load /work/output/de/icon-q-display.png                                                              (00:00.000 / 02:06.719, 941Mb)
Load /work/output/de/icon-fhir-1024.png                                                              (00:00.000 / 02:06.719, 941Mb)
Load /work/output/de/tbl_bck0512.png                                                                 (00:00.000 / 02:06.720, 941Mb)
Load /work/output/de/StructureDefinition-56375452-bfa1-4111-af7c-5b5ba9a1857c.md                     (00:00.000 / 02:06.720, 941Mb)
Load /work/output/de/tbl_bck000011110010.png                                                         (00:00.000 / 02:06.720, 941Mb)
Load /work/output/de/conformance.html                                                                (00:00.000 / 02:06.720, 941Mb)
Load /work/output/de/tbl_bck143.png                                                                  (00:00.004 / 02:06.725, 945Mb)
Load /work/output/de/Consent-34150a23-b1c8-404f-874f-e042a30435d2.md                                 (00:00.000 / 02:06.725, 945Mb)
Load /work/output/de/tbl_bck03503.png                                                                (00:00.000 / 02:06.725, 945Mb)
Load /work/output/de/StructureDefinition-56375452-bfa1-4111-af7c-5b5ba9a1857c-definitions.html       (00:00.000 / 02:06.725, 945Mb)
Load /work/output/de/tbl_bck100010.png                                                               (00:00.037 / 02:06.763, 1003Mb)
Load /work/output/de/tbl_bck000010.png                                                               (00:00.000 / 02:06.764, 1003Mb)
Load /work/output/de/tbl_bck1552.png                                                                 (00:00.000 / 02:06.764, 1003Mb)
Load /work/output/de/SearchParameter-MII-SP-Consent-ProvisionPeriod.change.history.html              (00:00.000 / 02:06.764, 1003Mb)
Load /work/output/de/icon_element.gif                                                                (00:00.002 / 02:06.767, 1005Mb)
Load /work/output/de/SearchParameter-MII-SP-Consent-ProvisionType.change.history.html                (00:00.000 / 02:06.767, 1005Mb)
Load /work/output/de/tbl_bck0350240.png                                                              (00:00.002 / 02:06.770, 1009Mb)
Load /work/output/de/tbl_bck0250240.png                                                              (00:00.000 / 02:06.770, 1009Mb)
Load /work/output/de/SearchParameter-MII-SP-Consent-ProvisionCode-testing.html                       (00:00.000 / 02:06.770, 1009Mb)
Load /work/output/de/tbl_bck01100.png                                                                (00:00.002 / 02:06.773, 1011Mb)
Load /work/output/de/StructureDefinition-e0e166b4-0f77-478d-9062-de0034d98ce0-examples.html          (00:00.000 / 02:06.773, 1011Mb)
Load /work/output/de/SearchParameter-MII-SP-Consent-PolicyUri-testing.html                           (00:00.002 / 02:06.776, 1015Mb)
Load /work/output/de/tbl_bck0100.png                                                                 (00:00.003 / 02:06.779, 1019Mb)
Load /work/output/de/tbl_bck1550.png                                                                 (00:00.000 / 02:06.780, 1019Mb)
Load /work/output/de/ValueSet-2.16.840.1.113883.3.1937.777.24.11.30--20210323234509.md               (00:00.000 / 02:06.780, 1019Mb)
Load /work/output/de/tbl_bck11111.png                                                                (00:00.000 / 02:06.780, 1019Mb)
Load /work/output/de/CodeSystem-mii-cs-consent-version-modules.xml.html                              (00:00.000 / 02:06.781, 1019Mb)
Load /work/output/de/tbl_bck155.png                                                                  (00:00.016 / 02:06.797, 1Gb)
Load /work/output/de/tbl_bck141.png                                                                  (00:00.000 / 02:06.797, 1Gb)
Load /work/output/de/Parameters-mii-param-consent-manifest.xml                                       (00:00.000 / 02:06.798, 1Gb)
Load /work/output/de/tbl_bck0000111110.png                                                           (00:00.000 / 02:06.799, 1Gb)
Load /work/output/de/Consent-34150a23-b1c8-404f-874f-e042a30435d2.html                               (00:00.000 / 02:06.799, 1Gb)
Load /work/output/de/tbl_bck035.png                                                                  (00:00.005 / 02:06.804, 1Gb)
Load /work/output/de/tbl_bck1001001.png                                                              (00:00.000 / 02:06.805, 1Gb)
Load /work/output/de/tbl_bck0510.png                                                                 (00:00.000 / 02:06.806, 1Gb)
.Load /work/output/de/tbl_bck1140.png                                                                 (00:00.000 / 02:06.806, 1Gb)
Load /work/output/de/CodeSystem-mii-cs-consent-version-modules.md                                    (00:00.000 / 02:06.806, 1Gb)
Load /work/output/de/tbl_bck1111010.png                                                              (00:00.000 / 02:06.807, 1Gb)
Load /work/output/de/tbl_bck1011010.png                                                              (00:00.000 / 02:06.807, 1Gb)
Load /work/output/de/tbl_bck1424.png                                                                 (00:00.000 / 02:06.807, 1Gb)
Load /work/output/de/icon-resource.png                                                               (00:00.000 / 02:06.808, 1Gb)
Load /work/output/de/icon_text.png                                                                   (00:00.000 / 02:06.808, 1Gb)
Load /work/output/de/toc.html                                                                        (00:00.000 / 02:06.808, 1Gb)
Load /work/output/de/SearchParameter-MII-SP-Consent-ProvisionCodePeriod.xml                          (00:00.008 / 02:06.817, 1Gb)
Load /work/output/de/Consent-34150a23-b1c8-404f-874f-e042a30435d2.xml                                (00:00.000 / 02:06.817, 1Gb)
Load /work/output/de/Provenance-55219d12-6245-4de4-8b50-ddf6f16a789b.html                            (00:00.001 / 02:06.819, 1Gb)
Load /work/output/de/icon-type-operation.png                                                         (00:00.002 / 02:06.822, 1Gb)
Load /work/output/de/tbl_vjoin_slicer.png                                                            (00:00.000 / 02:06.822, 1Gb)
Load /work/output/de/icon_bundle.png                                                                 (00:00.000 / 02:06.822, 1Gb)
Load /work/output/de/tbl_bck1001000.png                                                              (00:00.000 / 02:06.822, 1Gb)
Load /work/output/de/tbl_bck0505.png                                                                 (00:00.000 / 02:06.823, 1Gb)
Load /work/output/de/Consent-5143266b-8d60-4b28-8ee9-635140ffa5bb.xml                                (00:00.000 / 02:06.823, 1Gb)
Load /work/output/de/StructureDefinition-e0e166b4-0f77-478d-9062-de0034d98ce0-definitions.html       (00:00.006 / 02:06.830, 1Gb)
Load /work/output/de/tbl_vjoin_end_slicer-closed.png                                                 (00:00.146 / 02:06.977, 583Mb)
Load /work/output/de/tbl_bck0000111111.png                                                           (00:00.000 / 02:06.977, 583Mb)
Load /work/output/de/tbl_bck140.png                                                                  (00:00.000 / 02:06.977, 583Mb)
Load /work/output/de/changes.html                                                                    (00:00.000 / 02:06.977, 583Mb)
Load /work/output/de/icon-qi-subject.png                                                             (00:00.003 / 02:06.981, 589Mb)
Load /work/output/de/tbl_bck11110.png                                                                (00:00.000 / 02:06.981, 589Mb)
Load /work/output/de/StructureDefinition-56375452-bfa1-4111-af7c-5b5ba9a1857c.profile.history.html   (00:00.000 / 02:06.981, 589Mb)
Load /work/output/de/ValueSet-88464c5b-5338-4c2b-9c07-b42fef2ada64.json                              (00:00.003 / 02:06.985, 591Mb)
Load /work/output/de/tbl_bck03500.png                                                                (00:00.000 / 02:06.985, 591Mb)
Load /work/output/de/ValueSet-88464c5b-5338-4c2b-9c07-b42fef2ada64.xml.html                          (00:00.000 / 02:06.985, 591Mb)
Load /work/output/de/icon_extension_complex.png                                                      (00:00.004 / 02:06.990, 597Mb)
Load /work/output/de/lock.png                                                                        (00:00.000 / 02:06.990, 597Mb)
Load /work/output/de/ValueSet-2.16.840.1.113883.3.1937.777.24.11.30--20210323234509.xml.html         (00:00.000 / 02:06.991, 597Mb)
Load /work/output/de/tbl_bck0101.png                                                                 (00:00.009 / 02:07.000, 605Mb)
Load /work/output/de/tbl_bck01101.png                                                                (00:00.000 / 02:07.000, 605Mb)
Load /work/output/de/SearchParameter-MII-SP-Consent-PolicyUri.change.history.html                    (00:00.000 / 02:07.001, 605Mb)
Load /work/output/de/tbl_vjoin_slicer-closed.png                                                     (00:00.002 / 02:07.003, 609Mb)
Load /work/output/de/SearchParameter-MII-SP-Consent-ProvisionCodePeriod.html                         (00:00.000 / 02:07.004, 609Mb)
Load /work/output/de/CodeSystem-2.16.840.1.113883.3.1937.777.24.5.3--20251211153003.change.history.html (00:00.002 / 02:07.006, 613Mb)
Load /work/output/de/tbl_bck011110000.png                                                            (00:00.002 / 02:07.009, 615Mb)
Load /work/output/de/tbl_bck1250.png                                                                 (00:00.000 / 02:07.009, 615Mb)
Load /work/output/de/tbl_bck00001111010.png                                                          (00:00.000 / 02:07.010, 615Mb)
Load /work/output/de/tbl_bck133.png                                                                  (00:00.000 / 02:07.010, 615Mb)
Load /work/output/de/icon-fhir-48.png                                                                (00:00.001 / 02:07.012, 615Mb)
Load /work/output/de/icon-q-date.png                                                                 (00:00.000 / 02:07.012, 615Mb)
Load /work/output/de/tbl_bck100100.png                                                               (00:00.000 / 02:07.013, 615Mb)
Load /work/output/de/DocumentReference-8a3d1799-2463-405e-b49c-6a16c8692b01.xml.html                 (00:00.000 / 02:07.013, 615Mb)
Load /work/output/de/tbl_bck000100.png                                                               (00:00.003 / 02:07.017, 621Mb)
Load /work/output/de/tree-filter.png                                                                 (00:00.000 / 02:07.017, 621Mb)
Load /work/output/de/Parameters-mii-param-consent-manifest.html                                      (00:00.000 / 02:07.017, 621Mb)
Load /work/output/de/tbl_bck1330.png                                                                 (00:00.003 / 02:07.021, 625Mb)
Load /work/output/de/icon-not-selected.png                                                           (00:00.000 / 02:07.021, 625Mb)
Load /work/output/de/icon_choice.gif                                                                 (00:00.000 / 02:07.021, 625Mb)
Load /work/output/de/tbl_bck010110.png                                                               (00:00.000 / 02:07.021, 625Mb)
Load /work/output/de/icon_page-child.gif                                                             (00:00.000 / 02:07.022, 625Mb)
Load /work/output/de/tbl_bck110110.png                                                               (00:00.000 / 02:07.022, 625Mb)
Load /work/output/de/StructureDefinition-56375452-bfa1-4111-af7c-5b5ba9a1857c-testing.html           (00:00.000 / 02:07.022, 625Mb)
Load /work/output/de/DocumentReference-8a3d1799-2463-405e-b49c-6a16c8692b01.xml                      (00:00.002 / 02:07.025, 629Mb)
Load /work/output/de/Consent-34150a23-b1c8-404f-874f-e042a30435d2.xml.html                           (00:00.000 / 02:07.025, 629Mb)
.Load /work/output/de/tbl_vjoin_end_slicer-open.png                                                   (00:00.007 / 02:07.033, 641Mb)
Load /work/output/de/icon-change-remove.png                                                          (00:00.000 / 02:07.033, 641Mb)
Load /work/output/de/link.svg                                                                        (00:00.000 / 02:07.033, 641Mb)
Load /work/output/de/tbl_bck100101.png                                                               (00:00.000 / 02:07.034, 641Mb)
Load /work/output/de/icon_modifier_extension_simple.png                                              (00:00.000 / 02:07.034, 641Mb)
Load /work/output/de/StructureDefinition-e0e166b4-0f77-478d-9062-de0034d98ce0.md                     (00:00.000 / 02:07.034, 643Mb)
Load /work/output/de/StructureDefinition-f675b1e8-9f3f-44e8-bb59-9681f78eb464-definitions.html       (00:00.000 / 02:07.035, 643Mb)
Load /work/output/de/tbl_bck035025.png                                                               (00:00.039 / 02:07.075, 717Mb)
Load /work/output/de/tbl_bck10240.png                                                                (00:00.000 / 02:07.075, 717Mb)
Load /work/output/de/logical-models.html                                                             (00:00.000 / 02:07.075, 717Mb)
Load /work/output/de/StructureDefinition-56375452-bfa1-4111-af7c-5b5ba9a1857c.profile.json.html      (00:00.006 / 02:07.082, 719Mb)
Load /work/output/de/guidance.md                                                                     (00:00.070 / 02:07.153, 793Mb)
Load /work/output/de/StructureDefinition-f675b1e8-9f3f-44e8-bb59-9681f78eb464.profile.json.html      (00:00.000 / 02:07.153, 793Mb)
Load /work/output/de/tbl_bck1251.png                                                                 (00:00.067 / 02:07.221, 865Mb)
Load /work/output/de/icon-qi-vertical.png                                                            (00:00.000 / 02:07.221, 867Mb)
Load /work/output/de/implementer-guidance.md                                                         (00:00.000 / 02:07.222, 867Mb)
Load /work/output/de/ValueSet-2.16.840.1.113883.3.1937.777.24.11.36--20230331232804.json             (00:00.000 / 02:07.222, 867Mb)
Load /work/output/de/Provenance-55219d12-6245-4de4-8b50-ddf6f16a789b.change.history.html             (00:00.000 / 02:07.222, 867Mb)
Load /work/output/de/icon-change-edit.png                                                            (00:00.003 / 02:07.226, 869Mb)
Load /work/output/de/tbl_bck000011110.png                                                            (00:00.000 / 02:07.226, 869Mb)
Load /work/output/de/Provenance-55219d12-6245-4de4-8b50-ddf6f16a789b.xml.html                        (00:00.000 / 02:07.226, 869Mb)
Load /work/output/de/tbl_bck0000111001.png                                                           (00:00.005 / 02:07.231, 875Mb)
Load /work/output/de/tbl_bck0000111110110.png                                                        (00:00.000 / 02:07.231, 875Mb)
Load /work/output/de/tbl_bck124.png                                                                  (00:00.000 / 02:07.232, 875Mb)
Load /work/output/de/tbl_bck130.png                                                                  (00:00.000 / 02:07.232, 875Mb)
Load /work/output/de/tbl_bck11000.png                                                                (00:00.000 / 02:07.232, 875Mb)
Load /work/output/de/tbl_bck03410.png                                                                (00:00.000 / 02:07.232, 875Mb)
Load /work/output/de/tbl_bck1125.png                                                                 (00:00.000 / 02:07.233, 875Mb)
Load /work/output/de/tbl_bck050.png                                                                  (00:00.000 / 02:07.233, 875Mb)
Load /work/output/de/tbl_bck01011.png                                                                (00:00.000 / 02:07.233, 875Mb)
Load /work/output/de/tbl_vjoin_end_slicer.png                                                        (00:00.000 / 02:07.233, 875Mb)
Load /work/output/de/tbl-open.png                                                                    (00:00.000 / 02:07.234, 875Mb)
Load /work/output/de/tbl_bck0011.png                                                                 (00:00.000 / 02:07.234, 875Mb)
Load /work/output/de/SearchParameter-MII-SP-Consent-ProvisionPeriod.json.html                        (00:00.000 / 02:07.234, 875Mb)
Load /work/output/de/tbl_bck0010.png                                                                 (00:00.004 / 02:07.239, 879Mb)
Load /work/output/de/icon-qi-hidden.png                                                              (00:00.000 / 02:07.239, 879Mb)
Load /work/output/de/tbl_bck01010.png                                                                (00:00.000 / 02:07.239, 879Mb)
Load /work/output/de/Consent-Example-MII-Consent-ResultType-document.html                            (00:00.000 / 02:07.239, 879Mb)
Load /work/output/de/icon-warning.png                                                                (00:00.005 / 02:07.245, 885Mb)
Load /work/output/de/tbl_bck051.png                                                                  (00:00.000 / 02:07.245, 885Mb)
Load /work/output/de/SearchParameter-MII-SP-Consent-ProvisionPeriod.json                             (00:00.000 / 02:07.245, 885Mb)
Load /work/output/de/security-and-privacy.md                                                         (00:00.000 / 02:07.246, 885Mb)
Load /work/output/de/SearchParameter-MII-SP-Consent-ProvisionCodeType.xml                            (00:00.000 / 02:07.246, 885Mb)
Load /work/output/de/tbl_vjoin_slice-open.png                                                        (00:00.000 / 02:07.246, 885Mb)
Load /work/output/de/tbl_bck11001.png                                                                (00:00.000 / 02:07.247, 885Mb)
Load /work/output/de/uml-diagrams.html                                                               (00:00.000 / 02:07.247, 885Mb)
Load /work/output/de/tbl_bck125.png                                                                  (00:00.003 / 02:07.251, 889Mb)
Load /work/output/de/tbl_bck0400.png                                                                 (00:00.000 / 02:07.251, 889Mb)
Load /work/output/de/tbl_bck1050.png                                                                 (00:00.000 / 02:07.251, 889Mb)
Load /work/output/de/tbl_bck0000111000.png                                                           (00:00.000 / 02:07.251, 889Mb)
Load /work/output/de/tbl_vjoin-open.png                                                              (00:00.000 / 02:07.252, 889Mb)
Load /work/output/de/icon_vd_view.png                                                                (00:00.000 / 02:07.252, 889Mb)
Load /work/output/de/icon_datatype.gif                                                               (00:00.000 / 02:07.252, 889Mb)
Load /work/output/de/tbl_bck000011111.png                                                            (00:00.000 / 02:07.252, 889Mb)
Load /work/output/de/alert.jpg                                                                       (00:00.000 / 02:07.252, 889Mb)
Load /work/output/de/tbl_vjoin_end_slice-open.png                                                    (00:00.000 / 02:07.253, 889Mb)
Load /work/output/de/tbl_bck1011100.png                                                              (00:00.000 / 02:07.253, 889Mb)
.Load /work/output/de/tbl_bck1252.png                                                                 (00:00.000 / 02:07.253, 889Mb)
Load /work/output/de/Consent-5143266b-8d60-4b28-8ee9-635140ffa5bb.json.html                          (00:00.000 / 02:07.253, 889Mb)
Load /work/output/de/Parameters-mii-param-consent-manifest.json.html                                 (00:00.021 / 02:07.275, 913Mb)
Load /work/output/de/tbl_bck1011110.png                                                              (00:00.005 / 02:07.281, 919Mb)
Load /work/output/de/icon_slice.png                                                                  (00:00.000 / 02:07.281, 919Mb)
Load /work/output/de/tbl_bck0000111010.png                                                           (00:00.000 / 02:07.281, 919Mb)
Load /work/output/de/icon-directory.gif                                                              (00:00.000 / 02:07.281, 919Mb)
Load /work/output/de/tbl_bck000011101.png                                                            (00:00.000 / 02:07.281, 919Mb)
Load /work/output/de/icon-q-datetime.png                                                             (00:00.000 / 02:07.282, 919Mb)
Load /work/output/de/DocumentReference-8a3d1799-2463-405e-b49c-6a16c8692b01.json.html                (00:00.000 / 02:07.282, 919Mb)
Load /work/output/de/tbl_bck0410.png                                                                 (00:00.003 / 02:07.286, 923Mb)
Load /work/output/de/tbl_bck1040.png                                                                 (00:00.000 / 02:07.286, 923Mb)
Load /work/output/de/tbl_bck11011.png                                                                (00:00.000 / 02:07.286, 923Mb)
Load /work/output/de/tbl_bck041.png                                                                  (00:00.000 / 02:07.286, 923Mb)
Load /work/output/de/CodeSystem-2.16.840.1.113883.3.1937.777.24.5.2--20210423105554-testing.html     (00:00.000 / 02:07.287, 923Mb)
Load /work/output/de/SearchParameter-MII-SP-Consent-ProvisionCodeType.json                           (00:00.003 / 02:07.290, 927Mb)
Load /work/output/de/tbl_bck01000.png                                                                (00:00.000 / 02:07.291, 927Mb)
Load /work/output/de/icon-q-item.png                                                                 (00:00.000 / 02:07.291, 927Mb)
Load /work/output/de/tbl_bck0000.png                                                                 (00:00.000 / 02:07.291, 927Mb)
Load /work/output/de/tbl_bck0001.png                                                                 (00:00.000 / 02:07.291, 927Mb)
Load /work/output/de/tbl_bck040.png                                                                  (00:00.000 / 02:07.291, 927Mb)
Load /work/output/de/StructureDefinition-e0e166b4-0f77-478d-9062-de0034d98ce0.profile.history.html   (00:00.000 / 02:07.292, 927Mb)
Load /work/output/de/tbl_bck11010.png                                                                (00:00.003 / 02:07.295, 929Mb)
Load /work/output/de/tbl_bck03400.png                                                                (00:00.000 / 02:07.295, 929Mb)
Load /work/output/de/artifacts.md                                                                    (00:00.000 / 02:07.296, 929Mb)
Load /work/output/de/tbl_bck0000111110100.png                                                        (00:00.000 / 02:07.296, 929Mb)
Load /work/output/de/tbl_bck134.png                                                                  (00:00.000 / 02:07.296, 929Mb)
Load /work/output/de/tbl_bck120.png                                                                  (00:00.000 / 02:07.296, 929Mb)
Load /work/output/de/tbl_bck000011100.png                                                            (00:00.000 / 02:07.296, 929Mb)
Load /work/output/de/tbl_bck0000111011.png                                                           (00:00.000 / 02:07.297, 929Mb)
Load /work/output/de/ValueSet-2.16.840.1.113883.3.1937.777.24.11.30--20210323234509.xml              (00:00.000 / 02:07.297, 929Mb)
Load /work/output/de/SearchParameter-MII-SP-Consent-ProvisionCode.change.history.html                (00:00.000 / 02:07.298, 931Mb)
Load /work/output/de/icon_primitive.png                                                              (00:00.003 / 02:07.301, 933Mb)
Load /work/output/de/cc0.png                                                                         (00:00.000 / 02:07.301, 933Mb)
Load /work/output/de/tbl_vjoin_end_slice-closed.png                                                  (00:00.000 / 02:07.301, 933Mb)
Load /work/output/de/icon-q-open-choice.png                                                          (00:00.000 / 02:07.302, 933Mb)
Load /work/output/de/target.png                                                                      (00:00.000 / 02:07.302, 933Mb)
Load /work/output/de/tbl_bck00001111001.png                                                          (00:00.000 / 02:07.302, 933Mb)
Load /work/output/de/capability-statements.md                                                        (00:00.000 / 02:07.302, 933Mb)
Load /work/output/de/icon_q_root.gif                                                                 (00:00.000 / 02:07.303, 933Mb)
Load /work/output/de/tbl_bck1241.png                                                                 (00:00.000 / 02:07.303, 933Mb)
Load /work/output/de/tbl_bck10250.png                                                                (00:00.000 / 02:07.303, 933Mb)
Load /work/output/de/icon-q-quantity.png                                                             (00:00.000 / 02:07.303, 933Mb)
Load /work/output/de/information.png                                                                 (00:00.000 / 02:07.303, 933Mb)
Load /work/output/de/CodeSystem-mii-cs-consent-version-modules.json.html                             (00:00.000 / 02:07.304, 933Mb)
Load /work/output/de/tbl_vjoin_end-open.png                                                          (00:00.013 / 02:07.317, 949Mb)
Load /work/output/de/tbl_bck010100.png                                                               (00:00.000 / 02:07.317, 949Mb)
Load /work/output/de/ValueSet-88464c5b-5338-4c2b-9c07-b42fef2ada64-testing.html                      (00:00.000 / 02:07.318, 949Mb)
Load /work/output/de/tbl_bck110100.png                                                               (00:00.003 / 02:07.321, 953Mb)
Load /work/output/de/icon-qi-security.bmp                                                            (00:00.000 / 02:07.322, 953Mb)
Load /work/output/de/SearchParameter-MII-SP-Consent-PolicyUri.html                                   (00:00.000 / 02:07.322, 953Mb)
Load /work/output/de/tbl_vjoin_end-closed.png                                                        (00:00.004 / 02:07.326, 957Mb)
Load /work/output/de/tbl_bck1320.png                                                                 (00:00.000 / 02:07.327, 957Mb)
Load /work/output/de/missing-data.md                                                                 (00:00.000 / 02:07.327, 957Mb)
Load /work/output/de/icon-include.png                                                                (00:00.000 / 02:07.327, 957Mb)
Load /work/output/de/CodeSystem-mii-cs-consent-version-modules.xml                                   (00:00.000 / 02:07.328, 957Mb)
Load /work/output/de/tbl_bck100110.png                                                               (00:00.002 / 02:07.331, 959Mb)
.Load /work/output/de/ValueSet-2.16.840.1.113883.3.1937.777.24.11.30--20210323234509.json.html        (00:00.000 / 02:07.331, 959Mb)
Load /work/output/de/CodeSystem-2.16.840.1.113883.3.1937.777.24.5.2--20210423105554.html             (00:00.007 / 02:07.338, 967Mb)
Load /work/output/de/tbl_bck000110.png                                                               (00:00.004 / 02:07.342, 971Mb)
Load /work/output/de/icon-fhir-64.png                                                                (00:00.000 / 02:07.343, 971Mb)
Load /work/output/de/icon_reuse.png                                                                  (00:00.000 / 02:07.343, 971Mb)
Load /work/output/de/terminology.md                                                                  (00:00.000 / 02:07.343, 971Mb)
Load /work/output/de/tbl_bck1240.png                                                                 (00:00.000 / 02:07.344, 971Mb)
Load /work/output/de/Consent-Example-MII-Consent-ResultType-document.md                              (00:00.000 / 02:07.344, 971Mb)
Load /work/output/de/tbl_bck025025.png                                                               (00:00.000 / 02:07.344, 971Mb)
Load /work/output/de/icon_extension_simple.png                                                       (00:00.000 / 02:07.344, 971Mb)
Load /work/output/de/StructureDefinition-e0e166b4-0f77-478d-9062-de0034d98ce0.profile.json.html      (00:00.000 / 02:07.344, 971Mb)
Load /work/output/de/StructureDefinition-e0e166b4-0f77-478d-9062-de0034d98ce0.json                   (00:00.197 / 02:07.542, 464Mb)
Load /work/output/de/icon-q-decimal.png                                                              (00:00.000 / 02:07.543, 464Mb)
Load /work/output/de/tbl_bck011110010.png                                                            (00:00.000 / 02:07.543, 464Mb)
Load /work/output/de/icon_vd_foreach.png                                                             (00:00.000 / 02:07.543, 464Mb)
Load /work/output/de/icon-q-boolean.png                                                              (00:00.000 / 02:07.543, 464Mb)
Load /work/output/de/downloads.html                                                                  (00:00.000 / 02:07.544, 464Mb)
Load /work/output/de/tbl_bck025000.png                                                               (00:00.003 / 02:07.547, 468Mb)
Load /work/output/de/CodeSystem-2.16.840.1.113883.3.1937.777.24.5.2--20210423105554.json             (00:00.000 / 02:07.547, 468Mb)
Load /work/output/de/tbl_bck0110100.png                                                              (00:00.000 / 02:07.547, 468Mb)
Load /work/output/de/icon_page.gif                                                                   (00:00.000 / 02:07.547, 468Mb)
Load /work/output/de/Consent-Example-MII-Consent-ResultType-document.xml                             (00:00.000 / 02:07.548, 468Mb)
Load /work/output/de/tbl_bck1.png                                                                    (00:00.001 / 02:07.549, 470Mb)
Load /work/output/de/tbl_bck0000111.png                                                              (00:00.000 / 02:07.549, 470Mb)
Load /work/output/de/tbl_bck112.png                                                                  (00:00.000 / 02:07.549, 470Mb)
Load /work/output/de/tbl_bck0351.png                                                                 (00:00.000 / 02:07.549, 470Mb)
Load /work/output/de/tbl_bck111010.png                                                               (00:00.000 / 02:07.550, 470Mb)
Load /work/output/de/tbl_bck011010.png                                                               (00:00.000 / 02:07.550, 470Mb)
Load /work/output/de/icon-qi-optional.png                                                            (00:00.000 / 02:07.550, 470Mb)
Load /work/output/de/tbl_vjoin_slice-closed.png                                                      (00:00.000 / 02:07.550, 470Mb)
Load /work/output/de/StructureDefinition-e0e166b4-0f77-478d-9062-de0034d98ce0.html                   (00:00.000 / 02:07.550, 470Mb)
Load /work/output/de/SearchParameter-MII-SP-Consent-ProvisionCodeType.xml.html                       (00:00.231 / 02:07.782, 880Mb)
Load /work/output/de/StructureDefinition-e0e166b4-0f77-478d-9062-de0034d98ce0.xml                    (00:00.004 / 02:07.786, 886Mb)
Load /work/output/de/tbl_bck001001.png                                                               (00:00.043 / 02:07.829, 934Mb)
Load /work/output/de/tbl_bck02512.png                                                                (00:00.000 / 02:07.830, 934Mb)
Load /work/output/de/SearchParameter-MII-SP-Consent-ProvisionType-testing.html                       (00:00.000 / 02:07.831, 934Mb)
Load /work/output/de/metadata.md                                                                     (00:00.002 / 02:07.833, 938Mb)
Load /work/output/de/DocumentReference-8a3d1799-2463-405e-b49c-6a16c8692b01.change.history.html      (00:00.000 / 02:07.834, 938Mb)
Load /work/output/de/SearchParameter-MII-SP-Consent-ProvisionCode.md                                 (00:00.002 / 02:07.836, 940Mb)
Load /work/output/de/ImplementationGuide-mii-ig-consent.md                                           (00:00.000 / 02:07.836, 940Mb)
Load /work/output/de/tbl_bck02513.png                                                                (00:00.000 / 02:07.836, 940Mb)
Load /work/output/de/SearchParameter-MII-SP-Consent-ProvisionCodeType.json.html                      (00:00.000 / 02:07.836, 940Mb)
Load /work/output/de/tbl_bck001000.png                                                               (00:00.002 / 02:07.839, 946Mb)
Load /work/output/de/icon-qi-observation.png                                                         (00:00.000 / 02:07.840, 946Mb)
Load /work/output/de/tbl_bck101000.png                                                               (00:00.000 / 02:07.840, 946Mb)
Load /work/output/de/ValueSet-2.16.840.1.113883.3.1937.777.24.11.36--20230331232804.json.html        (00:00.000 / 02:07.841, 946Mb)
Load /work/output/de/general-requirements.html                                                       (00:00.003 / 02:07.844, 950Mb)
Load /work/output/de/tbl_vjoin_slicer-open.png                                                       (00:00.004 / 02:07.848, 958Mb)
Load /work/output/de/tbl_bck0251250.png                                                              (00:00.000 / 02:07.848, 958Mb)
Load /work/output/de/tbl_bck0351250.png                                                              (00:00.000 / 02:07.849, 958Mb)
Load /work/output/de/tbl_bck011011.png                                                               (00:00.000 / 02:07.849, 958Mb)
Load /work/output/de/tbl_bck113.png                                                                  (00:00.000 / 02:07.849, 958Mb)
Load /work/output/de/tbl_bck0000110.png                                                              (00:00.000 / 02:07.850, 958Mb)
Load /work/output/de/tbl_bck0350.png                                                                 (00:00.000 / 02:07.850, 958Mb)
Load /work/output/de/tbl_bck10010000.png                                                             (00:00.000 / 02:07.851, 958Mb)
Load /work/output/de/tbl_bck00001110110.png                                                          (00:00.000 / 02:07.851, 958Mb)
Load /work/output/de/tbl_bck10110000.png                                                             (00:00.000 / 02:07.851, 958Mb)
.Load /work/output/de/SearchParameter-MII-SP-Consent-PolicyUri.json                                   (00:00.000 / 02:07.852, 958Mb)
Load /work/output/de/tbl_bck0.png                                                                    (00:00.000 / 02:07.852, 958Mb)
Load /work/output/de/tbl_bck00001001.png                                                             (00:00.000 / 02:07.852, 958Mb)
Load /work/output/de/icon-change-add.png                                                             (00:00.000 / 02:07.853, 958Mb)
Load /work/output/de/tbl_bck000011111000.png                                                         (00:00.000 / 02:07.853, 958Mb)
Load /work/output/de/researcher-guidance.md                                                          (00:00.000 / 02:07.853, 958Mb)
Load /work/output/de/SearchParameter-MII-SP-Consent-ProvisionCodePeriod.md                           (00:00.000 / 02:07.854, 958Mb)
Load /work/output/de/icon-page.png                                                                   (00:00.000 / 02:07.854, 958Mb)
Load /work/output/de/tbl_bck1500.png                                                                 (00:00.000 / 02:07.854, 958Mb)
Load /work/output/de/ValueSet-88464c5b-5338-4c2b-9c07-b42fef2ada64.json.html                         (00:00.000 / 02:07.855, 958Mb)
Load /work/output/de/SearchParameter-MII-SP-Consent-ProvisionCodeType-testing.html                   (00:00.003 / 02:07.858, 962Mb)
Load /work/output/de/datasets-and-descriptions.md                                                    (00:00.002 / 02:07.860, 966Mb)
Load /work/output/de/StructureDefinition-f675b1e8-9f3f-44e8-bb59-9681f78eb464.profile.xml.html       (00:00.000 / 02:07.860, 966Mb)
Load /work/output/de/tbl_bck105.png                                                                  (00:00.058 / 02:07.919, 1Gb)
Load /work/output/de/tbl_bck01101100.png                                                             (00:00.000 / 02:07.919, 1Gb)
Load /work/output/de/tbl_bck111.png                                                                  (00:00.000 / 02:07.920, 1Gb)
Load /work/output/de/tbl_vline_slice.png                                                             (00:00.000 / 02:07.920, 1Gb)
Load /work/output/de/tbl_bck05040.png                                                                (00:00.000 / 02:07.921, 1Gb)
Load /work/output/de/tbl_bck0251252.png                                                              (00:00.000 / 02:07.921, 1Gb)
Load /work/output/de/tbl_bck00110.png                                                                (00:00.000 / 02:07.921, 1Gb)
Load /work/output/de/tbl_bck12500.png                                                                (00:00.000 / 02:07.922, 1Gb)
Load /work/output/de/tbl_bck0351252.png                                                              (00:00.000 / 02:07.922, 1Gb)
Load /work/output/de/icon_fixed.gif                                                                  (00:00.000 / 02:07.922, 1Gb)
Load /work/output/de/tbl_bck1110.png                                                                 (00:00.000 / 02:07.923, 1Gb)
Load /work/output/de/security-and-privacy.html                                                       (00:00.000 / 02:07.923, 1Gb)
Load /work/output/de/tbl_bck10101.png                                                                (00:00.002 / 02:07.926, 1Gb)
Load /work/output/de/SearchParameter-MII-SP-Consent-PolicyUri.xml.html                               (00:00.000 / 02:07.926, 1Gb)
Load /work/output/de/SearchParameter-MII-SP-Consent-ProvisionCodePeriod.json.html                    (00:00.002 / 02:07.929, 1Gb)
Load /work/output/de/StructureDefinition-f675b1e8-9f3f-44e8-bb59-9681f78eb464.xml                    (00:00.002 / 02:07.932, 1Gb)
Load /work/output/de/tbl_bck02510.png                                                                (00:00.007 / 02:07.940, 1Gb)
Load /work/output/de/modifier.png                                                                    (00:00.000 / 02:07.940, 1Gb)
Load /work/output/de/tbl_bck10100.png                                                                (00:00.000 / 02:07.940, 1Gb)
Load /work/output/de/icon-key.png                                                                    (00:00.000 / 02:07.941, 1Gb)
Load /work/output/de/tbl_bck15050.png                                                                (00:00.000 / 02:07.941, 1Gb)
Load /work/output/de/metadata.html                                                                   (00:00.000 / 02:07.941, 1Gb)
Load /work/output/de/icon-q-integer.png                                                              (00:00.011 / 02:07.953, 371Mb)
Load /work/output/de/tbl_bck1111.png                                                                 (00:00.000 / 02:07.953, 371Mb)
Load /work/output/de/StructureDefinition-56375452-bfa1-4111-af7c-5b5ba9a1857c-examples.html          (00:00.000 / 02:07.954, 371Mb)
Load /work/output/de/SearchParameter-MII-SP-Consent-ProvisionType.md                                 (00:00.002 / 02:07.956, 375Mb)
Load /work/output/de/must-support.md                                                                 (00:00.000 / 02:07.956, 375Mb)
Load /work/output/de/tbl_bck110.png                                                                  (00:00.000 / 02:07.957, 375Mb)
Load /work/output/de/SearchParameter-MII-SP-Consent-ProvisionCodePeriod.xml.html                     (00:00.000 / 02:07.957, 375Mb)
Load /work/output/de/index.md                                                                        (00:00.003 / 02:07.960, 381Mb)
Load /work/output/de/tbl_bck1515.png                                                                 (00:00.000 / 02:07.961, 381Mb)
Load /work/output/de/CodeSystem-2.16.840.1.113883.3.1937.777.24.5.2--20210423105554.xml              (00:00.000 / 02:07.961, 381Mb)
Load /work/output/de/tbl-closed.png                                                                  (00:00.000 / 02:07.962, 381Mb)
Load /work/output/de/tbl_bck000010010.png                                                            (00:00.000 / 02:07.962, 381Mb)
Load /work/output/de/version-history.md                                                              (00:00.000 / 02:07.962, 381Mb)
Load /work/output/de/search-parameters-and-operations.md                                             (00:00.000 / 02:07.963, 381Mb)
Load /work/output/de/SearchParameter-MII-SP-Consent-ProvisionCodeType.html                           (00:00.000 / 02:07.963, 381Mb)
Load /work/output/de/icon-dictionary.png                                                             (00:00.003 / 02:07.966, 385Mb)
Load /work/output/de/Consent-Example-MII-Consent-ResultType-document.json                            (00:00.000 / 02:07.966, 385Mb)
Load /work/output/de/tbl_bck000010000.png                                                            (00:00.000 / 02:07.967, 385Mb)
Load /work/output/de/SearchParameter-MII-SP-Consent-ProvisionPeriod.html                             (00:00.000 / 02:07.967, 385Mb)
Load /work/output/de/StructureDefinition-56375452-bfa1-4111-af7c-5b5ba9a1857c-mappings.html          (00:00.003 / 02:07.971, 389Mb)
Load /work/output/de/tbl_bck1505.png                                                                 (00:00.027 / 02:07.998, 419Mb)
Load /work/output/de/CodeSystem-2.16.840.1.113883.3.1937.777.24.5.2--20210423105554.md               (00:00.000 / 02:07.999, 419Mb)
.Load /work/output/de/tbl_bck100.png                                                                  (00:00.000 / 02:07.999, 419Mb)
Load /work/output/de/tbl_bck12511.png                                                                (00:00.000 / 02:07.999, 419Mb)
Load /work/output/de/tbl_bck00101.png                                                                (00:00.000 / 02:08.000, 419Mb)
Load /work/output/de/translationinfo.md                                                              (00:00.000 / 02:08.000, 419Mb)
Load /work/output/de/SearchParameter-MII-SP-Consent-ProvisionPeriod.xml.html                         (00:00.000 / 02:08.000, 419Mb)
Load /work/output/de/StructureDefinition-56375452-bfa1-4111-af7c-5b5ba9a1857c.xml                    (00:00.003 / 02:08.003, 425Mb)
Load /work/output/de/icon-list.gif                                                                   (00:00.007 / 02:08.011, 439Mb)
Load /work/output/de/missing-data.html                                                               (00:00.000 / 02:08.012, 439Mb)
Load /work/output/de/tbl_bck1101.png                                                                 (00:00.003 / 02:08.016, 445Mb)
Load /work/output/de/fhir-table-scripts.js                                                           (00:00.000 / 02:08.016, 445Mb)
Load /work/output/de/tbl_bck02500.png                                                                (00:00.000 / 02:08.016, 445Mb)
Load /work/output/de/tbl_bck10110.png                                                                (00:00.000 / 02:08.017, 445Mb)
Load /work/output/de/tbl_bck15040.png                                                                (00:00.000 / 02:08.017, 445Mb)
Load /work/output/de/icon_extension.png                                                              (00:00.000 / 02:08.017, 445Mb)
Load /work/output/de/icon-implementation.png                                                         (00:00.000 / 02:08.018, 445Mb)
Load /work/output/de/icon_entry_blue.png                                                             (00:00.000 / 02:08.018, 445Mb)
Load /work/output/de/icon-q-coding.png                                                               (00:00.000 / 02:08.018, 445Mb)
Load /work/output/de/tbl_bck10111.png                                                                (00:00.000 / 02:08.018, 445Mb)
Load /work/output/de/tbl_bck02501.png                                                                (00:00.000 / 02:08.019, 445Mb)
Load /work/output/de/tbl_bck1100.png                                                                 (00:00.000 / 02:08.019, 445Mb)
Load /work/output/de/CodeSystem-2.16.840.1.113883.3.1937.777.24.5.2--20210423105554.xml.html         (00:00.000 / 02:08.019, 445Mb)
Load /work/output/de/tbl_bck05050.png                                                                (00:00.004 / 02:08.024, 453Mb)
Load /work/output/de/SearchParameter-MII-SP-Consent-PolicyUri.json.html                              (00:00.000 / 02:08.024, 453Mb)
Load /work/output/de/tbl_bck00100.png                                                                (00:00.002 / 02:08.027, 457Mb)
Load /work/output/de/ValueSet-2.16.840.1.113883.3.1937.777.24.11.36--20230331232804.xml              (00:00.000 / 02:08.027, 457Mb)
Load /work/output/de/CodeSystem-2.16.840.1.113883.3.1937.777.24.5.3--20251211153003-testing.html     (00:00.000 / 02:08.028, 457Mb)
Load /work/output/de/tbl_bck12510.png                                                                (00:00.002 / 02:08.030, 461Mb)
Load /work/output/de/tbl_bck115.png                                                                  (00:00.000 / 02:08.030, 461Mb)
Load /work/output/de/icon-documentation.png                                                          (00:00.000 / 02:08.031, 461Mb)
Load /work/output/de/tbl_bck01101110.png                                                             (00:00.000 / 02:08.031, 461Mb)
Load /work/output/de/tbl_bck101.png                                                                  (00:00.000 / 02:08.031, 461Mb)
Load /work/output/de/icon-selected.png                                                               (00:00.000 / 02:08.031, 461Mb)
Load /work/output/de/icon-example.png                                                                (00:00.000 / 02:08.032, 461Mb)
Load /work/output/de/ValueSet-88464c5b-5338-4c2b-9c07-b42fef2ada64.xml                               (00:00.000 / 02:08.032, 461Mb)
Load /work/output/de/tbl_bck1510.png                                                                 (00:00.000 / 02:08.032, 461Mb)
Load /work/output/de/prism.css                                                                       (00:00.000 / 02:08.033, 461Mb)
Load /work/output/de/ImplementationGuide-mii-ig-consent.xml                                          (00:00.000 / 02:08.033, 461Mb)
Load /work/output/de/icon-qi-readonly.png                                                            (00:00.003 / 02:08.036, 467Mb)
Load /work/output/de/Consent-5143266b-8d60-4b28-8ee9-635140ffa5bb.md                                 (00:00.000 / 02:08.037, 467Mb)
Load /work/output/de/tbl_bck000011111010.png                                                         (00:00.000 / 02:08.037, 467Mb)
Load /work/output/de/SearchParameter-MII-SP-Consent-ProvisionCodePeriod-testing.html                 (00:00.000 / 02:08.037, 467Mb)
Load /work/output/de/tbl_bck0110111.png                                                              (00:00.002 / 02:08.040, 471Mb)
Load /work/output/de/icon-object-box.png                                                             (00:00.000 / 02:08.040, 471Mb)
Load /work/output/de/tbl_bck1512.png                                                                 (00:00.000 / 02:08.040, 471Mb)
Load /work/output/de/tbl_vjoin_slice.png                                                             (00:00.000 / 02:08.041, 471Mb)
Load /work/output/de/Parameters-mii-param-consent-manifest.change.history.html                       (00:00.000 / 02:08.041, 471Mb)
Load /work/output/de/icon-q-group.png                                                                (00:00.002 / 02:08.043, 475Mb)
Load /work/output/de/tbl_bck103.png                                                                  (00:00.000 / 02:08.043, 475Mb)
Load /work/output/de/tbl_bck0000100.png                                                              (00:00.000 / 02:08.044, 475Mb)
Load /work/output/de/tbl_bck0340.png                                                                 (00:00.000 / 02:08.044, 475Mb)
Load /work/output/de/tbl_bck10010010.png                                                             (00:00.000 / 02:08.044, 475Mb)
Load /work/output/de/Consent-Example-MII-Consent-ResultType-document.xml.html                        (00:00.000 / 02:08.045, 475Mb)
Load /work/output/de/tbl_bck00001110100.png                                                          (00:00.006 / 02:08.051, 485Mb)
Load /work/output/de/tbl_bck10110010.png                                                             (00:00.000 / 02:08.051, 485Mb)
Load /work/output/de/SearchParameter-MII-SP-Consent-PolicyUri.xml                                    (00:00.000 / 02:08.052, 485Mb)
Load /work/output/de/tbl_bck0251240.png                                                              (00:00.000 / 02:08.052, 485Mb)
Load /work/output/de/tbl_bck0351240.png                                                              (00:00.000 / 02:08.053, 485Mb)
.Load /work/output/de/tbl_bck12512.png                                                                (00:00.000 / 02:08.053, 485Mb)
Load /work/output/de/tbl_bck011001.png                                                               (00:00.000 / 02:08.053, 485Mb)
Load /work/output/de/new.png                                                                         (00:00.000 / 02:08.053, 485Mb)
Load /work/output/de/ValueSet-2.16.840.1.113883.3.1937.777.24.11.36--20230331232804.html             (00:00.000 / 02:08.054, 485Mb)
Load /work/output/de/tbl_bck02503.png                                                                (00:00.018 / 02:08.072, 523Mb)
Load /work/output/de/tbl_bck001010.png                                                               (00:00.000 / 02:08.072, 523Mb)
Load /work/output/de/tbl_bck101010.png                                                               (00:00.000 / 02:08.073, 523Mb)
Load /work/output/de/icon-qi-instructions.png                                                        (00:00.000 / 02:08.073, 523Mb)
Load /work/output/de/changes.md                                                                      (00:00.000 / 02:08.073, 523Mb)
Load /work/output/de/search-parameters-and-operations.html                                           (00:00.000 / 02:08.073, 523Mb)
Load /work/output/de/icon-clinical.png                                                               (00:00.002 / 02:08.076, 525Mb)
Load /work/output/de/SearchParameter-MII-SP-Consent-ProvisionCodePeriod.json                         (00:00.000 / 02:08.076, 525Mb)
Load /work/output/de/tbl_bck111000.png                                                               (00:00.000 / 02:08.077, 525Mb)
Load /work/output/de/tbl_bck011000.png                                                               (00:00.000 / 02:08.077, 525Mb)
Load /work/output/de/datasets-and-descriptions.html                                                  (00:00.000 / 02:08.077, 525Mb)
Load /work/output/de/Parameters-mii-param-consent-manifest.json                                      (00:00.002 / 02:08.080, 529Mb)
Load /work/output/de/tbl_bck0000101.png                                                              (00:00.000 / 02:08.080, 529Mb)
Load /work/output/de/tbl_bck0341.png                                                                 (00:00.000 / 02:08.081, 529Mb)
Load /work/output/de/StructureDefinition-f675b1e8-9f3f-44e8-bb59-9681f78eb464.md                     (00:00.000 / 02:08.081, 529Mb)
Load /work/output/de/DocumentReference-8a3d1799-2463-405e-b49c-6a16c8692b01.md                       (00:00.000 / 02:08.081, 529Mb)
Load /work/output/de/examples.html                                                                   (00:00.000 / 02:08.081, 529Mb)
Load /work/output/de/ValueSet-2.16.840.1.113883.3.1937.777.24.11.36--20230331232804-testing.html     (00:00.002 / 02:08.084, 533Mb)
Load /work/output/de/tbl_bck00001010.png                                                             (00:00.002 / 02:08.086, 537Mb)
Load /work/output/de/tbl_bck025010.png                                                               (00:00.000 / 02:08.086, 537Mb)
Load /work/output/de/tbl_bck0110110.png                                                              (00:00.000 / 02:08.087, 537Mb)
Load /work/output/de/tbl_bck000011111011.png                                                         (00:00.000 / 02:08.087, 537Mb)
Load /work/output/de/Consent-34150a23-b1c8-404f-874f-e042a30435d2.json.html                          (00:00.000 / 02:08.088, 537Mb)
Load /work/output/de/tbl_bck10001.png                                                                (00:00.006 / 02:08.094, 547Mb)
Load /work/output/de/tbl_bck05140.png                                                                (00:00.000 / 02:08.094, 547Mb)
Load /work/output/de/tbl_bck00010.png                                                                (00:00.000 / 02:08.095, 547Mb)
Load /work/output/de/tbl_bck12400.png                                                                (00:00.000 / 02:08.095, 547Mb)
Load /work/output/de/tbl_bck1010.png                                                                 (00:00.000 / 02:08.095, 547Mb)
Load /work/output/de/Provenance-55219d12-6245-4de4-8b50-ddf6f16a789b.json                            (00:00.000 / 02:08.095, 547Mb)
Load /work/output/de/ValueSet-88464c5b-5338-4c2b-9c07-b42fef2ada64.change.history.html               (00:00.000 / 02:08.096, 547Mb)
Load /work/output/de/icon-q-choice.png                                                               (00:00.002 / 02:08.098, 549Mb)
Load /work/output/de/icon_group.png                                                                  (00:00.000 / 02:08.098, 549Mb)
Load /work/output/de/StructureDefinition-f675b1e8-9f3f-44e8-bb59-9681f78eb464.profile.history.html   (00:00.000 / 02:08.098, 549Mb)
Load /work/output/de/tbl_bck011.png                                                                  (00:00.002 / 02:08.101, 553Mb)
Load /work/output/de/ValueSet-88464c5b-5338-4c2b-9c07-b42fef2ada64.html                              (00:00.000 / 02:08.101, 553Mb)
Load /work/output/de/tbl_bck1400.png                                                                 (00:00.003 / 02:08.104, 557Mb)
Load /work/output/de/icon_vd_union.png                                                               (00:00.000 / 02:08.104, 557Mb)
Load /work/output/de/capability-statements.html                                                      (00:00.000 / 02:08.105, 557Mb)
Load /work/output/de/tbl_bck01111010.png                                                             (00:00.002 / 02:08.107, 561Mb)
Load /work/output/de/tbl_bck03.png                                                                   (00:00.000 / 02:08.107, 561Mb)
Load /work/output/de/icon_latest.png                                                                 (00:00.000 / 02:08.108, 561Mb)
Load /work/output/de/tbl_bck010.png                                                                  (00:00.000 / 02:08.108, 561Mb)
Load /work/output/de/SearchParameter-MII-SP-Consent-ProvisionPeriod-testing.html                     (00:00.000 / 02:08.108, 561Mb)
Load /work/output/de/icon-q-attachment.png                                                           (00:00.002 / 02:08.110, 565Mb)
Load /work/output/de/tbl_spacer.png                                                                  (00:00.000 / 02:08.111, 565Mb)
Load /work/output/de/StructureDefinition-f675b1e8-9f3f-44e8-bb59-9681f78eb464-mappings.html          (00:00.000 / 02:08.111, 565Mb)
Load /work/output/de/tbl_bck1011.png                                                                 (00:00.018 / 02:08.130, 595Mb)
Load /work/output/de/tbl_bck00011.png                                                                (00:00.000 / 02:08.130, 595Mb)
Load /work/output/de/icon-fhir-720.png                                                               (00:00.000 / 02:08.130, 595Mb)
Load /work/output/de/Consent-34150a23-b1c8-404f-874f-e042a30435d2.json                               (00:00.000 / 02:08.131, 595Mb)
Load /work/output/de/icon-q-reference.png                                                            (00:00.000 / 02:08.131, 595Mb)
Load /work/output/de/tbl_bck02410.png                                                                (00:00.000 / 02:08.131, 595Mb)
Load /work/output/de/tbl_bck10000.png                                                                (00:00.000 / 02:08.132, 595Mb)
.Load /work/output/de/tbl_bck15150.png                                                                (00:00.000 / 02:08.132, 595Mb)
Load /work/output/de/tbl_bck101101.png                                                               (00:00.000 / 02:08.132, 595Mb)
Load /work/output/de/tbl_bck15152.png                                                                (00:00.000 / 02:08.133, 595Mb)
Load /work/output/de/icon_page_n_c.gif                                                               (00:00.000 / 02:08.133, 595Mb)
Load /work/output/de/tbl_bck111110.png                                                               (00:00.000 / 02:08.133, 595Mb)
Load /work/output/de/StructureDefinition-56375452-bfa1-4111-af7c-5b5ba9a1857c.json                   (00:00.000 / 02:08.133, 595Mb)
Load /work/output/de/Provenance-55219d12-6245-4de4-8b50-ddf6f16a789b.md                              (00:00.000 / 02:08.134, 595Mb)
Load /work/output/de/tbl_bck011110.png                                                               (00:00.000 / 02:08.134, 595Mb)
Load /work/output/de/Consent-5143266b-8d60-4b28-8ee9-635140ffa5bb.change.history.html                (00:00.000 / 02:08.134, 595Mb)
Load /work/output/de/downloads.md                                                                    (00:00.002 / 02:08.136, 599Mb)
Load /work/output/de/tbl_bck0331.png                                                                 (00:00.000 / 02:08.137, 599Mb)
Load /work/output/de/summary.png                                                                     (00:00.000 / 02:08.137, 599Mb)
Load /work/output/de/tbl_bck0251.png                                                                 (00:00.000 / 02:08.137, 599Mb)
Load /work/output/de/tbl_bck012.png                                                                  (00:00.000 / 02:08.137, 599Mb)
Load /work/output/de/icon-q-url.png                                                                  (00:00.000 / 02:08.138, 599Mb)
Load /work/output/de/version-history.html                                                            (00:00.000 / 02:08.138, 599Mb)
Load /work/output/de/tbl_bck11240.png                                                                (00:00.003 / 02:08.141, 603Mb)
Load /work/output/de/tbl_bck125100.png                                                               (00:00.000 / 02:08.141, 603Mb)
Load /work/output/de/tbl_bck01.png                                                                   (00:00.000 / 02:08.142, 603Mb)
Load /work/output/de/tbl_bck15.png                                                                   (00:00.000 / 02:08.142, 603Mb)
Load /work/output/de/icon-error.gif                                                                  (00:00.000 / 02:08.142, 603Mb)
Load /work/output/de/tbl_bck00001100.png                                                             (00:00.000 / 02:08.142, 603Mb)
Load /work/output/de/tbl_bck0010000.png                                                              (00:00.000 / 02:08.143, 603Mb)
Load /work/output/de/tbl_bck0110000.png                                                              (00:00.000 / 02:08.143, 603Mb)
Load /work/output/de/tbl_bck14.png                                                                   (00:00.000 / 02:08.143, 603Mb)
Load /work/output/de/tbl_bck00.png                                                                   (00:00.000 / 02:08.144, 603Mb)
Load /work/output/de/tbl_bck000011111100.png                                                         (00:00.000 / 02:08.144, 603Mb)
Load /work/output/de/DocumentReference-8a3d1799-2463-405e-b49c-6a16c8692b01.html                     (00:00.000 / 02:08.144, 603Mb)
Load /work/output/de/CodeSystem-2.16.840.1.113883.3.1937.777.24.5.3--20251211153003.xml              (00:00.002 / 02:08.146, 607Mb)
Load /work/output/de/tbl_bck0250.png                                                                 (00:00.004 / 02:08.151, 615Mb)
Load /work/output/de/tbl_bck0000010.png                                                              (00:00.000 / 02:08.151, 615Mb)
Load /work/output/de/tbl_bck00001110010.png                                                          (00:00.000 / 02:08.151, 615Mb)
Load /work/output/de/tbl_bck0330.png                                                                 (00:00.000 / 02:08.152, 615Mb)
Load /work/output/de/icon-infrastructure.png                                                         (00:00.000 / 02:08.152, 615Mb)
Load /work/output/de/icon-qi-security.png                                                            (00:00.000 / 02:08.152, 615Mb)
Load /work/output/de/tbl_bck011111.png                                                               (00:00.000 / 02:08.152, 615Mb)
Load /work/output/de/SearchParameter-MII-SP-Consent-ProvisionCode.xml.html                           (00:00.000 / 02:08.153, 615Mb)
Load /work/output/de/ValueSet-2.16.840.1.113883.3.1937.777.24.11.30--20210323234509.html             (00:00.002 / 02:08.156, 619Mb)
Load /work/output/de/tbl_bck101100.png                                                               (00:00.003 / 02:08.159, 625Mb)
Load /work/output/de/assets/css/xml.css                                                              (00:00.000 / 02:08.159, 625Mb)
Load /work/output/de/assets/css/jquery-ui.theme.min.css                                              (00:00.000 / 02:08.159, 625Mb)
Load /work/output/de/assets/css/cqf.css                                                              (00:00.000 / 02:08.160, 625Mb)
Load /work/output/de/assets/css/mii.css                                                              (00:00.000 / 02:08.160, 625Mb)
Load /work/output/de/assets/css/hl7.css                                                              (00:00.000 / 02:08.160, 625Mb)
Load /work/output/de/assets/css/bootstrap-fhir.css                                                   (00:00.000 / 02:08.160, 625Mb)
Load /work/output/de/assets/css/prism-fhirpath.css                                                   (00:00.000 / 02:08.161, 625Mb)
Load /work/output/de/assets/css/jquery-ui.css                                                        (00:00.000 / 02:08.161, 625Mb)
Load /work/output/de/assets/css/bootstrap-glyphicons.css                                             (00:00.000 / 02:08.161, 625Mb)
Load /work/output/de/assets/css/prism.css                                                            (00:00.000 / 02:08.162, 625Mb)
Load /work/output/de/assets/css/jquery-ui.structure.min.css                                          (00:00.000 / 02:08.162, 625Mb)
Load /work/output/de/assets/css/pygments-manni.css                                                   (00:00.000 / 02:08.162, 625Mb)
Load /work/output/de/assets/css/project.css                                                          (00:00.000 / 02:08.163, 625Mb)
Load /work/output/de/assets/images/icon_arrow_up.png                                                 (00:00.000 / 02:08.163, 625Mb)
Load /work/output/de/assets/images/deu.svg                                                           (00:00.000 / 02:08.163, 625Mb)
Load /work/output/de/assets/images/external.png                                                      (00:00.000 / 02:08.164, 625Mb)
Load /work/output/de/assets/images/fhir-logo-www.png                                                 (00:00.000 / 02:08.164, 625Mb)
Load /work/output/de/assets/images/download.png                                                      (00:00.000 / 02:08.164, 625Mb)
.Load /work/output/de/assets/images/logo-en.svg                                                       (00:00.000 / 02:08.164, 625Mb)
Load /work/output/de/assets/images/link.svg                                                          (00:00.014 / 02:08.179, 643Mb)
Load /work/output/de/assets/images/dragon.png                                                        (00:00.000 / 02:08.179, 643Mb)
Load /work/output/de/assets/images/lang-es.png                                                       (00:00.000 / 02:08.180, 643Mb)
Load /work/output/de/assets/images/lang-de.png                                                       (00:00.000 / 02:08.180, 643Mb)
Load /work/output/de/assets/images/001.svg                                                           (00:00.000 / 02:08.180, 643Mb)
Load /work/output/de/assets/images/target.png                                                        (00:00.001 / 02:08.182, 645Mb)
Load /work/output/de/assets/images/fcp-logo.png                                                      (00:00.000 / 02:08.182, 645Mb)
Load /work/output/de/assets/images/lang-pt.png                                                       (00:00.000 / 02:08.183, 645Mb)
Load /work/output/de/assets/images/search.png                                                        (00:00.000 / 02:08.183, 645Mb)
Load /work/output/de/assets/images/lang-en.png                                                       (00:00.000 / 02:08.183, 645Mb)
Load /work/output/de/assets/images/lang-ja.png                                                       (00:00.000 / 02:08.184, 645Mb)
Load /work/output/de/assets/images/lang-kr.png                                                       (00:00.000 / 02:08.184, 645Mb)
Load /work/output/de/assets/images/logo_ansinew.jpg                                                  (00:00.000 / 02:08.184, 645Mb)
Load /work/output/de/assets/images/logo-de.svg                                                       (00:00.000 / 02:08.184, 645Mb)
Load /work/output/de/assets/images/lang-pt_BR.png                                                    (00:00.008 / 02:08.193, 655Mb)
Load /work/output/de/assets/images/lang-fr.png                                                       (00:00.000 / 02:08.193, 655Mb)
Load /work/output/de/assets/images/lang-ru.png                                                       (00:00.000 / 02:08.193, 655Mb)
Load /work/output/de/assets/images/lang-ar.png                                                       (00:00.000 / 02:08.194, 655Mb)
Load /work/output/de/assets/images/stripe.png                                                        (00:00.000 / 02:08.194, 655Mb)
Load /work/output/de/assets/images/hl7-logo-header.png                                               (00:00.000 / 02:08.194, 655Mb)
Load /work/output/de/assets/images/lang-nl.png                                                       (00:00.000 / 02:08.194, 655Mb)
Load /work/output/de/assets/images/lang-zh.png                                                       (00:00.000 / 02:08.195, 655Mb)
Load /work/output/de/assets/images/lang-zh-TW.png                                                    (00:00.000 / 02:08.195, 655Mb)
Load /work/output/de/assets/images/icon_arrow_down.png                                               (00:00.000 / 02:08.195, 655Mb)
Load /work/output/de/assets/js/html5shiv.js                                                          (00:00.000 / 02:08.195, 655Mb)
Load /work/output/de/assets/js/flags.js                                                              (00:00.000 / 02:08.196, 655Mb)
Load /work/output/de/assets/js/prism.js                                                              (00:00.000 / 02:08.196, 655Mb)
Load /work/output/de/assets/js/mermaid.js                                                            (00:00.000 / 02:08.196, 655Mb)
Load /work/output/de/assets/js/jquery-ui.min.js                                                      (00:00.000 / 02:08.196, 655Mb)
Load /work/output/de/assets/js/clipboard-btn.js                                                      (00:00.000 / 02:08.197, 655Mb)
Load /work/output/de/assets/js/respond.min.js                                                        (00:00.000 / 02:08.197, 655Mb)
Load /work/output/de/assets/js/prism-fhirpath.js                                                     (00:00.000 / 02:08.197, 655Mb)
Load /work/output/de/assets/js/xml.js                                                                (00:00.000 / 02:08.197, 655Mb)
Load /work/output/de/assets/js/window-hash.js                                                        (00:00.000 / 02:08.198, 655Mb)
Load /work/output/de/assets/js/clipboard.min.js                                                      (00:00.000 / 02:08.198, 655Mb)
Load /work/output/de/assets/js/tabs.js                                                               (00:00.000 / 02:08.198, 655Mb)
Load /work/output/de/assets/js/jquery-3.7.0.min.map                                                  (00:00.000 / 02:08.198, 655Mb)
Load /work/output/de/assets/js/mermaid-init.js                                                       (00:00.000 / 02:08.199, 655Mb)
Load /work/output/de/assets/js/bootstrap.min.js                                                      (00:00.000 / 02:08.199, 655Mb)
Load /work/output/de/assets/js/fhir-table-scripts.js                                                 (00:00.000 / 02:08.199, 655Mb)
Load /work/output/de/assets/js/anchor.min.js                                                         (00:00.000 / 02:08.199, 655Mb)
Load /work/output/de/assets/js/topofpage.js                                                          (00:00.000 / 02:08.200, 655Mb)
Load /work/output/de/assets/js/fhir.js                                                               (00:00.000 / 02:08.200, 655Mb)
Load /work/output/de/assets/js/readme.txt                                                            (00:00.000 / 02:08.200, 655Mb)
Load /work/output/de/assets/js/lang-redirects.js                                                     (00:00.000 / 02:08.200, 655Mb)
Load /work/output/de/assets/js/direction-management.js                                               (00:00.000 / 02:08.200, 655Mb)
Load /work/output/de/assets/js/anchor-hover.js                                                       (00:00.000 / 02:08.201, 655Mb)
Load /work/output/de/assets/js/jquery.js                                                             (00:00.000 / 02:08.201, 655Mb)
Load /work/output/de/assets/fonts/OpenSans-CondBold-webfont.svg                                      (00:00.000 / 02:08.201, 655Mb)
Load /work/output/de/assets/fonts/glyphiconshalflings-regular.otf                                    (00:00.018 / 02:08.219, 681Mb)
Load /work/output/de/assets/fonts/OpenSans-CondLight-webfont.eot                                     (00:00.000 / 02:08.220, 681Mb)
Load /work/output/de/assets/fonts/glyphiconshalflings-regular.eot                                    (00:00.000 / 02:08.220, 681Mb)
Load /work/output/de/assets/fonts/OpenSans-CondLight-webfont.ttf                                     (00:00.000 / 02:08.221, 681Mb)
Load /work/output/de/assets/fonts/glyphiconshalflings-regular.ttf                                    (00:00.000 / 02:08.221, 681Mb)
Load /work/output/de/assets/fonts/OpenSans-CondLight-webfont.woff                                    (00:00.000 / 02:08.222, 681Mb)
Load /work/output/de/assets/fonts/glyphiconshalflings-regular.woff                                   (00:00.000 / 02:08.222, 681Mb)
.Load /work/output/de/assets/fonts/OpenSans-CondBold-webfont.ttf                                      (00:00.000 / 02:08.222, 681Mb)
Load /work/output/de/assets/fonts/OpenSans-CondBold-webfont.woff                                     (00:00.000 / 02:08.223, 683Mb)
Load /work/output/de/assets/fonts/OpenSans-CondLight-webfont.svg                                     (00:00.000 / 02:08.223, 683Mb)
Load /work/output/de/assets/fonts/glyphiconshalflings-regular.svg                                    (00:00.017 / 02:08.241, 713Mb)
Load /work/output/de/assets/fonts/OpenSans-CondBold-webfont.eot                                      (00:00.007 / 02:08.249, 723Mb)
Load /work/output/de/assets/ico/icon-fhir-114.png                                                    (00:00.000 / 02:08.249, 723Mb)
Load /work/output/de/assets/ico/icon-fhir-72.png                                                     (00:00.000 / 02:08.249, 723Mb)
Load /work/output/de/assets/ico/icon-fhir-144.png                                                    (00:00.000 / 02:08.249, 723Mb)
Load /work/output/de/assets/ico/favicon.png                                                          (00:00.000 / 02:08.250, 723Mb)
Load /work/output/de/assets/ico/noun_copy to clipboard_1669410.png                                   (00:00.000 / 02:08.250, 723Mb)
Load /work/output/de/assets/ico/icon-fhir-57.png                                                     (00:00.000 / 02:08.250, 723Mb)
Load /work/output/de/tbl_bck101110.png                                                               (00:00.000 / 02:08.250, 723Mb)
Load /work/output/de/Provenance-55219d12-6245-4de4-8b50-ddf6f16a789b.xml                             (00:00.000 / 02:08.251, 723Mb)
Load /work/output/de/CodeSystem-mii-cs-consent-version-modules.change.history.html                   (00:00.000 / 02:08.251, 723Mb)
Load /work/output/de/tbl_bck05152.png                                                                (00:00.002 / 02:08.254, 727Mb)
Load /work/output/de/tbl_bck111101.png                                                               (00:00.000 / 02:08.254, 727Mb)
Load /work/output/de/tbl_bck0320.png                                                                 (00:00.000 / 02:08.254, 727Mb)
Load /work/output/de/icon-fhir-24.png                                                                (00:00.000 / 02:08.254, 727Mb)
Load /work/output/de/StructureDefinition-e0e166b4-0f77-478d-9062-de0034d98ce0.profile.xml.html       (00:00.000 / 02:08.255, 727Mb)
Load /work/output/de/icon-q-string.png                                                               (00:00.192 / 02:08.447, 1Gb)
Load /work/output/de/tbl_bck0240.png                                                                 (00:00.000 / 02:08.448, 1Gb)
Load /work/output/de/SearchParameter-MII-SP-Consent-ProvisionType.json                               (00:00.000 / 02:08.448, 1Gb)
Load /work/output/de/tbl_bck0000000.png                                                              (00:00.000 / 02:08.449, 1Gb)
Load /work/output/de/CodeSystem-2.16.840.1.113883.3.1937.777.24.5.3--20251211153003.json.html        (00:00.000 / 02:08.449, 1Gb)
Load /work/output/de/tbl_bck00001110000.png                                                          (00:00.016 / 02:08.466, 1Gb)
Load /work/output/de/tbl_bck000011111110.png                                                         (00:00.000 / 02:08.466, 1Gb)
Load /work/output/de/CodeSystem-mii-cs-consent-version-modules.json                                  (00:00.000 / 02:08.467, 1Gb)
Load /work/output/de/tbl_bck04.png                                                                   (00:00.000 / 02:08.467, 1Gb)
Load /work/output/de/tbl_bck00001111.png                                                             (00:00.000 / 02:08.467, 1Gb)
Load /work/output/de/tbl_bck10.png                                                                   (00:00.000 / 02:08.467, 1Gb)
Load /work/output/de/SearchParameter-MII-SP-Consent-ProvisionCodeType.change.history.html            (00:00.000 / 02:08.468, 1Gb)
Load /work/output/de/tbl_bck125110.png                                                               (00:00.003 / 02:08.471, 1Gb)
Load /work/output/de/tbl_bck11.png                                                                   (00:00.000 / 02:08.471, 1Gb)
Load /work/output/de/tbl_bck05.png                                                                   (00:00.000 / 02:08.472, 1Gb)
Load /work/output/de/ValueSet-2.16.840.1.113883.3.1937.777.24.11.36--20230331232804.md               (00:00.000 / 02:08.472, 1Gb)
Load /work/output/de/tbl_bck00001110.png                                                             (00:00.000 / 02:08.472, 1Gb)
Load /work/output/de/tbl_bck0010010.png                                                              (00:00.000 / 02:08.472, 1Gb)
Load /work/output/de/tbl_bck0110010.png                                                              (00:00.000 / 02:08.473, 1Gb)
Load /work/output/de/tbl_vline.png                                                                   (00:00.000 / 02:08.473, 1Gb)
Load /work/output/de/tbl_bck11250.png                                                                (00:00.000 / 02:08.473, 1Gb)
Load /work/output/de/Parameters-mii-param-consent-manifest.md                                        (00:00.000 / 02:08.473, 1Gb)
Load /work/output/de/Consent-5143266b-8d60-4b28-8ee9-635140ffa5bb.xml.html                           (00:00.000 / 02:08.474, 1Gb)
Load /work/output/de/tbl_bck0241.png                                                                 (00:00.022 / 02:08.496, 396Mb)
Load /work/output/de/icon_slice_item.png                                                             (00:00.000 / 02:08.496, 396Mb)
Load /work/output/de/CodeSystem-2.16.840.1.113883.3.1937.777.24.5.2--20210423105554.change.history.html (00:00.000 / 02:08.497, 396Mb)
Load /work/output/de/tbl_bck111100.png                                                               (00:00.002 / 02:08.499, 398Mb)
Load /work/output/de/ValueSet-2.16.840.1.113883.3.1937.777.24.11.36--20230331232804.change.history.html (00:00.000 / 02:08.499, 398Mb)
Load /work/output/de/tbl_bck011100.png                                                               (00:00.002 / 02:08.502, 402Mb)
Load /work/output/de/icon_page_n_p.gif                                                               (00:00.000 / 02:08.502, 402Mb)
Load /work/output/de/tbl_vjoin_end.png                                                               (00:00.000 / 02:08.502, 402Mb)
Load /work/output/de/tbl_bck101111.png                                                               (00:00.000 / 02:08.503, 402Mb)
Load /work/output/de/general-requirements.md                                                         (00:00.000 / 02:08.503, 402Mb)
Load /work/output/de/Parameters-mii-param-consent-manifest.xml.html                                  (00:00.000 / 02:08.503, 402Mb)
Load /work/output/de/tbl_bck02400.png                                                                (00:00.005 / 02:08.508, 410Mb)
Load /work/output/de/terminology.html                                                                (00:00.000 / 02:08.508, 410Mb)
Load /work/output/de/tbl_bck10010.png                                                                (00:00.002 / 02:08.511, 414Mb)
Load /work/output/de/tbl_bck15140.png                                                                (00:00.000 / 02:08.511, 414Mb)
.Load /work/output/de/icon_resource.png                                                               (00:00.000 / 02:08.512, 414Mb)
Load /work/output/de/StructureDefinition-56375452-bfa1-4111-af7c-5b5ba9a1857c.profile.xml.html       (00:00.000 / 02:08.512, 414Mb)
Load /work/output/de/profiles-and-extensions.html                                                    (00:00.061 / 02:08.574, 532Mb)
Load /work/output/de/tbl_bck00001.png                                                                (00:00.002 / 02:08.576, 536Mb)
Load /work/output/de/CodeSystem-2.16.840.1.113883.3.1937.777.24.5.3--20251211153003.json             (00:00.000 / 02:08.577, 536Mb)
Load /work/output/de/tbl_bck15424.png                                                                (00:00.000 / 02:08.577, 536Mb)
Load /work/output/de/tbl_bck1001.png                                                                 (00:00.000 / 02:08.577, 536Mb)
Load /work/output/de/icon_modifier_extension_complex.png                                             (00:00.000 / 02:08.578, 536Mb)
Load /work/output/de/tbl_bck000.png                                                                  (00:00.000 / 02:08.578, 536Mb)
Load /work/output/de/StructureDefinition-f675b1e8-9f3f-44e8-bb59-9681f78eb464.json                   (00:00.000 / 02:08.578, 536Mb)
Load /work/output/de/SearchParameter-MII-SP-Consent-ProvisionCode.html                               (00:00.000 / 02:08.578, 536Mb)
Load /work/output/de/SearchParameter-MII-SP-Consent-ProvisionCode.json.html                          (00:00.002 / 02:08.581, 540Mb)
Load /work/output/de/tbl_bck11252.png                                                                (00:00.002 / 02:08.583, 544Mb)
Load /work/output/de/ValueSet-2.16.840.1.113883.3.1937.777.24.11.30--20210323234509.change.history.html (00:00.000 / 02:08.584, 544Mb)
Load /work/output/de/tbl_bck13.png                                                                   (00:00.002 / 02:08.586, 548Mb)
Load /work/output/de/StructureDefinition-f675b1e8-9f3f-44e8-bb59-9681f78eb464-examples.html          (00:00.000 / 02:08.587, 548Mb)
Load /work/output/de/tbl_blank.png                                                                   (00:00.002 / 02:08.589, 552Mb)
Load /work/output/de/tbl_bck1410.png                                                                 (00:00.000 / 02:08.589, 552Mb)
Load /work/output/de/tbl_bck12.png                                                                   (00:00.000 / 02:08.590, 552Mb)
Load /work/output/de/icon-q-time.png                                                                 (00:00.000 / 02:08.590, 552Mb)
Load /work/output/de/tbl_bck01111001.png                                                             (00:00.000 / 02:08.590, 552Mb)
Load /work/output/de/icon-qi-horizontal.png                                                          (00:00.000 / 02:08.591, 552Mb)
Load /work/output/de/tbl_bck001.png                                                                  (00:00.000 / 02:08.591, 552Mb)
Load /work/output/de/fhir.css                                                                        (00:00.000 / 02:08.591, 552Mb)
Load /work/output/de/Consent-5143266b-8d60-4b28-8ee9-635140ffa5bb.html                               (00:00.000 / 02:08.591, 552Mb)
Load /work/output/de/tbl_vline_slicer.png                                                            (00:00.007 / 02:08.599, 564Mb)
Load /work/output/de/Provenance-55219d12-6245-4de4-8b50-ddf6f16a789b.json.html                       (00:00.000 / 02:08.600, 564Mb)
Load /work/output/de/tbl_bck1000.png                                                                 (00:00.003 / 02:08.603, 570Mb)
Load /work/output/de/icon-fhir-32.png                                                                (00:00.000 / 02:08.603, 570Mb)
Load /work/output/de/tbl_bck05150.png                                                                (00:00.000 / 02:08.603, 570Mb)
Load /work/output/de/icon_q_item.png                                                                 (00:00.000 / 02:08.604, 570Mb)
Load /work/output/de/tbl_bck00000.png                                                                (00:00.000 / 02:08.604, 570Mb)
Load /work/output/de/tbl_bck12410.png                                                                (00:00.000 / 02:08.604, 570Mb)
Load /work/output/de/tbl_bck10011.png                                                                (00:00.000 / 02:08.605, 570Mb)
Load /work/output/codesystem-list.json                                                               (00:00.000 / 02:08.605, 570Mb)
Load /work/output/ValueSet-2.16.840.1.113883.3.1937.777.24.11.36--20230331232804.xlsx                (00:00.000 / 02:08.605, 570Mb)
Load /work/output/tbl_bck111000.png                                                                  (00:00.000 / 02:08.605, 570Mb)
Load /work/output/tbl_bck011000.png                                                                  (00:00.000 / 02:08.606, 570Mb)
Load /work/output/datasets-and-descriptions.html                                                     (00:00.000 / 02:08.606, 570Mb)
Load /work/output/Parameters-mii-param-consent-manifest.json                                         (00:00.000 / 02:08.606, 570Mb)
Load /work/output/tbl_bck0000101.png                                                                 (00:00.000 / 02:08.607, 570Mb)
Load /work/output/tbl_bck0341.png                                                                    (00:00.000 / 02:08.607, 570Mb)
Load /work/output/examples.html                                                                      (00:00.000 / 02:08.607, 570Mb)
Load /work/output/ValueSet-2.16.840.1.113883.3.1937.777.24.11.36--20230331232804-testing.html        (00:00.000 / 02:08.608, 570Mb)
Load /work/output/tbl_bck00001010.png                                                                (00:00.000 / 02:08.608, 570Mb)
Load /work/output/tbl_bck025010.png                                                                  (00:00.000 / 02:08.609, 570Mb)
Load /work/output/tbl_bck0110110.png                                                                 (00:00.000 / 02:08.609, 570Mb)
Load /work/output/tbl_bck000011111011.png                                                            (00:00.000 / 02:08.609, 570Mb)
Load /work/output/validator-mii-ig-consent.pack                                                      (00:00.000 / 02:08.609, 570Mb)
Load /work/output/package.manifest.json                                                              (00:00.000 / 02:08.609, 570Mb)
Load /work/output/Consent-34150a23-b1c8-404f-874f-e042a30435d2.json.html                             (00:00.000 / 02:08.610, 570Mb)
Load /work/output/tbl_bck10001.png                                                                   (00:00.000 / 02:08.610, 570Mb)
Load /work/output/tbl_bck05140.png                                                                   (00:00.000 / 02:08.610, 570Mb)
Load /work/output/tbl_bck00010.png                                                                   (00:00.000 / 02:08.610, 570Mb)
Load /work/output/tbl_bck12400.png                                                                   (00:00.000 / 02:08.611, 570Mb)
Load /work/output/tbl_bck1010.png                                                                    (00:00.000 / 02:08.611, 570Mb)
Load /work/output/Provenance-55219d12-6245-4de4-8b50-ddf6f16a789b.json                               (00:00.000 / 02:08.611, 570Mb)
.Load /work/output/ValueSet-88464c5b-5338-4c2b-9c07-b42fef2ada64.change.history.html                  (00:00.000 / 02:08.611, 570Mb)
Load /work/output/expansions.xml                                                                     (00:00.000 / 02:08.612, 570Mb)
Load /work/output/icon-q-choice.png                                                                  (00:00.043 / 02:08.655, 650Mb)
Load /work/output/tbl_bck01252.png                                                                   (00:00.000 / 02:08.656, 650Mb)
Load /work/output/tbl_bck1252412.png                                                                 (00:00.000 / 02:08.656, 650Mb)
Load /work/output/icon_group.png                                                                     (00:00.000 / 02:08.656, 650Mb)
Load /work/output/StructureDefinition-f675b1e8-9f3f-44e8-bb59-9681f78eb464.profile.history.html      (00:00.000 / 02:08.657, 650Mb)
Load /work/output/tbl_bck011.png                                                                     (00:00.000 / 02:08.658, 650Mb)
Load /work/output/ValueSet-88464c5b-5338-4c2b-9c07-b42fef2ada64.html                                 (00:00.000 / 02:08.658, 650Mb)
Load /work/output/tbl_bck1400.png                                                                    (00:00.000 / 02:08.659, 650Mb)
Load /work/output/icon_vd_union.png                                                                  (00:00.000 / 02:08.659, 650Mb)
Load /work/output/capability-statements.html                                                         (00:00.000 / 02:08.659, 650Mb)
Load /work/output/ValueSet-88464c5b-5338-4c2b-9c07-b42fef2ada64.xlsx                                 (00:00.000 / 02:08.660, 650Mb)
Load /work/output/tbl_bck01111010.png                                                                (00:00.000 / 02:08.660, 650Mb)
Load /work/output/tbl_bck03.png                                                                      (00:00.000 / 02:08.660, 650Mb)
Load /work/output/icon_latest.png                                                                    (00:00.000 / 02:08.661, 650Mb)
Load /work/output/tbl_bck010.png                                                                     (00:00.000 / 02:08.661, 650Mb)
Load /work/output/SearchParameter-MII-SP-Consent-ProvisionPeriod-testing.html                        (00:00.000 / 02:08.661, 650Mb)
Load /work/output/icon-q-attachment.png                                                              (00:00.000 / 02:08.662, 650Mb)
Load /work/output/tbl_spacer.png                                                                     (00:00.000 / 02:08.662, 650Mb)
Load /work/output/StructureDefinition-f675b1e8-9f3f-44e8-bb59-9681f78eb464-mappings.html             (00:00.000 / 02:08.662, 650Mb)
Load /work/output/tbl_bck1011.png                                                                    (00:00.000 / 02:08.663, 650Mb)
Load /work/output/tbl_bck00011.png                                                                   (00:00.000 / 02:08.663, 650Mb)
Load /work/output/icon-fhir-720.png                                                                  (00:00.000 / 02:08.663, 650Mb)
Load /work/output/tbl_bck0125.png                                                                    (00:00.000 / 02:08.664, 650Mb)
Load /work/output/Consent-34150a23-b1c8-404f-874f-e042a30435d2.json                                  (00:00.000 / 02:08.664, 650Mb)
Load /work/output/icon-q-reference.png                                                               (00:00.000 / 02:08.664, 650Mb)
Load /work/output/tbl_bck02410.png                                                                   (00:00.000 / 02:08.664, 650Mb)
Load /work/output/tbl_bck10000.png                                                                   (00:00.000 / 02:08.665, 650Mb)
Load /work/output/tbl_bck15150.png                                                                   (00:00.000 / 02:08.665, 650Mb)
Load /work/output/tbl_bck101101.png                                                                  (00:00.000 / 02:08.665, 650Mb)
Load /work/output/tbl_bck15152.png                                                                   (00:00.000 / 02:08.665, 650Mb)
Load /work/output/en/tbl_bck01111.png                                                                (00:00.000 / 02:08.665, 650Mb)
Load /work/output/en/Consent-5143266b-8d60-4b28-8ee9-635140ffa5bb.json                               (00:00.000 / 02:08.666, 650Mb)
Load /work/output/en/icon_page_n_i.gif                                                               (00:00.000 / 02:08.666, 650Mb)
Load /work/output/en/researcher-guidance.html                                                        (00:00.000 / 02:08.667, 650Mb)
Load /work/output/en/tbl_bck0111.png                                                                 (00:00.002 / 02:08.669, 654Mb)
Load /work/output/en/SearchParameter-MII-SP-Consent-ProvisionType.json.html                          (00:00.000 / 02:08.670, 654Mb)
Load /work/output/en/logical-models.md                                                               (00:00.002 / 02:08.673, 658Mb)
Load /work/output/en/tbl_bck11100.png                                                                (00:00.000 / 02:08.673, 658Mb)
Load /work/output/en/tbl_bck03510.png                                                                (00:00.000 / 02:08.673, 658Mb)
Load /work/output/en/ValueSet-2.16.840.1.113883.3.1937.777.24.11.36--20230331232804.xml.html         (00:00.000 / 02:08.674, 658Mb)
Load /work/output/en/tbl_bck1025.png                                                                 (00:00.003 / 02:08.677, 664Mb)
Load /work/output/en/icon-administration.png                                                         (00:00.000 / 02:08.678, 664Mb)
Load /work/output/en/tbl_bck150.png                                                                  (00:00.000 / 02:08.678, 664Mb)
Load /work/output/en/llms.txt                                                                        (00:00.000 / 02:08.678, 664Mb)
Load /work/output/en/translationinfo.html                                                            (00:00.000 / 02:08.678, 664Mb)
Load /work/output/en/tbl_bck0000111101.png                                                           (00:00.002 / 02:08.681, 668Mb)
Load /work/output/en/searchform.html                                                                 (00:00.000 / 02:08.681, 668Mb)
Load /work/output/en/SearchParameter-MII-SP-Consent-ProvisionCodePeriod.change.history.html          (00:00.001 / 02:08.683, 670Mb)
Load /work/output/en/tbl_bck1001010.png                                                              (00:00.002 / 02:08.685, 672Mb)
Load /work/output/en/tbl_bck0515.png                                                                 (00:00.000 / 02:08.685, 672Mb)
Load /work/output/en/icon-fhir-16-grey.png                                                           (00:00.000 / 02:08.686, 672Mb)
Load /work/output/en/profiles-and-extensions.md                                                      (00:00.000 / 02:08.686, 672Mb)
Load /work/output/en/tbl_bck1011001.png                                                              (00:00.000 / 02:08.686, 672Mb)
Load /work/output/en/tbl_bck1111000.png                                                              (00:00.000 / 02:08.687, 672Mb)
Load /work/output/en/CodeSystem-2.16.840.1.113883.3.1937.777.24.5.3--20251211153003.html             (00:00.000 / 02:08.687, 672Mb)
.Load /work/output/en/tbl_bck1011000.png                                                              (00:00.007 / 02:08.694, 686Mb)
Load /work/output/en/StructureDefinition-e0e166b4-0f77-478d-9062-de0034d98ce0-testing.html           (00:00.000 / 02:08.694, 686Mb)
Load /work/output/en/ValueSet-2.16.840.1.113883.3.1937.777.24.11.30--20210323234509-testing.html     (00:00.002 / 02:08.697, 690Mb)
Load /work/output/en/examples.md                                                                     (00:00.002 / 02:08.699, 692Mb)
Load /work/output/en/icon-qi-help.png                                                                (00:00.000 / 02:08.699, 692Mb)
Load /work/output/en/icon_profile.png                                                                (00:00.000 / 02:08.700, 692Mb)
Load /work/output/en/tbl_bck025.png                                                                  (00:00.000 / 02:08.700, 692Mb)
Load /work/output/en/tbl_bck0500.png                                                                 (00:00.000 / 02:08.700, 692Mb)
Load /work/output/en/tbl_bck1150.png                                                                 (00:00.000 / 02:08.701, 692Mb)
Load /work/output/en/StructureDefinition-e0e166b4-0f77-478d-9062-de0034d98ce0-mappings.html          (00:00.000 / 02:08.701, 692Mb)
Load /work/output/en/tbl_bck0000111100.png                                                           (00:00.047 / 02:08.749, 770Mb)
Load /work/output/en/SearchParameter-MII-SP-Consent-ProvisionCode.json                               (00:00.000 / 02:08.749, 770Mb)
Load /work/output/en/tbl_bck151.png                                                                  (00:00.000 / 02:08.750, 770Mb)
Load /work/output/en/icon_page_n.gif                                                                 (00:00.000 / 02:08.750, 770Mb)
Load /work/output/en/icon-fhir-16.png                                                                (00:00.000 / 02:08.750, 770Mb)
Load /work/output/en/SearchParameter-MII-SP-Consent-PolicyUri.md                                     (00:00.000 / 02:08.751, 770Mb)
Load /work/output/en/external.png                                                                    (00:00.000 / 02:08.751, 770Mb)
Load /work/output/en/tbl_bck11101.png                                                                (00:00.000 / 02:08.751, 770Mb)
Load /work/output/en/SearchParameter-MII-SP-Consent-ProvisionPeriod.xml                              (00:00.000 / 02:08.752, 770Mb)
Load /work/output/en/tbl_bck0110.png                                                                 (00:00.000 / 02:08.752, 772Mb)
Load /work/output/en/tbl_bck1540.png                                                                 (00:00.000 / 02:08.753, 772Mb)
Load /work/output/en/artifacts.html                                                                  (00:00.000 / 02:08.753, 772Mb)
Load /work/output/en/StructureDefinition-f675b1e8-9f3f-44e8-bb59-9681f78eb464.html                   (00:00.003 / 02:08.757, 778Mb)
Load /work/output/en/tbl_bck01110.png                                                                (00:00.076 / 02:08.834, 918Mb)
Load /work/output/en/tbl_bck0350250.png                                                              (00:00.000 / 02:08.834, 918Mb)
Load /work/output/en/tbl_bck0250250.png                                                              (00:00.000 / 02:08.835, 918Mb)
Load /work/output/en/SearchParameter-MII-SP-Consent-ProvisionPeriod.md                               (00:00.000 / 02:08.835, 918Mb)
Load /work/output/en/CodeSystem-2.16.840.1.113883.3.1937.777.24.5.2--20210423105554.json.html        (00:00.000 / 02:08.835, 918Mb)
Load /work/output/en/icon_reference.png                                                              (00:00.003 / 02:08.839, 924Mb)
Load /work/output/en/tbl_bck03513.png                                                                (00:00.000 / 02:08.839, 924Mb)
Load /work/output/en/tbl_bck100000.png                                                               (00:00.000 / 02:08.840, 924Mb)
Load /work/output/en/tbl_bck000000.png                                                               (00:00.000 / 02:08.840, 924Mb)
Load /work/output/en/ai.zip                                                                          (00:00.000 / 02:08.840, 924Mb)
Load /work/output/en/ImplementationGuide-mii-ig-consent.json                                         (00:00.000 / 02:08.841, 924Mb)
Load /work/output/en/tbl_bck000011110000.png                                                         (00:00.000 / 02:08.841, 924Mb)
Load /work/output/en/tbl_vjoin-closed.png                                                            (00:00.000 / 02:08.841, 924Mb)
Load /work/output/en/CodeSystem-mii-cs-consent-version-modules-testing.html                          (00:00.000 / 02:08.842, 924Mb)
Load /work/output/en/tbl_bck1152.png                                                                 (00:00.002 / 02:08.844, 928Mb)
Load /work/output/en/SearchParameter-MII-SP-Consent-ProvisionCodeType.md                             (00:00.001 / 02:08.846, 928Mb)
Load /work/output/en/tbl_bck0111101.png                                                              (00:00.000 / 02:08.846, 928Mb)
Load /work/output/en/SearchParameter-MII-SP-Consent-ProvisionCode.xml                                (00:00.000 / 02:08.846, 928Mb)
Load /work/output/en/tbl_bck033.png                                                                  (00:00.000 / 02:08.847, 928Mb)
Load /work/output/en/Consent-34150a23-b1c8-404f-874f-e042a30435d2.change.history.html                (00:00.000 / 02:08.847, 928Mb)
Load /work/output/en/Consent-Example-MII-Consent-ResultType-document.change.history.html             (00:00.002 / 02:08.849, 932Mb)
Load /work/output/en/prism.js                                                                        (00:00.002 / 02:08.852, 934Mb)
Load /work/output/en/tbl_bck00001111110.png                                                          (00:00.000 / 02:08.852, 934Mb)
Load /work/output/en/conformance.md                                                                  (00:00.000 / 02:08.852, 934Mb)
Load /work/output/en/tbl_bck00001111111.png                                                          (00:00.000 / 02:08.853, 934Mb)
Load /work/output/en/mustsupport.png                                                                 (00:00.000 / 02:08.853, 934Mb)
Load /work/output/en/icon_vd_col.png                                                                 (00:00.000 / 02:08.853, 934Mb)
Load /work/output/en/tbl_bck0111100.png                                                              (00:00.000 / 02:08.854, 934Mb)
Load /work/output/en/tbl_bck035125.png                                                               (00:00.000 / 02:08.854, 934Mb)
Load /work/output/en/StructureDefinition-f675b1e8-9f3f-44e8-bb59-9681f78eb464-testing.html           (00:00.000 / 02:08.854, 934Mb)
Load /work/output/en/tbl_bck03300.png                                                                (00:00.002 / 02:08.857, 938Mb)
Load /work/output/en/tbl_bck152.png                                                                  (00:00.000 / 02:08.857, 938Mb)
Load /work/output/en/CodeSystem-mii-cs-consent-version-modules.html                                  (00:00.000 / 02:08.857, 938Mb)
Load /work/output/en/SearchParameter-MII-SP-Consent-ProvisionType.xml.html                           (00:00.003 / 02:08.861, 944Mb)
.Load /work/output/en/ValueSet-88464c5b-5338-4c2b-9c07-b42fef2ada64.md                                (00:00.003 / 02:08.864, 950Mb)
Load /work/output/en/tbl_bck000001.png                                                               (00:00.000 / 02:08.864, 950Mb)
Load /work/output/en/tbl_bck03512.png                                                                (00:00.000 / 02:08.864, 950Mb)
Load /work/output/en/icon_vd_select.png                                                              (00:00.000 / 02:08.865, 950Mb)
Load /work/output/en/tbl_bck1543.png                                                                 (00:00.000 / 02:08.865, 950Mb)
Load /work/output/en/SearchParameter-MII-SP-Consent-ProvisionType.html                               (00:00.000 / 02:08.865, 950Mb)
Load /work/output/en/guidance.html                                                                   (00:00.002 / 02:08.868, 954Mb)
Load /work/output/en/tbl_bck110010.png                                                               (00:00.002 / 02:08.870, 956Mb)
Load /work/output/en/icon-toc.png                                                                    (00:00.000 / 02:08.871, 956Mb)
Load /work/output/en/tbl_bck110000.png                                                               (00:00.000 / 02:08.871, 956Mb)
Load /work/output/en/DocumentReference-8a3d1799-2463-405e-b49c-6a16c8692b01.json                     (00:00.000 / 02:08.871, 956Mb)
Load /work/output/en/CodeSystem-2.16.840.1.113883.3.1937.777.24.5.3--20251211153003.xml.html         (00:00.000 / 02:08.871, 956Mb)
Load /work/output/en/icon_page_n_o.gif                                                               (00:00.023 / 02:08.895, 1004Mb)
Load /work/output/en/must-support.html                                                               (00:00.000 / 02:08.895, 1004Mb)
Load /work/output/en/tbl_bck000011.png                                                               (00:00.004 / 02:08.899, 1010Mb)
Load /work/output/en/implementer-guidance.html                                                       (00:00.000 / 02:08.900, 1010Mb)
Load /work/output/en/uml-diagrams.md                                                                 (00:00.002 / 02:08.902, 1012Mb)
Load /work/output/en/ValueSet-2.16.840.1.113883.3.1937.777.24.11.30--20210323234509.json             (00:00.000 / 02:08.902, 1012Mb)
Load /work/output/en/icon-fhir-128.png                                                               (00:00.000 / 02:08.903, 1012Mb)
Load /work/output/en/tbl_bck03310.png                                                                (00:00.000 / 02:08.903, 1012Mb)
Load /work/output/en/index.html                                                                      (00:00.000 / 02:08.903, 1012Mb)
Load /work/output/en/tbl_bck0111110.png                                                              (00:00.003 / 02:08.906, 1018Mb)
Load /work/output/en/tbl_vjoin.png                                                                   (00:00.000 / 02:08.907, 1018Mb)
Load /work/output/en/Consent-Example-MII-Consent-ResultType-document.json.html                       (00:00.000 / 02:08.907, 1018Mb)
Load /work/output/en/tbl_bck00001111101.png                                                          (00:00.005 / 02:08.912, 1Gb)
Load /work/output/en/tbl_vjoin_end_slice.png                                                         (00:00.000 / 02:08.913, 1Gb)
Load /work/output/en/StructureDefinition-56375452-bfa1-4111-af7c-5b5ba9a1857c.html                   (00:00.000 / 02:08.913, 1Gb)
Load /work/output/en/tbl_bck025125.png                                                               (00:00.071 / 02:08.985, 407Mb)
Load /work/output/en/CodeSystem-2.16.840.1.113883.3.1937.777.24.5.3--20251211153003.md               (00:00.000 / 02:08.985, 407Mb)
Load /work/output/en/icon-q-text.png                                                                 (00:00.000 / 02:08.986, 407Mb)
Load /work/output/en/tbl_bck00001111100.png                                                          (00:00.000 / 02:08.986, 407Mb)
Load /work/output/en/SearchParameter-MII-SP-Consent-ProvisionType.xml                                (00:00.000 / 02:08.986, 407Mb)
Load /work/output/en/icon-q-display.png                                                              (00:00.000 / 02:08.987, 407Mb)
Load /work/output/en/icon-fhir-1024.png                                                              (00:00.000 / 02:08.987, 407Mb)
Load /work/output/en/tbl_bck0512.png                                                                 (00:00.000 / 02:08.988, 407Mb)
Load /work/output/en/StructureDefinition-56375452-bfa1-4111-af7c-5b5ba9a1857c.md                     (00:00.000 / 02:08.988, 407Mb)
Load /work/output/en/tbl_bck000011110010.png                                                         (00:00.000 / 02:08.988, 407Mb)
Load /work/output/en/conformance.html                                                                (00:00.000 / 02:08.988, 407Mb)
Load /work/output/en/tbl_bck143.png                                                                  (00:00.002 / 02:08.991, 411Mb)
Load /work/output/en/Consent-34150a23-b1c8-404f-874f-e042a30435d2.md                                 (00:00.000 / 02:08.991, 411Mb)
Load /work/output/en/tbl_bck03503.png                                                                (00:00.000 / 02:08.992, 411Mb)
Load /work/output/en/StructureDefinition-56375452-bfa1-4111-af7c-5b5ba9a1857c-definitions.html       (00:00.000 / 02:08.992, 411Mb)
Load /work/output/en/tbl_bck100010.png                                                               (00:00.032 / 02:09.025, 469Mb)
Load /work/output/en/tbl_bck000010.png                                                               (00:00.000 / 02:09.025, 469Mb)
Load /work/output/en/tbl_bck1552.png                                                                 (00:00.000 / 02:09.025, 469Mb)
Load /work/output/en/SearchParameter-MII-SP-Consent-ProvisionPeriod.change.history.html              (00:00.000 / 02:09.026, 469Mb)
Load /work/output/en/icon_element.gif                                                                (00:00.002 / 02:09.028, 473Mb)
Load /work/output/en/SearchParameter-MII-SP-Consent-ProvisionType.change.history.html                (00:00.000 / 02:09.028, 473Mb)
Load /work/output/en/tbl_bck0350240.png                                                              (00:00.002 / 02:09.031, 475Mb)
Load /work/output/en/tbl_bck0250240.png                                                              (00:00.000 / 02:09.031, 475Mb)
Load /work/output/en/SearchParameter-MII-SP-Consent-ProvisionCode-testing.html                       (00:00.000 / 02:09.031, 475Mb)
Load /work/output/en/tbl_bck01100.png                                                                (00:00.002 / 02:09.033, 479Mb)
Load /work/output/en/StructureDefinition-e0e166b4-0f77-478d-9062-de0034d98ce0-examples.html          (00:00.000 / 02:09.034, 479Mb)
Load /work/output/en/SearchParameter-MII-SP-Consent-PolicyUri-testing.html                           (00:00.007 / 02:09.041, 483Mb)
Load /work/output/en/tbl_bck0100.png                                                                 (00:00.002 / 02:09.044, 485Mb)
Load /work/output/en/tbl_bck1550.png                                                                 (00:00.000 / 02:09.045, 485Mb)
Load /work/output/en/ValueSet-2.16.840.1.113883.3.1937.777.24.11.30--20210323234509.md               (00:00.000 / 02:09.045, 485Mb)
.Load /work/output/en/tbl_bck11111.png                                                                (00:00.000 / 02:09.045, 485Mb)
Load /work/output/en/CodeSystem-mii-cs-consent-version-modules.xml.html                              (00:00.000 / 02:09.045, 485Mb)
Load /work/output/en/tbl_bck155.png                                                                  (00:00.013 / 02:09.058, 511Mb)
Load /work/output/en/tbl_bck141.png                                                                  (00:00.000 / 02:09.059, 511Mb)
Load /work/output/en/Parameters-mii-param-consent-manifest.xml                                       (00:00.000 / 02:09.059, 511Mb)
Load /work/output/en/tbl_bck0000111110.png                                                           (00:00.000 / 02:09.060, 511Mb)
Load /work/output/en/Consent-34150a23-b1c8-404f-874f-e042a30435d2.html                               (00:00.000 / 02:09.060, 511Mb)
Load /work/output/en/tbl_bck035.png                                                                  (00:00.004 / 02:09.065, 519Mb)
Load /work/output/en/tbl_bck1001001.png                                                              (00:00.000 / 02:09.065, 519Mb)
Load /work/output/en/tbl_bck0510.png                                                                 (00:00.000 / 02:09.065, 519Mb)
Load /work/output/en/tbl_bck1140.png                                                                 (00:00.000 / 02:09.066, 519Mb)
Load /work/output/en/CodeSystem-mii-cs-consent-version-modules.md                                    (00:00.000 / 02:09.066, 519Mb)
Load /work/output/en/tbl_bck1111010.png                                                              (00:00.000 / 02:09.066, 519Mb)
Load /work/output/en/tbl_bck1011010.png                                                              (00:00.000 / 02:09.067, 519Mb)
Load /work/output/en/tbl_bck1424.png                                                                 (00:00.000 / 02:09.067, 519Mb)
Load /work/output/en/icon-resource.png                                                               (00:00.000 / 02:09.067, 519Mb)
Load /work/output/en/icon_text.png                                                                   (00:00.000 / 02:09.068, 519Mb)
Load /work/output/en/toc.html                                                                        (00:00.000 / 02:09.068, 519Mb)
Load /work/output/en/SearchParameter-MII-SP-Consent-ProvisionCodePeriod.xml                          (00:00.006 / 02:09.074, 529Mb)
Load /work/output/en/Consent-34150a23-b1c8-404f-874f-e042a30435d2.xml                                (00:00.000 / 02:09.074, 529Mb)
Load /work/output/en/Provenance-55219d12-6245-4de4-8b50-ddf6f16a789b.html                            (00:00.001 / 02:09.076, 531Mb)
Load /work/output/en/icon-type-operation.png                                                         (00:00.002 / 02:09.078, 535Mb)
Load /work/output/en/tbl_vjoin_slicer.png                                                            (00:00.000 / 02:09.079, 535Mb)
Load /work/output/en/icon_bundle.png                                                                 (00:00.000 / 02:09.079, 535Mb)
Load /work/output/en/tbl_bck1001000.png                                                              (00:00.000 / 02:09.079, 535Mb)
Load /work/output/en/tbl_bck0505.png                                                                 (00:00.000 / 02:09.079, 535Mb)
Load /work/output/en/Consent-5143266b-8d60-4b28-8ee9-635140ffa5bb.xml                                (00:00.000 / 02:09.080, 535Mb)
Load /work/output/en/StructureDefinition-e0e166b4-0f77-478d-9062-de0034d98ce0-definitions.html       (00:00.004 / 02:09.084, 541Mb)
Load /work/output/en/tbl_vjoin_end_slicer-closed.png                                                 (00:00.121 / 02:09.205, 765Mb)
Load /work/output/en/tbl_bck0000111111.png                                                           (00:00.000 / 02:09.206, 765Mb)
Load /work/output/en/tbl_bck140.png                                                                  (00:00.000 / 02:09.207, 765Mb)
Load /work/output/en/changes.html                                                                    (00:00.000 / 02:09.207, 765Mb)
Load /work/output/en/icon-qi-subject.png                                                             (00:00.003 / 02:09.211, 769Mb)
Load /work/output/en/tbl_bck11110.png                                                                (00:00.000 / 02:09.212, 769Mb)
Load /work/output/en/StructureDefinition-56375452-bfa1-4111-af7c-5b5ba9a1857c.profile.history.html   (00:00.000 / 02:09.212, 769Mb)
Load /work/output/en/ValueSet-88464c5b-5338-4c2b-9c07-b42fef2ada64.json                              (00:00.002 / 02:09.214, 773Mb)
Load /work/output/en/tbl_bck03500.png                                                                (00:00.000 / 02:09.215, 773Mb)
Load /work/output/en/ValueSet-88464c5b-5338-4c2b-9c07-b42fef2ada64.xml.html                          (00:00.000 / 02:09.215, 773Mb)
Load /work/output/en/icon_extension_complex.png                                                      (00:00.003 / 02:09.219, 779Mb)
Load /work/output/en/lock.png                                                                        (00:00.000 / 02:09.219, 779Mb)
Load /work/output/en/ValueSet-2.16.840.1.113883.3.1937.777.24.11.30--20210323234509.xml.html         (00:00.000 / 02:09.219, 779Mb)
Load /work/output/en/tbl_bck0101.png                                                                 (00:00.005 / 02:09.224, 787Mb)
Load /work/output/en/tbl_bck01101.png                                                                (00:00.001 / 02:09.226, 787Mb)
Load /work/output/en/SearchParameter-MII-SP-Consent-PolicyUri.change.history.html                    (00:00.000 / 02:09.226, 787Mb)
Load /work/output/en/tbl_vjoin_slicer-closed.png                                                     (00:00.002 / 02:09.228, 791Mb)
Load /work/output/en/SearchParameter-MII-SP-Consent-ProvisionCodePeriod.html                         (00:00.000 / 02:09.228, 791Mb)
Load /work/output/en/CodeSystem-2.16.840.1.113883.3.1937.777.24.5.3--20251211153003.change.history.html (00:00.002 / 02:09.231, 795Mb)
Load /work/output/en/tbl_bck011110000.png                                                            (00:00.002 / 02:09.233, 797Mb)
Load /work/output/en/tbl_bck1250.png                                                                 (00:00.000 / 02:09.233, 797Mb)
Load /work/output/en/tbl_bck00001111010.png                                                          (00:00.000 / 02:09.234, 797Mb)
Load /work/output/en/tbl_bck133.png                                                                  (00:00.000 / 02:09.234, 797Mb)
Load /work/output/en/icon-fhir-48.png                                                                (00:00.000 / 02:09.235, 797Mb)
Load /work/output/en/icon-q-date.png                                                                 (00:00.000 / 02:09.235, 797Mb)
Load /work/output/en/tbl_bck100100.png                                                               (00:00.000 / 02:09.235, 797Mb)
Load /work/output/en/DocumentReference-8a3d1799-2463-405e-b49c-6a16c8692b01.xml.html                 (00:00.000 / 02:09.235, 797Mb)
Load /work/output/en/tbl_bck000100.png                                                               (00:00.002 / 02:09.238, 803Mb)
Load /work/output/en/tree-filter.png                                                                 (00:00.000 / 02:09.239, 803Mb)
.Load /work/output/en/Parameters-mii-param-consent-manifest.html                                      (00:00.000 / 02:09.239, 803Mb)
Load /work/output/en/tbl_bck1330.png                                                                 (00:00.003 / 02:09.242, 807Mb)
Load /work/output/en/icon-not-selected.png                                                           (00:00.000 / 02:09.242, 807Mb)
Load /work/output/en/icon_choice.gif                                                                 (00:00.000 / 02:09.242, 807Mb)
Load /work/output/en/tbl_bck010110.png                                                               (00:00.000 / 02:09.243, 807Mb)
Load /work/output/en/icon_page-child.gif                                                             (00:00.000 / 02:09.243, 807Mb)
Load /work/output/en/tbl_bck110110.png                                                               (00:00.000 / 02:09.243, 807Mb)
Load /work/output/en/StructureDefinition-56375452-bfa1-4111-af7c-5b5ba9a1857c-testing.html           (00:00.000 / 02:09.244, 807Mb)
Load /work/output/en/DocumentReference-8a3d1799-2463-405e-b49c-6a16c8692b01.xml                      (00:00.002 / 02:09.246, 811Mb)
Load /work/output/en/Consent-34150a23-b1c8-404f-874f-e042a30435d2.xml.html                           (00:00.000 / 02:09.246, 811Mb)
Load /work/output/en/tbl_vjoin_end_slicer-open.png                                                   (00:00.007 / 02:09.253, 823Mb)
Load /work/output/en/icon-change-remove.png                                                          (00:00.000 / 02:09.254, 823Mb)
Load /work/output/en/link.svg                                                                        (00:00.000 / 02:09.254, 823Mb)
Load /work/output/en/tbl_bck100101.png                                                               (00:00.000 / 02:09.254, 823Mb)
Load /work/output/en/icon_modifier_extension_simple.png                                              (00:00.000 / 02:09.255, 823Mb)
Load /work/output/en/StructureDefinition-e0e166b4-0f77-478d-9062-de0034d98ce0.md                     (00:00.000 / 02:09.255, 823Mb)
Load /work/output/en/StructureDefinition-f675b1e8-9f3f-44e8-bb59-9681f78eb464-definitions.html       (00:00.000 / 02:09.255, 823Mb)
Load /work/output/en/tbl_bck035025.png                                                               (00:00.041 / 02:09.296, 899Mb)
Load /work/output/en/tbl_bck10240.png                                                                (00:00.000 / 02:09.297, 899Mb)
Load /work/output/en/logical-models.html                                                             (00:00.000 / 02:09.297, 899Mb)
Load /work/output/en/StructureDefinition-56375452-bfa1-4111-af7c-5b5ba9a1857c.profile.json.html      (00:00.002 / 02:09.299, 901Mb)
Load /work/output/en/guidance.md                                                                     (00:00.040 / 02:09.340, 975Mb)
Load /work/output/en/StructureDefinition-f675b1e8-9f3f-44e8-bb59-9681f78eb464.profile.json.html      (00:00.000 / 02:09.341, 975Mb)
Load /work/output/en/tbl_bck1251.png                                                                 (00:00.040 / 02:09.381, 1Gb)
Load /work/output/en/icon-qi-vertical.png                                                            (00:00.000 / 02:09.381, 1Gb)
Load /work/output/en/implementer-guidance.md                                                         (00:00.000 / 02:09.382, 1Gb)
Load /work/output/en/ValueSet-2.16.840.1.113883.3.1937.777.24.11.36--20230331232804.json             (00:00.000 / 02:09.382, 1Gb)
Load /work/output/en/Provenance-55219d12-6245-4de4-8b50-ddf6f16a789b.change.history.html             (00:00.000 / 02:09.382, 1Gb)
Load /work/output/en/icon-change-edit.png                                                            (00:00.002 / 02:09.385, 1Gb)
Load /work/output/en/tbl_bck000011110.png                                                            (00:00.000 / 02:09.385, 1Gb)
Load /work/output/en/Provenance-55219d12-6245-4de4-8b50-ddf6f16a789b.xml.html                        (00:00.000 / 02:09.385, 1Gb)
Load /work/output/en/tbl_bck0000111001.png                                                           (00:00.003 / 02:09.389, 1Gb)
Load /work/output/en/tbl_bck0000111110110.png                                                        (00:00.000 / 02:09.389, 1Gb)
Load /work/output/en/tbl_bck124.png                                                                  (00:00.000 / 02:09.389, 1Gb)
Load /work/output/en/tbl_bck130.png                                                                  (00:00.000 / 02:09.390, 1Gb)
Load /work/output/en/tbl_bck11000.png                                                                (00:00.000 / 02:09.390, 1Gb)
Load /work/output/en/tbl_bck03410.png                                                                (00:00.000 / 02:09.390, 1Gb)
Load /work/output/en/tbl_bck1125.png                                                                 (00:00.000 / 02:09.391, 1Gb)
Load /work/output/en/tbl_bck050.png                                                                  (00:00.000 / 02:09.391, 1Gb)
Load /work/output/en/tbl_bck01011.png                                                                (00:00.000 / 02:09.391, 1Gb)
Load /work/output/en/tbl_vjoin_end_slicer.png                                                        (00:00.000 / 02:09.391, 1Gb)
Load /work/output/en/tbl-open.png                                                                    (00:00.000 / 02:09.392, 1Gb)
Load /work/output/en/tbl_bck0011.png                                                                 (00:00.000 / 02:09.392, 1Gb)
Load /work/output/en/SearchParameter-MII-SP-Consent-ProvisionPeriod.json.html                        (00:00.000 / 02:09.392, 1Gb)
Load /work/output/en/tbl_bck0010.png                                                                 (00:00.002 / 02:09.395, 1Gb)
Load /work/output/en/icon-qi-hidden.png                                                              (00:00.000 / 02:09.395, 1Gb)
Load /work/output/en/tbl_bck01010.png                                                                (00:00.000 / 02:09.396, 1Gb)
Load /work/output/en/Consent-Example-MII-Consent-ResultType-document.html                            (00:00.000 / 02:09.396, 1Gb)
Load /work/output/en/icon-warning.png                                                                (00:00.003 / 02:09.400, 1Gb)
Load /work/output/en/tbl_bck051.png                                                                  (00:00.000 / 02:09.400, 1Gb)
Load /work/output/en/SearchParameter-MII-SP-Consent-ProvisionPeriod.json                             (00:00.000 / 02:09.400, 1Gb)
Load /work/output/en/security-and-privacy.md                                                         (00:00.000 / 02:09.401, 1Gb)
Load /work/output/en/SearchParameter-MII-SP-Consent-ProvisionCodeType.xml                            (00:00.000 / 02:09.401, 1Gb)
Load /work/output/en/tbl_vjoin_slice-open.png                                                        (00:00.000 / 02:09.401, 1Gb)
Load /work/output/en/tbl_bck11001.png                                                                (00:00.000 / 02:09.402, 1Gb)
Load /work/output/en/uml-diagrams.html                                                               (00:00.000 / 02:09.402, 1Gb)
Load /work/output/en/tbl_bck125.png                                                                  (00:00.002 / 02:09.404, 1Gb)
.Load /work/output/en/tbl_bck0400.png                                                                 (00:00.000 / 02:09.405, 1Gb)
Load /work/output/en/tbl_bck1050.png                                                                 (00:00.000 / 02:09.405, 1Gb)
Load /work/output/en/tbl_bck0000111000.png                                                           (00:00.000 / 02:09.405, 1Gb)
Load /work/output/en/tbl_vjoin-open.png                                                              (00:00.000 / 02:09.406, 1Gb)
Load /work/output/en/icon_vd_view.png                                                                (00:00.002 / 02:09.408, 1Gb)
Load /work/output/en/icon_datatype.gif                                                               (00:00.001 / 02:09.410, 1Gb)
Load /work/output/en/tbl_bck000011111.png                                                            (00:00.001 / 02:09.411, 1Gb)
Load /work/output/en/alert.jpg                                                                       (00:00.000 / 02:09.411, 1Gb)
Load /work/output/en/tbl_vjoin_end_slice-open.png                                                    (00:00.000 / 02:09.411, 1Gb)
Load /work/output/en/tbl_bck1011100.png                                                              (00:00.000 / 02:09.412, 1Gb)
Load /work/output/en/tbl_bck1252.png                                                                 (00:00.000 / 02:09.412, 1Gb)
Load /work/output/en/Consent-5143266b-8d60-4b28-8ee9-635140ffa5bb.json.html                          (00:00.000 / 02:09.412, 1Gb)
Load /work/output/en/Parameters-mii-param-consent-manifest.json.html                                 (00:00.012 / 02:09.425, 1Gb)
Load /work/output/en/tbl_bck1011110.png                                                              (00:00.003 / 02:09.429, 1Gb)
Load /work/output/en/icon_slice.png                                                                  (00:00.000 / 02:09.429, 1Gb)
Load /work/output/en/tbl_bck0000111010.png                                                           (00:00.000 / 02:09.430, 1Gb)
Load /work/output/en/icon-directory.gif                                                              (00:00.000 / 02:09.430, 1Gb)
Load /work/output/en/tbl_bck000011101.png                                                            (00:00.000 / 02:09.430, 1Gb)
Load /work/output/en/icon-q-datetime.png                                                             (00:00.000 / 02:09.430, 1Gb)
Load /work/output/en/DocumentReference-8a3d1799-2463-405e-b49c-6a16c8692b01.json.html                (00:00.000 / 02:09.431, 1Gb)
Load /work/output/en/tbl_bck0410.png                                                                 (00:00.002 / 02:09.434, 1Gb)
Load /work/output/en/tbl_bck1040.png                                                                 (00:00.000 / 02:09.434, 1Gb)
Load /work/output/en/tbl_bck11011.png                                                                (00:00.000 / 02:09.434, 1Gb)
Load /work/output/en/tbl_bck041.png                                                                  (00:00.000 / 02:09.434, 1Gb)
Load /work/output/en/CodeSystem-2.16.840.1.113883.3.1937.777.24.5.2--20210423105554-testing.html     (00:00.000 / 02:09.435, 1Gb)
Load /work/output/en/SearchParameter-MII-SP-Consent-ProvisionCodeType.json                           (00:00.002 / 02:09.437, 1Gb)
Load /work/output/en/tbl_bck01000.png                                                                (00:00.000 / 02:09.437, 1Gb)
Load /work/output/en/icon-q-item.png                                                                 (00:00.000 / 02:09.438, 1Gb)
Load /work/output/en/tbl_bck0000.png                                                                 (00:00.000 / 02:09.438, 1Gb)
Load /work/output/en/tbl_bck0001.png                                                                 (00:00.000 / 02:09.438, 1Gb)
Load /work/output/en/tbl_bck040.png                                                                  (00:00.000 / 02:09.438, 1Gb)
Load /work/output/en/StructureDefinition-e0e166b4-0f77-478d-9062-de0034d98ce0.profile.history.html   (00:00.000 / 02:09.439, 1Gb)
Load /work/output/en/tbl_bck11010.png                                                                (00:00.002 / 02:09.441, 1Gb)
Load /work/output/en/tbl_bck03400.png                                                                (00:00.000 / 02:09.441, 1Gb)
Load /work/output/en/artifacts.md                                                                    (00:00.000 / 02:09.442, 1Gb)
Load /work/output/en/tbl_bck0000111110100.png                                                        (00:00.000 / 02:09.442, 1Gb)
Load /work/output/en/tbl_bck134.png                                                                  (00:00.000 / 02:09.442, 1Gb)
Load /work/output/en/tbl_bck120.png                                                                  (00:00.000 / 02:09.442, 1Gb)
Load /work/output/en/tbl_bck000011100.png                                                            (00:00.000 / 02:09.443, 1Gb)
Load /work/output/en/tbl_bck0000111011.png                                                           (00:00.000 / 02:09.443, 1Gb)
Load /work/output/en/ValueSet-2.16.840.1.113883.3.1937.777.24.11.30--20210323234509.xml              (00:00.000 / 02:09.443, 1Gb)
Load /work/output/en/SearchParameter-MII-SP-Consent-ProvisionCode.change.history.html                (00:00.000 / 02:09.444, 1Gb)
Load /work/output/en/icon_primitive.png                                                              (00:00.002 / 02:09.446, 1Gb)
Load /work/output/en/cc0.png                                                                         (00:00.000 / 02:09.447, 1Gb)
Load /work/output/en/tbl_vjoin_end_slice-closed.png                                                  (00:00.000 / 02:09.447, 1Gb)
Load /work/output/en/icon-q-open-choice.png                                                          (00:00.000 / 02:09.447, 1Gb)
Load /work/output/en/target.png                                                                      (00:00.000 / 02:09.447, 1Gb)
Load /work/output/en/tbl_bck00001111001.png                                                          (00:00.000 / 02:09.448, 1Gb)
Load /work/output/en/capability-statements.md                                                        (00:00.000 / 02:09.448, 1Gb)
Load /work/output/en/icon_q_root.gif                                                                 (00:00.000 / 02:09.448, 1Gb)
Load /work/output/en/tbl_bck1241.png                                                                 (00:00.000 / 02:09.448, 1Gb)
Load /work/output/en/tbl_bck10250.png                                                                (00:00.000 / 02:09.449, 1Gb)
Load /work/output/en/icon-q-quantity.png                                                             (00:00.000 / 02:09.449, 1Gb)
Load /work/output/en/information.png                                                                 (00:00.000 / 02:09.449, 1Gb)
Load /work/output/en/CodeSystem-mii-cs-consent-version-modules.json.html                             (00:00.000 / 02:09.449, 1Gb)
Load /work/output/en/tbl_vjoin_end-open.png                                                          (00:00.013 / 02:09.463, 381Mb)
Load /work/output/en/tbl_bck010100.png                                                               (00:00.000 / 02:09.464, 381Mb)
.Load /work/output/en/ValueSet-88464c5b-5338-4c2b-9c07-b42fef2ada64-testing.html                      (00:00.000 / 02:09.464, 381Mb)
Load /work/output/en/tbl_bck110100.png                                                               (00:00.002 / 02:09.466, 385Mb)
Load /work/output/en/icon-qi-security.bmp                                                            (00:00.000 / 02:09.467, 385Mb)
Load /work/output/en/SearchParameter-MII-SP-Consent-PolicyUri.html                                   (00:00.000 / 02:09.467, 385Mb)
Load /work/output/en/tbl_vjoin_end-closed.png                                                        (00:00.002 / 02:09.470, 389Mb)
Load /work/output/en/tbl_bck1320.png                                                                 (00:00.000 / 02:09.470, 389Mb)
Load /work/output/en/missing-data.md                                                                 (00:00.000 / 02:09.470, 389Mb)
Load /work/output/en/icon-include.png                                                                (00:00.000 / 02:09.470, 389Mb)
Load /work/output/en/CodeSystem-mii-cs-consent-version-modules.xml                                   (00:00.000 / 02:09.471, 389Mb)
Load /work/output/en/tbl_bck100110.png                                                               (00:00.001 / 02:09.473, 391Mb)
Load /work/output/en/ValueSet-2.16.840.1.113883.3.1937.777.24.11.30--20210323234509.json.html        (00:00.000 / 02:09.473, 391Mb)
Load /work/output/en/CodeSystem-2.16.840.1.113883.3.1937.777.24.5.2--20210423105554.html             (00:00.004 / 02:09.477, 397Mb)
Load /work/output/en/tbl_bck000110.png                                                               (00:00.002 / 02:09.480, 403Mb)
Load /work/output/en/icon-fhir-64.png                                                                (00:00.000 / 02:09.480, 403Mb)
Load /work/output/en/icon_reuse.png                                                                  (00:00.000 / 02:09.480, 403Mb)
Load /work/output/en/terminology.md                                                                  (00:00.000 / 02:09.480, 403Mb)
Load /work/output/en/tbl_bck1240.png                                                                 (00:00.000 / 02:09.481, 403Mb)
Load /work/output/en/Consent-Example-MII-Consent-ResultType-document.md                              (00:00.000 / 02:09.481, 403Mb)
Load /work/output/en/tbl_bck025025.png                                                               (00:00.000 / 02:09.481, 403Mb)
Load /work/output/en/icon_extension_simple.png                                                       (00:00.000 / 02:09.481, 403Mb)
Load /work/output/en/StructureDefinition-e0e166b4-0f77-478d-9062-de0034d98ce0.profile.json.html      (00:00.000 / 02:09.482, 403Mb)
Load /work/output/en/StructureDefinition-e0e166b4-0f77-478d-9062-de0034d98ce0.json                   (00:00.150 / 02:09.632, 637Mb)
Load /work/output/en/icon-q-decimal.png                                                              (00:00.000 / 02:09.633, 637Mb)
Load /work/output/en/tbl_bck011110010.png                                                            (00:00.000 / 02:09.633, 637Mb)
Load /work/output/en/icon_vd_foreach.png                                                             (00:00.000 / 02:09.634, 637Mb)
Load /work/output/en/icon-q-boolean.png                                                              (00:00.000 / 02:09.634, 637Mb)
Load /work/output/en/downloads.html                                                                  (00:00.000 / 02:09.635, 637Mb)
Load /work/output/en/tbl_bck025000.png                                                               (00:00.003 / 02:09.639, 641Mb)
Load /work/output/en/CodeSystem-2.16.840.1.113883.3.1937.777.24.5.2--20210423105554.json             (00:00.000 / 02:09.639, 641Mb)
Load /work/output/en/tbl_bck0110100.png                                                              (00:00.000 / 02:09.640, 641Mb)
Load /work/output/en/icon_page.gif                                                                   (00:00.000 / 02:09.640, 641Mb)
Load /work/output/en/Consent-Example-MII-Consent-ResultType-document.xml                             (00:00.000 / 02:09.641, 643Mb)
Load /work/output/en/tbl_bck1.png                                                                    (00:00.001 / 02:09.642, 643Mb)
Load /work/output/en/tbl_bck0000111.png                                                              (00:00.000 / 02:09.642, 643Mb)
Load /work/output/en/tbl_bck112.png                                                                  (00:00.000 / 02:09.643, 643Mb)
Load /work/output/en/tbl_bck0351.png                                                                 (00:00.000 / 02:09.643, 643Mb)
Load /work/output/en/tbl_bck111010.png                                                               (00:00.000 / 02:09.643, 643Mb)
Load /work/output/en/tbl_bck011010.png                                                               (00:00.000 / 02:09.644, 643Mb)
Load /work/output/en/icon-qi-optional.png                                                            (00:00.000 / 02:09.644, 643Mb)
Load /work/output/en/tbl_vjoin_slice-closed.png                                                      (00:00.000 / 02:09.644, 643Mb)
Load /work/output/en/StructureDefinition-e0e166b4-0f77-478d-9062-de0034d98ce0.html                   (00:00.000 / 02:09.644, 643Mb)
Load /work/output/en/SearchParameter-MII-SP-Consent-ProvisionCodeType.xml.html                       (00:00.214 / 02:09.859, 1Gb)
Load /work/output/en/StructureDefinition-e0e166b4-0f77-478d-9062-de0034d98ce0.xml                    (00:00.003 / 02:09.862, 1Gb)
Load /work/output/en/tbl_bck001001.png                                                               (00:00.027 / 02:09.890, 1Gb)
Load /work/output/en/tbl_bck02512.png                                                                (00:00.000 / 02:09.891, 1Gb)
Load /work/output/en/SearchParameter-MII-SP-Consent-ProvisionType-testing.html                       (00:00.000 / 02:09.892, 1Gb)
Load /work/output/en/metadata.md                                                                     (00:00.002 / 02:09.894, 1Gb)
Load /work/output/en/DocumentReference-8a3d1799-2463-405e-b49c-6a16c8692b01.change.history.html      (00:00.000 / 02:09.895, 1Gb)
Load /work/output/en/SearchParameter-MII-SP-Consent-ProvisionCode.md                                 (00:00.002 / 02:09.897, 1Gb)
Load /work/output/en/ImplementationGuide-mii-ig-consent.md                                           (00:00.000 / 02:09.897, 1Gb)
Load /work/output/en/tbl_bck02513.png                                                                (00:00.000 / 02:09.898, 1Gb)
Load /work/output/en/SearchParameter-MII-SP-Consent-ProvisionCodeType.json.html                      (00:00.000 / 02:09.898, 1Gb)
Load /work/output/en/tbl_bck001000.png                                                               (00:00.002 / 02:09.901, 1Gb)
Load /work/output/en/icon-qi-observation.png                                                         (00:00.000 / 02:09.901, 1Gb)
Load /work/output/en/tbl_bck101000.png                                                               (00:00.000 / 02:09.902, 1Gb)
Load /work/output/en/ValueSet-2.16.840.1.113883.3.1937.777.24.11.36--20230331232804.json.html        (00:00.000 / 02:09.902, 1Gb)
Load /work/output/en/general-requirements.html                                                       (00:00.003 / 02:09.905, 1Gb)
.Load /work/output/en/tbl_vjoin_slicer-open.png                                                       (00:00.004 / 02:09.910, 1Gb)
Load /work/output/en/tbl_bck0251250.png                                                              (00:00.000 / 02:09.911, 1Gb)
Load /work/output/en/tbl_bck0351250.png                                                              (00:00.000 / 02:09.911, 1Gb)
Load /work/output/en/tbl_bck011011.png                                                               (00:00.000 / 02:09.911, 1Gb)
Load /work/output/en/tbl_bck113.png                                                                  (00:00.000 / 02:09.912, 1Gb)
Load /work/output/en/tbl_bck0000110.png                                                              (00:00.000 / 02:09.912, 1Gb)
Load /work/output/en/tbl_bck0350.png                                                                 (00:00.000 / 02:09.912, 1Gb)
Load /work/output/en/tbl_bck10010000.png                                                             (00:00.000 / 02:09.913, 1Gb)
Load /work/output/en/tbl_bck00001110110.png                                                          (00:00.000 / 02:09.913, 1Gb)
Load /work/output/en/tbl_bck10110000.png                                                             (00:00.000 / 02:09.914, 1Gb)
Load /work/output/en/SearchParameter-MII-SP-Consent-PolicyUri.json                                   (00:00.000 / 02:09.914, 1Gb)
Load /work/output/en/tbl_bck0.png                                                                    (00:00.000 / 02:09.914, 1Gb)
Load /work/output/en/tbl_bck00001001.png                                                             (00:00.000 / 02:09.915, 1Gb)
Load /work/output/en/icon-change-add.png                                                             (00:00.000 / 02:09.915, 1Gb)
Load /work/output/en/tbl_bck000011111000.png                                                         (00:00.000 / 02:09.916, 1Gb)
Load /work/output/en/researcher-guidance.md                                                          (00:00.000 / 02:09.916, 1Gb)
Load /work/output/en/SearchParameter-MII-SP-Consent-ProvisionCodePeriod.md                           (00:00.000 / 02:09.916, 1Gb)
Load /work/output/en/icon-page.png                                                                   (00:00.000 / 02:09.916, 1Gb)
Load /work/output/en/tbl_bck1500.png                                                                 (00:00.000 / 02:09.917, 1Gb)
Load /work/output/en/ValueSet-88464c5b-5338-4c2b-9c07-b42fef2ada64.json.html                         (00:00.000 / 02:09.917, 1Gb)
Load /work/output/en/SearchParameter-MII-SP-Consent-ProvisionCodeType-testing.html                   (00:00.004 / 02:09.921, 1Gb)
Load /work/output/en/datasets-and-descriptions.md                                                    (00:00.002 / 02:09.924, 1Gb)
Load /work/output/en/StructureDefinition-f675b1e8-9f3f-44e8-bb59-9681f78eb464.profile.xml.html       (00:00.000 / 02:09.924, 1Gb)
Load /work/output/en/tbl_bck105.png                                                                  (00:00.070 / 02:09.995, 470Mb)
Load /work/output/en/tbl_bck01101100.png                                                             (00:00.000 / 02:09.996, 470Mb)
Load /work/output/en/tbl_bck111.png                                                                  (00:00.000 / 02:09.996, 470Mb)
Load /work/output/en/tbl_vline_slice.png                                                             (00:00.000 / 02:09.997, 470Mb)
Load /work/output/en/tbl_bck05040.png                                                                (00:00.000 / 02:09.997, 470Mb)
Load /work/output/en/tbl_bck0251252.png                                                              (00:00.000 / 02:09.997, 470Mb)
Load /work/output/en/tbl_bck00110.png                                                                (00:00.000 / 02:09.998, 470Mb)
Load /work/output/en/tbl_bck12500.png                                                                (00:00.000 / 02:09.998, 470Mb)
Load /work/output/en/tbl_bck0351252.png                                                              (00:00.000 / 02:09.998, 470Mb)
Load /work/output/en/icon_fixed.gif                                                                  (00:00.000 / 02:09.999, 470Mb)
Load /work/output/en/tbl_bck1110.png                                                                 (00:00.000 / 02:09.999, 470Mb)
Load /work/output/en/security-and-privacy.html                                                       (00:00.000 / 02:09.999, 470Mb)
Load /work/output/en/tbl_bck10101.png                                                                (00:00.002 / 02:10.002, 474Mb)
Load /work/output/en/SearchParameter-MII-SP-Consent-PolicyUri.xml.html                               (00:00.000 / 02:10.002, 474Mb)
Load /work/output/en/SearchParameter-MII-SP-Consent-ProvisionCodePeriod.json.html                    (00:00.003 / 02:10.006, 478Mb)
Load /work/output/en/StructureDefinition-f675b1e8-9f3f-44e8-bb59-9681f78eb464.xml                    (00:00.003 / 02:10.009, 482Mb)
Load /work/output/en/tbl_bck02510.png                                                                (00:00.008 / 02:10.018, 498Mb)
Load /work/output/en/modifier.png                                                                    (00:00.000 / 02:10.019, 498Mb)
Load /work/output/en/tbl_bck10100.png                                                                (00:00.000 / 02:10.019, 498Mb)
Load /work/output/en/icon-key.png                                                                    (00:00.000 / 02:10.019, 498Mb)
Load /work/output/en/tbl_bck15050.png                                                                (00:00.000 / 02:10.020, 498Mb)
Load /work/output/en/metadata.html                                                                   (00:00.000 / 02:10.020, 498Mb)
Load /work/output/en/icon-q-integer.png                                                              (00:00.006 / 02:10.026, 508Mb)
Load /work/output/en/tbl_bck1111.png                                                                 (00:00.000 / 02:10.027, 508Mb)
Load /work/output/en/StructureDefinition-56375452-bfa1-4111-af7c-5b5ba9a1857c-examples.html          (00:00.000 / 02:10.027, 508Mb)
Load /work/output/en/SearchParameter-MII-SP-Consent-ProvisionType.md                                 (00:00.002 / 02:10.029, 510Mb)
Load /work/output/en/must-support.md                                                                 (00:00.000 / 02:10.030, 510Mb)
Load /work/output/en/tbl_bck110.png                                                                  (00:00.000 / 02:10.030, 510Mb)
Load /work/output/en/SearchParameter-MII-SP-Consent-ProvisionCodePeriod.xml.html                     (00:00.000 / 02:10.030, 510Mb)
Load /work/output/en/index.md                                                                        (00:00.003 / 02:10.033, 516Mb)
Load /work/output/en/tbl_bck1515.png                                                                 (00:00.000 / 02:10.034, 516Mb)
Load /work/output/en/CodeSystem-2.16.840.1.113883.3.1937.777.24.5.2--20210423105554.xml              (00:00.000 / 02:10.034, 516Mb)
Load /work/output/en/tbl-closed.png                                                                  (00:00.000 / 02:10.035, 516Mb)
Load /work/output/en/tbl_bck000010010.png                                                            (00:00.000 / 02:10.035, 516Mb)
.Load /work/output/en/version-history.md                                                              (00:00.000 / 02:10.036, 516Mb)
Load /work/output/en/search-parameters-and-operations.md                                             (00:00.000 / 02:10.036, 516Mb)
Load /work/output/en/SearchParameter-MII-SP-Consent-ProvisionCodeType.html                           (00:00.000 / 02:10.036, 516Mb)
Load /work/output/en/icon-dictionary.png                                                             (00:00.002 / 02:10.039, 520Mb)
Load /work/output/en/Consent-Example-MII-Consent-ResultType-document.json                            (00:00.000 / 02:10.039, 520Mb)
Load /work/output/en/tbl_bck000010000.png                                                            (00:00.000 / 02:10.039, 520Mb)
Load /work/output/en/SearchParameter-MII-SP-Consent-ProvisionPeriod.html                             (00:00.000 / 02:10.040, 520Mb)
Load /work/output/en/StructureDefinition-56375452-bfa1-4111-af7c-5b5ba9a1857c-mappings.html          (00:00.002 / 02:10.042, 524Mb)
Load /work/output/en/tbl_bck1505.png                                                                 (00:00.018 / 02:10.061, 556Mb)
Load /work/output/en/CodeSystem-2.16.840.1.113883.3.1937.777.24.5.2--20210423105554.md               (00:00.000 / 02:10.061, 556Mb)
Load /work/output/en/tbl_bck100.png                                                                  (00:00.000 / 02:10.062, 556Mb)
Load /work/output/en/tbl_bck12511.png                                                                (00:00.000 / 02:10.062, 556Mb)
Load /work/output/en/tbl_bck00101.png                                                                (00:00.000 / 02:10.062, 556Mb)
Load /work/output/en/translationinfo.md                                                              (00:00.000 / 02:10.063, 556Mb)
Load /work/output/en/SearchParameter-MII-SP-Consent-ProvisionPeriod.xml.html                         (00:00.000 / 02:10.063, 556Mb)
Load /work/output/en/StructureDefinition-56375452-bfa1-4111-af7c-5b5ba9a1857c.xml                    (00:00.003 / 02:10.066, 562Mb)
Load /work/output/en/icon-list.gif                                                                   (00:00.007 / 02:10.073, 576Mb)
Load /work/output/en/missing-data.html                                                               (00:00.000 / 02:10.073, 576Mb)
Load /work/output/en/tbl_bck1101.png                                                                 (00:00.003 / 02:10.077, 582Mb)
Load /work/output/en/fhir-table-scripts.js                                                           (00:00.000 / 02:10.078, 582Mb)
Load /work/output/en/tbl_bck02500.png                                                                (00:00.000 / 02:10.078, 582Mb)
Load /work/output/en/tbl_bck10110.png                                                                (00:00.000 / 02:10.078, 582Mb)
Load /work/output/en/tbl_bck15040.png                                                                (00:00.000 / 02:10.078, 582Mb)
Load /work/output/en/icon_extension.png                                                              (00:00.000 / 02:10.079, 582Mb)
Load /work/output/en/icon-implementation.png                                                         (00:00.000 / 02:10.079, 582Mb)
Load /work/output/en/icon_entry_blue.png                                                             (00:00.000 / 02:10.079, 582Mb)
Load /work/output/en/icon-q-coding.png                                                               (00:00.000 / 02:10.080, 582Mb)
Load /work/output/en/tbl_bck10111.png                                                                (00:00.000 / 02:10.080, 582Mb)
Load /work/output/en/tbl_bck02501.png                                                                (00:00.000 / 02:10.080, 582Mb)
Load /work/output/en/tbl_bck1100.png                                                                 (00:00.000 / 02:10.080, 582Mb)
Load /work/output/en/CodeSystem-2.16.840.1.113883.3.1937.777.24.5.2--20210423105554.xml.html         (00:00.000 / 02:10.081, 582Mb)
Load /work/output/en/tbl_bck05050.png                                                                (00:00.004 / 02:10.085, 590Mb)
Load /work/output/en/SearchParameter-MII-SP-Consent-PolicyUri.json.html                              (00:00.000 / 02:10.085, 590Mb)
Load /work/output/en/tbl_bck00100.png                                                                (00:00.002 / 02:10.088, 594Mb)
Load /work/output/en/ValueSet-2.16.840.1.113883.3.1937.777.24.11.36--20230331232804.xml              (00:00.000 / 02:10.088, 594Mb)
Load /work/output/en/CodeSystem-2.16.840.1.113883.3.1937.777.24.5.3--20251211153003-testing.html     (00:00.000 / 02:10.089, 594Mb)
Load /work/output/en/tbl_bck12510.png                                                                (00:00.002 / 02:10.091, 598Mb)
Load /work/output/en/tbl_bck115.png                                                                  (00:00.000 / 02:10.092, 598Mb)
Load /work/output/en/icon-documentation.png                                                          (00:00.000 / 02:10.092, 598Mb)
Load /work/output/en/tbl_bck01101110.png                                                             (00:00.000 / 02:10.092, 598Mb)
Load /work/output/en/tbl_bck101.png                                                                  (00:00.000 / 02:10.093, 598Mb)
Load /work/output/en/icon-selected.png                                                               (00:00.000 / 02:10.093, 598Mb)
Load /work/output/en/icon-example.png                                                                (00:00.000 / 02:10.093, 598Mb)
Load /work/output/en/ValueSet-88464c5b-5338-4c2b-9c07-b42fef2ada64.xml                               (00:00.000 / 02:10.093, 598Mb)
Load /work/output/en/tbl_bck1510.png                                                                 (00:00.000 / 02:10.094, 598Mb)
Load /work/output/en/prism.css                                                                       (00:00.000 / 02:10.094, 598Mb)
Load /work/output/en/ImplementationGuide-mii-ig-consent.xml                                          (00:00.000 / 02:10.094, 598Mb)
Load /work/output/en/icon-qi-readonly.png                                                            (00:00.003 / 02:10.098, 604Mb)
Load /work/output/en/Consent-5143266b-8d60-4b28-8ee9-635140ffa5bb.md                                 (00:00.000 / 02:10.098, 604Mb)
Load /work/output/en/tbl_bck000011111010.png                                                         (00:00.000 / 02:10.098, 604Mb)
Load /work/output/en/SearchParameter-MII-SP-Consent-ProvisionCodePeriod-testing.html                 (00:00.000 / 02:10.099, 604Mb)
Load /work/output/en/tbl_bck0110111.png                                                              (00:00.002 / 02:10.101, 608Mb)
Load /work/output/en/icon-object-box.png                                                             (00:00.000 / 02:10.101, 608Mb)
Load /work/output/en/tbl_bck1512.png                                                                 (00:00.000 / 02:10.102, 608Mb)
Load /work/output/en/tbl_vjoin_slice.png                                                             (00:00.000 / 02:10.102, 608Mb)
Load /work/output/en/Parameters-mii-param-consent-manifest.change.history.html                       (00:00.000 / 02:10.102, 608Mb)
Load /work/output/en/icon-q-group.png                                                                (00:00.004 / 02:10.107, 610Mb)
.Load /work/output/en/tbl_bck103.png                                                                  (00:00.000 / 02:10.107, 610Mb)
Load /work/output/en/tbl_bck0000100.png                                                              (00:00.000 / 02:10.107, 610Mb)
Load /work/output/en/tbl_bck0340.png                                                                 (00:00.000 / 02:10.108, 610Mb)
Load /work/output/en/tbl_bck10010010.png                                                             (00:00.000 / 02:10.108, 610Mb)
Load /work/output/en/Consent-Example-MII-Consent-ResultType-document.xml.html                        (00:00.000 / 02:10.108, 610Mb)
Load /work/output/en/tbl_bck00001110100.png                                                          (00:00.006 / 02:10.115, 622Mb)
Load /work/output/en/tbl_bck10110010.png                                                             (00:00.000 / 02:10.115, 622Mb)
Load /work/output/en/SearchParameter-MII-SP-Consent-PolicyUri.xml                                    (00:00.000 / 02:10.116, 622Mb)
Load /work/output/en/tbl_bck0251240.png                                                              (00:00.000 / 02:10.116, 622Mb)
Load /work/output/en/tbl_bck0351240.png                                                              (00:00.000 / 02:10.116, 622Mb)
Load /work/output/en/tbl_bck12512.png                                                                (00:00.000 / 02:10.117, 622Mb)
Load /work/output/en/tbl_bck011001.png                                                               (00:00.000 / 02:10.117, 622Mb)
Load /work/output/en/new.png                                                                         (00:00.000 / 02:10.117, 622Mb)
Load /work/output/en/ValueSet-2.16.840.1.113883.3.1937.777.24.11.36--20230331232804.html             (00:00.000 / 02:10.118, 622Mb)
Load /work/output/en/tbl_bck02503.png                                                                (00:00.021 / 02:10.139, 664Mb)
Load /work/output/en/tbl_bck001010.png                                                               (00:00.000 / 02:10.139, 664Mb)
Load /work/output/en/tbl_bck101010.png                                                               (00:00.000 / 02:10.140, 664Mb)
Load /work/output/en/icon-qi-instructions.png                                                        (00:00.000 / 02:10.140, 664Mb)
Load /work/output/en/changes.md                                                                      (00:00.000 / 02:10.141, 664Mb)
Load /work/output/en/search-parameters-and-operations.html                                           (00:00.000 / 02:10.141, 664Mb)
Load /work/output/en/icon-clinical.png                                                               (00:00.002 / 02:10.144, 668Mb)
Load /work/output/en/SearchParameter-MII-SP-Consent-ProvisionCodePeriod.json                         (00:00.000 / 02:10.144, 668Mb)
Load /work/output/en/tbl_bck111000.png                                                               (00:00.000 / 02:10.144, 668Mb)
Load /work/output/en/tbl_bck011000.png                                                               (00:00.000 / 02:10.145, 668Mb)
Load /work/output/en/datasets-and-descriptions.html                                                  (00:00.000 / 02:10.145, 668Mb)
Load /work/output/en/Parameters-mii-param-consent-manifest.json                                      (00:00.002 / 02:10.147, 670Mb)
Load /work/output/en/tbl_bck0000101.png                                                              (00:00.000 / 02:10.148, 670Mb)
Load /work/output/en/tbl_bck0341.png                                                                 (00:00.000 / 02:10.148, 670Mb)
Load /work/output/en/StructureDefinition-f675b1e8-9f3f-44e8-bb59-9681f78eb464.md                     (00:00.000 / 02:10.148, 670Mb)
Load /work/output/en/DocumentReference-8a3d1799-2463-405e-b49c-6a16c8692b01.md                       (00:00.000 / 02:10.148, 670Mb)
Load /work/output/en/examples.html                                                                   (00:00.000 / 02:10.149, 670Mb)
Load /work/output/en/ValueSet-2.16.840.1.113883.3.1937.777.24.11.36--20230331232804-testing.html     (00:00.002 / 02:10.151, 674Mb)
Load /work/output/en/tbl_bck00001010.png                                                             (00:00.002 / 02:10.154, 678Mb)
Load /work/output/en/tbl_bck025010.png                                                               (00:00.000 / 02:10.154, 678Mb)
Load /work/output/en/tbl_bck0110110.png                                                              (00:00.000 / 02:10.154, 678Mb)
Load /work/output/en/tbl_bck000011111011.png                                                         (00:00.000 / 02:10.155, 678Mb)
Load /work/output/en/Consent-34150a23-b1c8-404f-874f-e042a30435d2.json.html                          (00:00.000 / 02:10.155, 678Mb)
Load /work/output/en/tbl_bck10001.png                                                                (00:00.005 / 02:10.161, 688Mb)
Load /work/output/en/tbl_bck05140.png                                                                (00:00.000 / 02:10.162, 688Mb)
Load /work/output/en/tbl_bck00010.png                                                                (00:00.000 / 02:10.162, 688Mb)
Load /work/output/en/tbl_bck12400.png                                                                (00:00.000 / 02:10.162, 688Mb)
Load /work/output/en/tbl_bck1010.png                                                                 (00:00.000 / 02:10.162, 688Mb)
Load /work/output/en/Provenance-55219d12-6245-4de4-8b50-ddf6f16a789b.json                            (00:00.000 / 02:10.163, 688Mb)
Load /work/output/en/ValueSet-88464c5b-5338-4c2b-9c07-b42fef2ada64.change.history.html               (00:00.000 / 02:10.163, 688Mb)
Load /work/output/en/icon-q-choice.png                                                               (00:00.002 / 02:10.165, 692Mb)
Load /work/output/en/icon_group.png                                                                  (00:00.000 / 02:10.166, 692Mb)
Load /work/output/en/StructureDefinition-f675b1e8-9f3f-44e8-bb59-9681f78eb464.profile.history.html   (00:00.000 / 02:10.166, 692Mb)
Load /work/output/en/tbl_bck011.png                                                                  (00:00.002 / 02:10.168, 696Mb)
Load /work/output/en/ValueSet-88464c5b-5338-4c2b-9c07-b42fef2ada64.html                              (00:00.000 / 02:10.169, 696Mb)
Load /work/output/en/tbl_bck1400.png                                                                 (00:00.003 / 02:10.172, 700Mb)
Load /work/output/en/icon_vd_union.png                                                               (00:00.000 / 02:10.172, 700Mb)
Load /work/output/en/capability-statements.html                                                      (00:00.000 / 02:10.173, 700Mb)
Load /work/output/en/tbl_bck01111010.png                                                             (00:00.002 / 02:10.175, 704Mb)
Load /work/output/en/tbl_bck03.png                                                                   (00:00.000 / 02:10.175, 704Mb)
Load /work/output/en/icon_latest.png                                                                 (00:00.000 / 02:10.175, 704Mb)
Load /work/output/en/tbl_bck010.png                                                                  (00:00.000 / 02:10.176, 704Mb)
Load /work/output/en/SearchParameter-MII-SP-Consent-ProvisionPeriod-testing.html                     (00:00.000 / 02:10.176, 704Mb)
.Load /work/output/en/icon-q-attachment.png                                                           (00:00.002 / 02:10.178, 708Mb)
Load /work/output/en/tbl_spacer.png                                                                  (00:00.000 / 02:10.178, 708Mb)
Load /work/output/en/StructureDefinition-f675b1e8-9f3f-44e8-bb59-9681f78eb464-mappings.html          (00:00.000 / 02:10.179, 708Mb)
Load /work/output/en/tbl_bck1011.png                                                                 (00:00.016 / 02:10.195, 738Mb)
Load /work/output/en/tbl_bck00011.png                                                                (00:00.000 / 02:10.196, 738Mb)
Load /work/output/en/icon-fhir-720.png                                                               (00:00.000 / 02:10.196, 738Mb)
Load /work/output/en/Consent-34150a23-b1c8-404f-874f-e042a30435d2.json                               (00:00.000 / 02:10.196, 738Mb)
Load /work/output/en/icon-q-reference.png                                                            (00:00.000 / 02:10.197, 738Mb)
Load /work/output/en/tbl_bck02410.png                                                                (00:00.000 / 02:10.197, 738Mb)
Load /work/output/en/tbl_bck10000.png                                                                (00:00.000 / 02:10.197, 738Mb)
Load /work/output/en/tbl_bck15150.png                                                                (00:00.000 / 02:10.197, 738Mb)
Load /work/output/en/tbl_bck101101.png                                                               (00:00.000 / 02:10.198, 738Mb)
Load /work/output/en/tbl_bck15152.png                                                                (00:00.000 / 02:10.198, 738Mb)
Load /work/output/en/icon_page_n_c.gif                                                               (00:00.000 / 02:10.198, 738Mb)
Load /work/output/en/tbl_bck111110.png                                                               (00:00.000 / 02:10.199, 738Mb)
Load /work/output/en/StructureDefinition-56375452-bfa1-4111-af7c-5b5ba9a1857c.json                   (00:00.000 / 02:10.199, 738Mb)
Load /work/output/en/Provenance-55219d12-6245-4de4-8b50-ddf6f16a789b.md                              (00:00.000 / 02:10.199, 738Mb)
Load /work/output/en/tbl_bck011110.png                                                               (00:00.000 / 02:10.199, 738Mb)
Load /work/output/en/Consent-5143266b-8d60-4b28-8ee9-635140ffa5bb.change.history.html                (00:00.000 / 02:10.200, 738Mb)
Load /work/output/en/downloads.md                                                                    (00:00.002 / 02:10.202, 742Mb)
Load /work/output/en/tbl_bck0331.png                                                                 (00:00.000 / 02:10.202, 742Mb)
Load /work/output/en/summary.png                                                                     (00:00.000 / 02:10.202, 742Mb)
Load /work/output/en/tbl_bck0251.png                                                                 (00:00.000 / 02:10.203, 742Mb)
Load /work/output/en/tbl_bck012.png                                                                  (00:00.000 / 02:10.203, 742Mb)
Load /work/output/en/icon-q-url.png                                                                  (00:00.000 / 02:10.203, 742Mb)
Load /work/output/en/version-history.html                                                            (00:00.000 / 02:10.203, 742Mb)
Load /work/output/en/tbl_bck11240.png                                                                (00:00.002 / 02:10.206, 746Mb)
Load /work/output/en/tbl_bck125100.png                                                               (00:00.000 / 02:10.207, 746Mb)
Load /work/output/en/tbl_bck01.png                                                                   (00:00.000 / 02:10.207, 746Mb)
Load /work/output/en/tbl_bck15.png                                                                   (00:00.000 / 02:10.207, 746Mb)
Load /work/output/en/icon-error.gif                                                                  (00:00.000 / 02:10.208, 746Mb)
Load /work/output/en/tbl_bck00001100.png                                                             (00:00.000 / 02:10.208, 746Mb)
Load /work/output/en/tbl_bck0010000.png                                                              (00:00.000 / 02:10.208, 746Mb)
Load /work/output/en/tbl_bck0110000.png                                                              (00:00.000 / 02:10.208, 746Mb)
Load /work/output/en/tbl_bck14.png                                                                   (00:00.000 / 02:10.209, 746Mb)
Load /work/output/en/tbl_bck00.png                                                                   (00:00.000 / 02:10.209, 746Mb)
Load /work/output/en/tbl_bck000011111100.png                                                         (00:00.000 / 02:10.209, 746Mb)
Load /work/output/en/DocumentReference-8a3d1799-2463-405e-b49c-6a16c8692b01.html                     (00:00.000 / 02:10.209, 746Mb)
Load /work/output/en/CodeSystem-2.16.840.1.113883.3.1937.777.24.5.3--20251211153003.xml              (00:00.002 / 02:10.212, 750Mb)
Load /work/output/en/tbl_bck0250.png                                                                 (00:00.004 / 02:10.216, 758Mb)
Load /work/output/en/tbl_bck0000010.png                                                              (00:00.000 / 02:10.216, 758Mb)
Load /work/output/en/tbl_bck00001110010.png                                                          (00:00.000 / 02:10.216, 758Mb)
Load /work/output/en/tbl_bck0330.png                                                                 (00:00.000 / 02:10.217, 758Mb)
Load /work/output/en/icon-infrastructure.png                                                         (00:00.000 / 02:10.217, 758Mb)
Load /work/output/en/icon-qi-security.png                                                            (00:00.000 / 02:10.217, 758Mb)
Load /work/output/en/tbl_bck011111.png                                                               (00:00.000 / 02:10.217, 758Mb)
Load /work/output/en/SearchParameter-MII-SP-Consent-ProvisionCode.xml.html                           (00:00.000 / 02:10.218, 758Mb)
Load /work/output/en/ValueSet-2.16.840.1.113883.3.1937.777.24.11.30--20210323234509.html             (00:00.003 / 02:10.221, 762Mb)
Load /work/output/en/tbl_bck101100.png                                                               (00:00.003 / 02:10.224, 768Mb)
Load /work/output/en/assets/css/xml.css                                                              (00:00.000 / 02:10.224, 768Mb)
Load /work/output/en/assets/css/jquery-ui.theme.min.css                                              (00:00.000 / 02:10.224, 768Mb)
Load /work/output/en/assets/css/cqf.css                                                              (00:00.000 / 02:10.225, 768Mb)
Load /work/output/en/assets/css/mii.css                                                              (00:00.000 / 02:10.225, 768Mb)
Load /work/output/en/assets/css/hl7.css                                                              (00:00.000 / 02:10.225, 768Mb)
Load /work/output/en/assets/css/bootstrap-fhir.css                                                   (00:00.000 / 02:10.226, 768Mb)
Load /work/output/en/assets/css/prism-fhirpath.css                                                   (00:00.000 / 02:10.226, 768Mb)
Load /work/output/en/assets/css/jquery-ui.css                                                        (00:00.000 / 02:10.226, 768Mb)
.Load /work/output/en/assets/css/bootstrap-glyphicons.css                                             (00:00.000 / 02:10.226, 768Mb)
Load /work/output/en/assets/css/prism.css                                                            (00:00.000 / 02:10.227, 768Mb)
Load /work/output/en/assets/css/jquery-ui.structure.min.css                                          (00:00.000 / 02:10.227, 768Mb)
Load /work/output/en/assets/css/pygments-manni.css                                                   (00:00.000 / 02:10.227, 768Mb)
Load /work/output/en/assets/css/project.css                                                          (00:00.000 / 02:10.228, 768Mb)
Load /work/output/en/assets/images/icon_arrow_up.png                                                 (00:00.000 / 02:10.228, 768Mb)
Load /work/output/en/assets/images/deu.svg                                                           (00:00.000 / 02:10.229, 768Mb)
Load /work/output/en/assets/images/external.png                                                      (00:00.000 / 02:10.229, 768Mb)
Load /work/output/en/assets/images/fhir-logo-www.png                                                 (00:00.000 / 02:10.229, 768Mb)
Load /work/output/en/assets/images/download.png                                                      (00:00.000 / 02:10.229, 768Mb)
Load /work/output/en/assets/images/logo-en.svg                                                       (00:00.000 / 02:10.230, 768Mb)
Load /work/output/en/assets/images/link.svg                                                          (00:00.010 / 02:10.240, 786Mb)
Load /work/output/en/assets/images/dragon.png                                                        (00:00.000 / 02:10.241, 786Mb)
Load /work/output/en/assets/images/lang-es.png                                                       (00:00.000 / 02:10.241, 786Mb)
Load /work/output/en/assets/images/lang-de.png                                                       (00:00.000 / 02:10.241, 786Mb)
Load /work/output/en/assets/images/001.svg                                                           (00:00.000 / 02:10.242, 786Mb)
Load /work/output/en/assets/images/target.png                                                        (00:00.001 / 02:10.243, 788Mb)
Load /work/output/en/assets/images/fcp-logo.png                                                      (00:00.000 / 02:10.243, 788Mb)
Load /work/output/en/assets/images/lang-pt.png                                                       (00:00.000 / 02:10.244, 788Mb)
Load /work/output/en/assets/images/search.png                                                        (00:00.000 / 02:10.244, 788Mb)
Load /work/output/en/assets/images/lang-en.png                                                       (00:00.000 / 02:10.244, 788Mb)
Load /work/output/en/assets/images/lang-ja.png                                                       (00:00.000 / 02:10.245, 788Mb)
Load /work/output/en/assets/images/lang-kr.png                                                       (00:00.000 / 02:10.245, 788Mb)
Load /work/output/en/assets/images/logo_ansinew.jpg                                                  (00:00.000 / 02:10.245, 788Mb)
Load /work/output/en/assets/images/logo-de.svg                                                       (00:00.000 / 02:10.246, 788Mb)
Load /work/output/en/assets/images/lang-pt_BR.png                                                    (00:00.006 / 02:10.252, 798Mb)
Load /work/output/en/assets/images/lang-fr.png                                                       (00:00.000 / 02:10.253, 798Mb)
Load /work/output/en/assets/images/lang-ru.png                                                       (00:00.000 / 02:10.253, 798Mb)
Load /work/output/en/assets/images/lang-ar.png                                                       (00:00.000 / 02:10.253, 798Mb)
Load /work/output/en/assets/images/stripe.png                                                        (00:00.000 / 02:10.254, 798Mb)
Load /work/output/en/assets/images/hl7-logo-header.png                                               (00:00.000 / 02:10.254, 798Mb)
Load /work/output/en/assets/images/lang-nl.png                                                       (00:00.000 / 02:10.254, 798Mb)
Load /work/output/en/assets/images/lang-zh.png                                                       (00:00.000 / 02:10.254, 798Mb)
Load /work/output/en/assets/images/lang-zh-TW.png                                                    (00:00.000 / 02:10.255, 798Mb)
Load /work/output/en/assets/images/icon_arrow_down.png                                               (00:00.000 / 02:10.255, 798Mb)
Load /work/output/en/assets/js/html5shiv.js                                                          (00:00.000 / 02:10.255, 798Mb)
Load /work/output/en/assets/js/flags.js                                                              (00:00.000 / 02:10.255, 798Mb)
Load /work/output/en/assets/js/prism.js                                                              (00:00.000 / 02:10.256, 798Mb)
Load /work/output/en/assets/js/mermaid.js                                                            (00:00.000 / 02:10.256, 798Mb)
Load /work/output/en/assets/js/jquery-ui.min.js                                                      (00:00.000 / 02:10.256, 798Mb)
Load /work/output/en/assets/js/clipboard-btn.js                                                      (00:00.000 / 02:10.256, 798Mb)
Load /work/output/en/assets/js/respond.min.js                                                        (00:00.000 / 02:10.257, 798Mb)
Load /work/output/en/assets/js/prism-fhirpath.js                                                     (00:00.000 / 02:10.257, 798Mb)
Load /work/output/en/assets/js/xml.js                                                                (00:00.000 / 02:10.257, 798Mb)
Load /work/output/en/assets/js/window-hash.js                                                        (00:00.000 / 02:10.257, 798Mb)
Load /work/output/en/assets/js/clipboard.min.js                                                      (00:00.000 / 02:10.257, 798Mb)
Load /work/output/en/assets/js/tabs.js                                                               (00:00.000 / 02:10.258, 798Mb)
Load /work/output/en/assets/js/jquery-3.7.0.min.map                                                  (00:00.000 / 02:10.258, 798Mb)
Load /work/output/en/assets/js/mermaid-init.js                                                       (00:00.000 / 02:10.258, 798Mb)
Load /work/output/en/assets/js/bootstrap.min.js                                                      (00:00.000 / 02:10.258, 798Mb)
Load /work/output/en/assets/js/fhir-table-scripts.js                                                 (00:00.000 / 02:10.259, 798Mb)
Load /work/output/en/assets/js/anchor.min.js                                                         (00:00.000 / 02:10.259, 798Mb)
Load /work/output/en/assets/js/topofpage.js                                                          (00:00.000 / 02:10.259, 798Mb)
Load /work/output/en/assets/js/fhir.js                                                               (00:00.000 / 02:10.259, 798Mb)
Load /work/output/en/assets/js/readme.txt                                                            (00:00.000 / 02:10.260, 798Mb)
Load /work/output/en/assets/js/lang-redirects.js                                                     (00:00.000 / 02:10.260, 798Mb)
Load /work/output/en/assets/js/direction-management.js                                               (00:00.000 / 02:10.260, 798Mb)
.Load /work/output/en/assets/js/anchor-hover.js                                                       (00:00.000 / 02:10.260, 798Mb)
Load /work/output/en/assets/js/jquery.js                                                             (00:00.000 / 02:10.261, 798Mb)
Load /work/output/en/assets/fonts/OpenSans-CondBold-webfont.svg                                      (00:00.000 / 02:10.261, 798Mb)
Load /work/output/en/assets/fonts/glyphiconshalflings-regular.otf                                    (00:00.015 / 02:10.277, 824Mb)
Load /work/output/en/assets/fonts/OpenSans-CondLight-webfont.eot                                     (00:00.000 / 02:10.277, 824Mb)
Load /work/output/en/assets/fonts/glyphiconshalflings-regular.eot                                    (00:00.000 / 02:10.277, 824Mb)
Load /work/output/en/assets/fonts/OpenSans-CondLight-webfont.ttf                                     (00:00.000 / 02:10.277, 824Mb)
Load /work/output/en/assets/fonts/glyphiconshalflings-regular.ttf                                    (00:00.000 / 02:10.278, 824Mb)
Load /work/output/en/assets/fonts/OpenSans-CondLight-webfont.woff                                    (00:00.000 / 02:10.278, 824Mb)
Load /work/output/en/assets/fonts/glyphiconshalflings-regular.woff                                   (00:00.000 / 02:10.278, 824Mb)
Load /work/output/en/assets/fonts/OpenSans-CondBold-webfont.ttf                                      (00:00.000 / 02:10.279, 824Mb)
Load /work/output/en/assets/fonts/OpenSans-CondBold-webfont.woff                                     (00:00.000 / 02:10.279, 824Mb)
Load /work/output/en/assets/fonts/OpenSans-CondLight-webfont.svg                                     (00:00.000 / 02:10.279, 824Mb)
Load /work/output/en/assets/fonts/glyphiconshalflings-regular.svg                                    (00:00.015 / 02:10.295, 856Mb)
Load /work/output/en/assets/fonts/OpenSans-CondBold-webfont.eot                                      (00:00.006 / 02:10.301, 866Mb)
Load /work/output/en/assets/ico/icon-fhir-114.png                                                    (00:00.000 / 02:10.302, 866Mb)
Load /work/output/en/assets/ico/icon-fhir-72.png                                                     (00:00.000 / 02:10.302, 866Mb)
Load /work/output/en/assets/ico/icon-fhir-144.png                                                    (00:00.000 / 02:10.302, 866Mb)
Load /work/output/en/assets/ico/favicon.png                                                          (00:00.000 / 02:10.302, 866Mb)
Load /work/output/en/assets/ico/noun_copy to clipboard_1669410.png                                   (00:00.000 / 02:10.303, 866Mb)
Load /work/output/en/assets/ico/icon-fhir-57.png                                                     (00:00.000 / 02:10.303, 866Mb)
Load /work/output/en/tbl_bck101110.png                                                               (00:00.000 / 02:10.303, 866Mb)
Load /work/output/en/Provenance-55219d12-6245-4de4-8b50-ddf6f16a789b.xml                             (00:00.000 / 02:10.303, 866Mb)
Load /work/output/en/CodeSystem-mii-cs-consent-version-modules.change.history.html                   (00:00.000 / 02:10.304, 866Mb)
Load /work/output/en/tbl_bck05152.png                                                                (00:00.002 / 02:10.306, 870Mb)
Load /work/output/en/tbl_bck111101.png                                                               (00:00.000 / 02:10.306, 870Mb)
Load /work/output/en/tbl_bck0320.png                                                                 (00:00.000 / 02:10.306, 870Mb)
Load /work/output/en/icon-fhir-24.png                                                                (00:00.000 / 02:10.307, 870Mb)
Load /work/output/en/StructureDefinition-e0e166b4-0f77-478d-9062-de0034d98ce0.profile.xml.html       (00:00.000 / 02:10.307, 870Mb)
Load /work/output/en/icon-q-string.png                                                               (00:00.194 / 02:10.501, 476Mb)
Load /work/output/en/tbl_bck0240.png                                                                 (00:00.000 / 02:10.502, 476Mb)
Load /work/output/en/SearchParameter-MII-SP-Consent-ProvisionType.json                               (00:00.000 / 02:10.502, 476Mb)
Load /work/output/en/tbl_bck0000000.png                                                              (00:00.000 / 02:10.503, 476Mb)
Load /work/output/en/CodeSystem-2.16.840.1.113883.3.1937.777.24.5.3--20251211153003.json.html        (00:00.000 / 02:10.503, 476Mb)
Load /work/output/en/tbl_bck00001110000.png                                                          (00:00.017 / 02:10.520, 508Mb)
Load /work/output/en/tbl_bck000011111110.png                                                         (00:00.000 / 02:10.521, 508Mb)
Load /work/output/en/CodeSystem-mii-cs-consent-version-modules.json                                  (00:00.000 / 02:10.521, 508Mb)
Load /work/output/en/tbl_bck04.png                                                                   (00:00.000 / 02:10.521, 508Mb)
Load /work/output/en/tbl_bck00001111.png                                                             (00:00.000 / 02:10.522, 508Mb)
Load /work/output/en/tbl_bck10.png                                                                   (00:00.000 / 02:10.522, 508Mb)
Load /work/output/en/SearchParameter-MII-SP-Consent-ProvisionCodeType.change.history.html            (00:00.000 / 02:10.522, 508Mb)
Load /work/output/en/tbl_bck125110.png                                                               (00:00.002 / 02:10.525, 510Mb)
Load /work/output/en/tbl_bck11.png                                                                   (00:00.000 / 02:10.525, 510Mb)
Load /work/output/en/tbl_bck05.png                                                                   (00:00.000 / 02:10.526, 510Mb)
Load /work/output/en/ValueSet-2.16.840.1.113883.3.1937.777.24.11.36--20230331232804.md               (00:00.000 / 02:10.526, 510Mb)
Load /work/output/en/tbl_bck00001110.png                                                             (00:00.000 / 02:10.526, 510Mb)
Load /work/output/en/tbl_bck0010010.png                                                              (00:00.000 / 02:10.526, 510Mb)
Load /work/output/en/tbl_bck0110010.png                                                              (00:00.000 / 02:10.527, 510Mb)
Load /work/output/en/tbl_vline.png                                                                   (00:00.000 / 02:10.527, 510Mb)
Load /work/output/en/tbl_bck11250.png                                                                (00:00.000 / 02:10.527, 510Mb)
Load /work/output/en/Parameters-mii-param-consent-manifest.md                                        (00:00.000 / 02:10.528, 510Mb)
Load /work/output/en/Consent-5143266b-8d60-4b28-8ee9-635140ffa5bb.xml.html                           (00:00.000 / 02:10.528, 510Mb)
Load /work/output/en/tbl_bck0241.png                                                                 (00:00.015 / 02:10.543, 540Mb)
Load /work/output/en/icon_slice_item.png                                                             (00:00.000 / 02:10.543, 540Mb)
Load /work/output/en/CodeSystem-2.16.840.1.113883.3.1937.777.24.5.2--20210423105554.change.history.html (00:00.000 / 02:10.544, 540Mb)
Load /work/output/en/tbl_bck111100.png                                                               (00:00.002 / 02:10.546, 544Mb)
Load /work/output/en/ValueSet-2.16.840.1.113883.3.1937.777.24.11.36--20230331232804.change.history.html (00:00.000 / 02:10.546, 544Mb)
.Load /work/output/en/tbl_bck011100.png                                                               (00:00.002 / 02:10.548, 548Mb)
Load /work/output/en/icon_page_n_p.gif                                                               (00:00.000 / 02:10.549, 548Mb)
Load /work/output/en/tbl_vjoin_end.png                                                               (00:00.000 / 02:10.549, 548Mb)
Load /work/output/en/tbl_bck101111.png                                                               (00:00.000 / 02:10.549, 548Mb)
Load /work/output/en/general-requirements.md                                                         (00:00.000 / 02:10.550, 548Mb)
Load /work/output/en/Parameters-mii-param-consent-manifest.xml.html                                  (00:00.000 / 02:10.550, 548Mb)
Load /work/output/en/tbl_bck02400.png                                                                (00:00.005 / 02:10.555, 556Mb)
Load /work/output/en/terminology.html                                                                (00:00.000 / 02:10.555, 556Mb)
Load /work/output/en/tbl_bck10010.png                                                                (00:00.002 / 02:10.558, 560Mb)
Load /work/output/en/tbl_bck15140.png                                                                (00:00.000 / 02:10.559, 560Mb)
Load /work/output/en/icon_resource.png                                                               (00:00.000 / 02:10.559, 560Mb)
Load /work/output/en/StructureDefinition-56375452-bfa1-4111-af7c-5b5ba9a1857c.profile.xml.html       (00:00.000 / 02:10.559, 560Mb)
Load /work/output/en/profiles-and-extensions.html                                                    (00:00.062 / 02:10.622, 678Mb)
Load /work/output/en/tbl_bck00001.png                                                                (00:00.002 / 02:10.625, 682Mb)
Load /work/output/en/CodeSystem-2.16.840.1.113883.3.1937.777.24.5.3--20251211153003.json             (00:00.000 / 02:10.625, 682Mb)
Load /work/output/en/tbl_bck15424.png                                                                (00:00.000 / 02:10.626, 682Mb)
Load /work/output/en/tbl_bck1001.png                                                                 (00:00.000 / 02:10.626, 682Mb)
Load /work/output/en/icon_modifier_extension_complex.png                                             (00:00.000 / 02:10.626, 682Mb)
Load /work/output/en/tbl_bck000.png                                                                  (00:00.000 / 02:10.627, 682Mb)
Load /work/output/en/StructureDefinition-f675b1e8-9f3f-44e8-bb59-9681f78eb464.json                   (00:00.000 / 02:10.627, 682Mb)
Load /work/output/en/SearchParameter-MII-SP-Consent-ProvisionCode.html                               (00:00.000 / 02:10.627, 682Mb)
Load /work/output/en/SearchParameter-MII-SP-Consent-ProvisionCode.json.html                          (00:00.002 / 02:10.630, 686Mb)
Load /work/output/en/tbl_bck11252.png                                                                (00:00.002 / 02:10.633, 690Mb)
Load /work/output/en/ValueSet-2.16.840.1.113883.3.1937.777.24.11.30--20210323234509.change.history.html (00:00.000 / 02:10.633, 690Mb)
Load /work/output/en/tbl_bck13.png                                                                   (00:00.002 / 02:10.635, 694Mb)
Load /work/output/en/StructureDefinition-f675b1e8-9f3f-44e8-bb59-9681f78eb464-examples.html          (00:00.000 / 02:10.636, 694Mb)
Load /work/output/en/tbl_blank.png                                                                   (00:00.002 / 02:10.638, 698Mb)
Load /work/output/en/tbl_bck1410.png                                                                 (00:00.000 / 02:10.638, 698Mb)
Load /work/output/en/tbl_bck12.png                                                                   (00:00.000 / 02:10.639, 698Mb)
Load /work/output/en/icon-q-time.png                                                                 (00:00.000 / 02:10.639, 698Mb)
Load /work/output/en/tbl_bck01111001.png                                                             (00:00.000 / 02:10.639, 698Mb)
Load /work/output/en/icon-qi-horizontal.png                                                          (00:00.000 / 02:10.640, 698Mb)
Load /work/output/en/tbl_bck001.png                                                                  (00:00.000 / 02:10.640, 698Mb)
Load /work/output/en/fhir.css                                                                        (00:00.000 / 02:10.640, 698Mb)
Load /work/output/en/Consent-5143266b-8d60-4b28-8ee9-635140ffa5bb.html                               (00:00.000 / 02:10.640, 698Mb)
Load /work/output/en/tbl_vline_slicer.png                                                            (00:00.008 / 02:10.649, 710Mb)
Load /work/output/en/Provenance-55219d12-6245-4de4-8b50-ddf6f16a789b.json.html                       (00:00.000 / 02:10.649, 710Mb)
Load /work/output/en/tbl_bck1000.png                                                                 (00:00.003 / 02:10.652, 716Mb)
Load /work/output/en/icon-fhir-32.png                                                                (00:00.000 / 02:10.653, 716Mb)
Load /work/output/en/tbl_bck05150.png                                                                (00:00.000 / 02:10.653, 716Mb)
Load /work/output/en/icon_q_item.png                                                                 (00:00.000 / 02:10.653, 716Mb)
Load /work/output/en/tbl_bck00000.png                                                                (00:00.000 / 02:10.654, 716Mb)
Load /work/output/en/tbl_bck12410.png                                                                (00:00.000 / 02:10.654, 716Mb)
Load /work/output/en/tbl_bck10011.png                                                                (00:00.000 / 02:10.654, 716Mb)
Load /work/output/ValueSet-2.16.840.1.113883.3.1937.777.24.11.30--20210323234509.xlsx                (00:00.000 / 02:10.654, 716Mb)
Load /work/output/icon_page_n_c.gif                                                                  (00:00.000 / 02:10.655, 716Mb)
Load /work/output/tbl_bck111110.png                                                                  (00:00.000 / 02:10.655, 716Mb)
Load /work/output/valueset-ref-list.json                                                             (00:00.000 / 02:10.655, 716Mb)
Load /work/output/StructureDefinition-56375452-bfa1-4111-af7c-5b5ba9a1857c.json                      (00:00.000 / 02:10.656, 716Mb)
Load /work/output/tbl_bck011110.png                                                                  (00:00.000 / 02:10.656, 716Mb)
Load /work/output/Consent-5143266b-8d60-4b28-8ee9-635140ffa5bb.change.history.html                   (00:00.000 / 02:10.656, 716Mb)
Load /work/output/tbl_bck0331.png                                                                    (00:00.000 / 02:10.657, 716Mb)
Load /work/output/summary.png                                                                        (00:00.000 / 02:10.657, 716Mb)
Load /work/output/tbl_bck0251.png                                                                    (00:00.000 / 02:10.657, 716Mb)
Load /work/output/tbl_bck012.png                                                                     (00:00.000 / 02:10.658, 716Mb)
Load /work/output/icon-q-url.png                                                                     (00:00.000 / 02:10.658, 716Mb)
Load /work/output/version-history.html                                                               (00:00.000 / 02:10.658, 716Mb)
.Load /work/output/tbl_bck11240.png                                                                   (00:00.000 / 02:10.659, 716Mb)
Load /work/output/tbl_bck125100.png                                                                  (00:00.000 / 02:10.659, 716Mb)
Load /work/output/tbl_bck01.png                                                                      (00:00.000 / 02:10.659, 716Mb)
Load /work/output/tbl_bck15.png                                                                      (00:00.000 / 02:10.660, 716Mb)
Load /work/output/icon-error.gif                                                                     (00:00.000 / 02:10.660, 716Mb)
Load /work/output/tbl_bck00001100.png                                                                (00:00.000 / 02:10.660, 716Mb)
Load /work/output/tbl_bck0010000.png                                                                 (00:00.000 / 02:10.660, 716Mb)
Load /work/output/tbl_bck0110000.png                                                                 (00:00.000 / 02:10.661, 716Mb)
Load /work/output/tbl_bck14.png                                                                      (00:00.000 / 02:10.661, 716Mb)
Load /work/output/tbl_bck00.png                                                                      (00:00.000 / 02:10.661, 716Mb)
Load /work/output/tbl_bck000011111100.png                                                            (00:00.000 / 02:10.662, 716Mb)
Load /work/output/DocumentReference-8a3d1799-2463-405e-b49c-6a16c8692b01.html                        (00:00.000 / 02:10.662, 716Mb)
Load /work/output/CodeSystem-2.16.840.1.113883.3.1937.777.24.5.3--20251211153003.xml                 (00:00.000 / 02:10.663, 716Mb)
Load /work/output/tbl_bck0250.png                                                                    (00:00.007 / 02:10.671, 728Mb)
Load /work/output/tbl_bck0000010.png                                                                 (00:00.000 / 02:10.671, 728Mb)
Load /work/output/tbl_bck013.png                                                                     (00:00.000 / 02:10.671, 728Mb)
Load /work/output/tbl_bck00001110010.png                                                             (00:00.000 / 02:10.672, 728Mb)
Load /work/output/tbl_bck1252410.png                                                                 (00:00.000 / 02:10.672, 728Mb)
Load /work/output/tbl_bck01250.png                                                                   (00:00.000 / 02:10.672, 728Mb)
Load /work/output/tbl_bck0330.png                                                                    (00:00.000 / 02:10.672, 728Mb)
Load /work/output/icon-infrastructure.png                                                            (00:00.000 / 02:10.673, 728Mb)
Load /work/output/icon-qi-security.png                                                               (00:00.000 / 02:10.673, 728Mb)
Load /work/output/tbl_bck011111.png                                                                  (00:00.000 / 02:10.674, 728Mb)
Load /work/output/SearchParameter-MII-SP-Consent-ProvisionCode.xml.html                              (00:00.000 / 02:10.674, 728Mb)
Load /work/output/ValueSet-2.16.840.1.113883.3.1937.777.24.11.30--20210323234509.html                (00:00.000 / 02:10.675, 728Mb)
Load /work/output/tbl_bck001100.png                                                                  (00:00.000 / 02:10.675, 728Mb)
Load /work/output/tbl_bck101100.png                                                                  (00:00.000 / 02:10.676, 728Mb)
Load /work/output/tbl_bck001110.png                                                                  (00:00.000 / 02:10.676, 728Mb)
Load /work/output/assets/css/xml.css                                                                 (00:00.000 / 02:10.676, 728Mb)
Load /work/output/assets/css/jquery-ui.theme.min.css                                                 (00:00.000 / 02:10.677, 728Mb)
Load /work/output/assets/css/cqf.css                                                                 (00:00.000 / 02:10.677, 728Mb)
Load /work/output/assets/css/mii.css                                                                 (00:00.000 / 02:10.677, 728Mb)
Load /work/output/assets/css/hl7.css                                                                 (00:00.000 / 02:10.677, 728Mb)
Load /work/output/assets/css/bootstrap-fhir.css                                                      (00:00.000 / 02:10.678, 728Mb)
Load /work/output/assets/css/prism-fhirpath.css                                                      (00:00.000 / 02:10.678, 728Mb)
Load /work/output/assets/css/jquery-ui.css                                                           (00:00.000 / 02:10.678, 728Mb)
Load /work/output/assets/css/bootstrap-glyphicons.css                                                (00:00.000 / 02:10.678, 728Mb)
Load /work/output/assets/css/prism.css                                                               (00:00.000 / 02:10.679, 728Mb)
Load /work/output/assets/css/jquery-ui.structure.min.css                                             (00:00.000 / 02:10.679, 728Mb)
Load /work/output/assets/css/pygments-manni.css                                                      (00:00.000 / 02:10.679, 728Mb)
Load /work/output/assets/css/project.css                                                             (00:00.000 / 02:10.680, 728Mb)
Load /work/output/assets/images/icon_arrow_up.png                                                    (00:00.000 / 02:10.680, 728Mb)
Load /work/output/assets/images/deu.svg                                                              (00:00.000 / 02:10.680, 728Mb)
Load /work/output/assets/images/external.png                                                         (00:00.000 / 02:10.681, 728Mb)
Load /work/output/assets/images/fhir-logo-www.png                                                    (00:00.000 / 02:10.681, 728Mb)
Load /work/output/assets/images/download.png                                                         (00:00.000 / 02:10.681, 728Mb)
Load /work/output/assets/images/logo-en.svg                                                          (00:00.000 / 02:10.681, 728Mb)
Load /work/output/assets/images/link.svg                                                             (00:00.014 / 02:10.696, 746Mb)
Load /work/output/assets/images/dragon.png                                                           (00:00.000 / 02:10.696, 746Mb)
Load /work/output/assets/images/lang-es.png                                                          (00:00.000 / 02:10.697, 746Mb)
Load /work/output/assets/images/lang-de.png                                                          (00:00.000 / 02:10.697, 746Mb)
Load /work/output/assets/images/001.svg                                                              (00:00.000 / 02:10.698, 746Mb)
Load /work/output/assets/images/target.png                                                           (00:00.001 / 02:10.700, 748Mb)
Load /work/output/assets/images/fcp-logo.png                                                         (00:00.000 / 02:10.700, 748Mb)
Load /work/output/assets/images/lang-pt.png                                                          (00:00.000 / 02:10.700, 748Mb)
Load /work/output/assets/images/search.png                                                           (00:00.000 / 02:10.700, 748Mb)
Load /work/output/assets/images/lang-en.png                                                          (00:00.000 / 02:10.701, 748Mb)
.Load /work/output/assets/images/lang-ja.png                                                          (00:00.000 / 02:10.701, 748Mb)
Load /work/output/assets/images/lang-kr.png                                                          (00:00.000 / 02:10.701, 748Mb)
Load /work/output/assets/images/logo_ansinew.jpg                                                     (00:00.000 / 02:10.701, 748Mb)
Load /work/output/assets/images/logo-de.svg                                                          (00:00.000 / 02:10.701, 748Mb)
Load /work/output/assets/images/lang-pt_BR.png                                                       (00:00.007 / 02:10.709, 758Mb)
Load /work/output/assets/images/lang-fr.png                                                          (00:00.000 / 02:10.710, 758Mb)
Load /work/output/assets/images/lang-ru.png                                                          (00:00.000 / 02:10.710, 758Mb)
Load /work/output/assets/images/lang-ar.png                                                          (00:00.000 / 02:10.710, 758Mb)
Load /work/output/assets/images/stripe.png                                                           (00:00.000 / 02:10.711, 758Mb)
Load /work/output/assets/images/hl7-logo-header.png                                                  (00:00.000 / 02:10.711, 758Mb)
Load /work/output/assets/images/lang-nl.png                                                          (00:00.000 / 02:10.711, 758Mb)
Load /work/output/assets/images/lang-zh.png                                                          (00:00.000 / 02:10.711, 758Mb)
Load /work/output/assets/images/lang-zh-TW.png                                                       (00:00.000 / 02:10.711, 758Mb)
Load /work/output/assets/images/icon_arrow_down.png                                                  (00:00.000 / 02:10.712, 758Mb)
Load /work/output/assets/js/html5shiv.js                                                             (00:00.000 / 02:10.712, 758Mb)
Load /work/output/assets/js/flags.js                                                                 (00:00.000 / 02:10.712, 758Mb)
Load /work/output/assets/js/prism.js                                                                 (00:00.000 / 02:10.712, 760Mb)
Load /work/output/assets/js/mermaid.js                                                               (00:00.000 / 02:10.713, 760Mb)
Load /work/output/assets/js/jquery-ui.min.js                                                         (00:00.000 / 02:10.713, 760Mb)
Load /work/output/assets/js/clipboard-btn.js                                                         (00:00.000 / 02:10.713, 760Mb)
Load /work/output/assets/js/respond.min.js                                                           (00:00.000 / 02:10.713, 760Mb)
Load /work/output/assets/js/prism-fhirpath.js                                                        (00:00.000 / 02:10.714, 760Mb)
Load /work/output/assets/js/xml.js                                                                   (00:00.000 / 02:10.714, 760Mb)
Load /work/output/assets/js/window-hash.js                                                           (00:00.000 / 02:10.714, 760Mb)
Load /work/output/assets/js/clipboard.min.js                                                         (00:00.000 / 02:10.714, 760Mb)
Load /work/output/assets/js/tabs.js                                                                  (00:00.000 / 02:10.714, 760Mb)
Load /work/output/assets/js/jquery-3.7.0.min.map                                                     (00:00.000 / 02:10.715, 760Mb)
Load /work/output/assets/js/mermaid-init.js                                                          (00:00.000 / 02:10.715, 760Mb)
Load /work/output/assets/js/bootstrap.min.js                                                         (00:00.000 / 02:10.715, 760Mb)
Load /work/output/assets/js/fhir-table-scripts.js                                                    (00:00.000 / 02:10.715, 760Mb)
Load /work/output/assets/js/anchor.min.js                                                            (00:00.000 / 02:10.716, 760Mb)
Load /work/output/assets/js/topofpage.js                                                             (00:00.000 / 02:10.716, 760Mb)
Load /work/output/assets/js/fhir.js                                                                  (00:00.000 / 02:10.716, 760Mb)
Load /work/output/assets/js/readme.txt                                                               (00:00.000 / 02:10.716, 760Mb)
Load /work/output/assets/js/lang-redirects.js                                                        (00:00.000 / 02:10.717, 760Mb)
Load /work/output/assets/js/direction-management.js                                                  (00:00.000 / 02:10.717, 760Mb)
Load /work/output/assets/js/anchor-hover.js                                                          (00:00.000 / 02:10.717, 760Mb)
Load /work/output/assets/js/jquery.js                                                                (00:00.000 / 02:10.717, 760Mb)
Load /work/output/assets/fonts/OpenSans-CondBold-webfont.svg                                         (00:00.000 / 02:10.717, 760Mb)
Load /work/output/assets/fonts/glyphiconshalflings-regular.otf                                       (00:00.014 / 02:10.732, 786Mb)
Load /work/output/assets/fonts/OpenSans-CondLight-webfont.eot                                        (00:00.000 / 02:10.732, 786Mb)
Load /work/output/assets/fonts/glyphiconshalflings-regular.eot                                       (00:00.000 / 02:10.732, 786Mb)
Load /work/output/assets/fonts/OpenSans-CondLight-webfont.ttf                                        (00:00.000 / 02:10.733, 786Mb)
Load /work/output/assets/fonts/glyphiconshalflings-regular.ttf                                       (00:00.000 / 02:10.733, 786Mb)
Load /work/output/assets/fonts/OpenSans-CondLight-webfont.woff                                       (00:00.000 / 02:10.733, 786Mb)
Load /work/output/assets/fonts/glyphiconshalflings-regular.woff                                      (00:00.000 / 02:10.734, 786Mb)
Load /work/output/assets/fonts/OpenSans-CondBold-webfont.ttf                                         (00:00.000 / 02:10.734, 786Mb)
Load /work/output/assets/fonts/OpenSans-CondBold-webfont.woff                                        (00:00.000 / 02:10.734, 786Mb)
Load /work/output/assets/fonts/OpenSans-CondLight-webfont.svg                                        (00:00.000 / 02:10.735, 786Mb)
Load /work/output/assets/fonts/glyphiconshalflings-regular.svg                                       (00:00.016 / 02:10.751, 816Mb)
Load /work/output/assets/fonts/OpenSans-CondBold-webfont.eot                                         (00:00.007 / 02:10.759, 826Mb)
Load /work/output/assets/ico/icon-fhir-114.png                                                       (00:00.000 / 02:10.759, 826Mb)
Load /work/output/assets/ico/icon-fhir-72.png                                                        (00:00.000 / 02:10.759, 826Mb)
Load /work/output/assets/ico/icon-fhir-144.png                                                       (00:00.000 / 02:10.759, 826Mb)
Load /work/output/assets/ico/favicon.png                                                             (00:00.000 / 02:10.760, 826Mb)
Load /work/output/assets/ico/noun_copy to clipboard_1669410.png                                      (00:00.000 / 02:10.760, 826Mb)
Load /work/output/assets/ico/icon-fhir-57.png                                                        (00:00.000 / 02:10.760, 826Mb)
.Load /work/output/tbl_bck101110.png                                                                  (00:00.000 / 02:10.761, 826Mb)
Load /work/output/Provenance-55219d12-6245-4de4-8b50-ddf6f16a789b.xml                                (00:00.000 / 02:10.761, 826Mb)
Load /work/output/CodeSystem-mii-cs-consent-version-modules.change.history.html                      (00:00.000 / 02:10.761, 826Mb)
Load /work/output/tbl_bck05152.png                                                                   (00:00.000 / 02:10.762, 826Mb)
Load /work/output/tbl_bck111101.png                                                                  (00:00.000 / 02:10.763, 826Mb)
Load /work/output/tbl_bck0320.png                                                                    (00:00.000 / 02:10.763, 826Mb)
Load /work/output/icon-fhir-24.png                                                                   (00:00.000 / 02:10.763, 826Mb)
Load /work/output/StructureDefinition-e0e166b4-0f77-478d-9062-de0034d98ce0.profile.xml.html          (00:00.000 / 02:10.763, 826Mb)
Load /work/output/tbl_bck1252400.png                                                                 (00:00.000 / 02:10.764, 828Mb)
Load /work/output/tbl_bck01240.png                                                                   (00:00.000 / 02:10.764, 828Mb)
Load /work/output/icon-q-string.png                                                                  (00:00.000 / 02:10.765, 828Mb)
Load /work/output/tbl_bck0240.png                                                                    (00:00.000 / 02:10.765, 828Mb)
Load /work/output/SearchParameter-MII-SP-Consent-ProvisionType.json                                  (00:00.000 / 02:10.765, 828Mb)
Load /work/output/tbl_bck0000000.png                                                                 (00:00.000 / 02:10.766, 828Mb)
Load /work/output/CodeSystem-2.16.840.1.113883.3.1937.777.24.5.3--20251211153003.json.html           (00:00.000 / 02:10.766, 828Mb)
Load /work/output/tbl_bck00001110000.png                                                             (00:00.000 / 02:10.766, 828Mb)
Load /work/output/tbl_bck000011111110.png                                                            (00:00.000 / 02:10.767, 828Mb)
Load /work/output/CodeSystem-mii-cs-consent-version-modules.json                                     (00:00.000 / 02:10.767, 828Mb)
Load /work/output/expansions.xml.zip                                                                 (00:00.000 / 02:10.767, 828Mb)
Load /work/output/tbl_bck04.png                                                                      (00:00.000 / 02:10.768, 828Mb)
Load /work/output/tbl_bck00001111.png                                                                (00:00.000 / 02:10.768, 828Mb)
Load /work/output/tbl_bck10.png                                                                      (00:00.000 / 02:10.768, 828Mb)
Load /work/output/SearchParameter-MII-SP-Consent-ProvisionCodeType.change.history.html               (00:00.000 / 02:10.768, 828Mb)
Load /work/output/tbl_bck125110.png                                                                  (00:00.000 / 02:10.769, 828Mb)
Load /work/output/tbl_bck11.png                                                                      (00:00.000 / 02:10.769, 828Mb)
Load /work/output/tbl_bck05.png                                                                      (00:00.000 / 02:10.769, 828Mb)
Load /work/output/tbl_bck00001110.png                                                                (00:00.000 / 02:10.770, 828Mb)
Load /work/output/tbl_bck0010010.png                                                                 (00:00.000 / 02:10.770, 828Mb)
Load /work/output/tbl_bck0110010.png                                                                 (00:00.000 / 02:10.770, 828Mb)
Load /work/output/tbl_vline.png                                                                      (00:00.000 / 02:10.770, 828Mb)
Load /work/output/tbl_bck11250.png                                                                   (00:00.000 / 02:10.771, 828Mb)
Load /work/output/Consent-5143266b-8d60-4b28-8ee9-635140ffa5bb.xml.html                              (00:00.000 / 02:10.771, 828Mb)
Load /work/output/excels.zip                                                                         (00:00.000 / 02:10.772, 828Mb)
Load /work/output/tbl_bck0241.png                                                                    (00:00.000 / 02:10.772, 828Mb)
Load /work/output/all-profiles.xlsx                                                                  (00:00.000 / 02:10.772, 828Mb)
Load /work/output/icon_slice_item.png                                                                (00:00.000 / 02:10.772, 828Mb)
Load /work/output/expansions.json.zip                                                                (00:00.000 / 02:10.773, 828Mb)
Load /work/output/CodeSystem-2.16.840.1.113883.3.1937.777.24.5.2--20210423105554.change.history.html (00:00.000 / 02:10.773, 828Mb)
Load /work/output/tbl_bck111100.png                                                                  (00:00.000 / 02:10.774, 828Mb)
Load /work/output/ValueSet-2.16.840.1.113883.3.1937.777.24.11.36--20230331232804.change.history.html (00:00.000 / 02:10.774, 828Mb)
Load /work/output/tbl_bck011100.png                                                                  (00:00.000 / 02:10.775, 828Mb)
Load /work/output/icon_page_n_p.gif                                                                  (00:00.000 / 02:10.775, 828Mb)
Load /work/output/tbl_vjoin_end.png                                                                  (00:00.000 / 02:10.775, 828Mb)
Load /work/output/tbl_bck101111.png                                                                  (00:00.000 / 02:10.776, 828Mb)
Load /work/output/Parameters-mii-param-consent-manifest.xml.html                                     (00:00.000 / 02:10.776, 828Mb)
Load /work/output/tbl_bck02400.png                                                                   (00:00.000 / 02:10.776, 828Mb)
Load /work/output/terminology.html                                                                   (00:00.000 / 02:10.777, 828Mb)
Load /work/output/tbl_bck10010.png                                                                   (00:00.000 / 02:10.777, 828Mb)
Load /work/output/tbl_bck15140.png                                                                   (00:00.000 / 02:10.778, 828Mb)
Load /work/output/icon_resource.png                                                                  (00:00.000 / 02:10.778, 828Mb)
Load /work/output/StructureDefinition-56375452-bfa1-4111-af7c-5b5ba9a1857c.profile.xml.html          (00:00.000 / 02:10.778, 828Mb)
Load /work/output/profiles-and-extensions.html                                                       (00:00.000 / 02:10.779, 828Mb)
Load /work/output/tbl_bck00001.png                                                                   (00:00.000 / 02:10.779, 828Mb)
Load /work/output/CodeSystem-2.16.840.1.113883.3.1937.777.24.5.3--20251211153003.json                (00:00.000 / 02:10.780, 828Mb)
Load /work/output/tbl_bck15424.png                                                                   (00:00.000 / 02:10.780, 828Mb)
Load /work/output/tbl_bck1001.png                                                                    (00:00.000 / 02:10.780, 828Mb)
Load /work/output/icon_modifier_extension_complex.png                                                (00:00.000 / 02:10.780, 828Mb)
.Load /work/output/tbl_bck000.png                                                                     (00:00.000 / 02:10.781, 828Mb)
Load /work/output/StructureDefinition-f675b1e8-9f3f-44e8-bb59-9681f78eb464.json                      (00:00.000 / 02:10.781, 828Mb)
Load /work/output/SearchParameter-MII-SP-Consent-ProvisionCode.html                                  (00:00.000 / 02:10.781, 828Mb)
Load /work/output/SearchParameter-MII-SP-Consent-ProvisionCode.json.html                             (00:00.000 / 02:10.782, 828Mb)
Load /work/output/tbl_bck11252.png                                                                   (00:00.000 / 02:10.783, 830Mb)
Load /work/output/ValueSet-2.16.840.1.113883.3.1937.777.24.11.30--20210323234509.change.history.html (00:00.000 / 02:10.783, 830Mb)
Load /work/output/tbl_bck13.png                                                                      (00:00.000 / 02:10.784, 830Mb)
Load /work/output/StructureDefinition-f675b1e8-9f3f-44e8-bb59-9681f78eb464-examples.html             (00:00.000 / 02:10.784, 830Mb)
Load /work/output/tbl_blank.png                                                                      (00:00.001 / 02:10.785, 830Mb)
Load /work/output/package.r4b.manifest.json                                                          (00:00.000 / 02:10.786, 830Mb)
Load /work/output/tbl_bck1410.png                                                                    (00:00.000 / 02:10.786, 830Mb)
Load /work/output/tbl_bck12.png                                                                      (00:00.000 / 02:10.787, 830Mb)
Load /work/output/icon-q-time.png                                                                    (00:00.000 / 02:10.787, 830Mb)
Load /work/output/tbl_bck01111001.png                                                                (00:00.000 / 02:10.787, 830Mb)
Load /work/output/icon-qi-horizontal.png                                                             (00:00.000 / 02:10.788, 830Mb)
Load /work/output/tbl_bck015.png                                                                     (00:00.000 / 02:10.788, 830Mb)
Load /work/output/tbl_bck001.png                                                                     (00:00.000 / 02:10.788, 830Mb)
Load /work/output/fhir.css                                                                           (00:00.000 / 02:10.788, 830Mb)
Load /work/output/valueset-ref-list.csv                                                              (00:00.000 / 02:10.789, 830Mb)
Load /work/output/Consent-5143266b-8d60-4b28-8ee9-635140ffa5bb.html                                  (00:00.000 / 02:10.789, 830Mb)
Load /work/output/tbl_vline_slicer.png                                                               (00:00.000 / 02:10.790, 830Mb)
Load /work/output/csvs.zip                                                                           (00:00.000 / 02:10.790, 830Mb)
Load /work/output/Provenance-55219d12-6245-4de4-8b50-ddf6f16a789b.json.html                          (00:00.000 / 02:10.790, 830Mb)
Load /work/output/tbl_bck1000.png                                                                    (00:00.000 / 02:10.791, 830Mb)
Load /work/output/icon-fhir-32.png                                                                   (00:00.000 / 02:10.791, 830Mb)
Load /work/output/sub-package-list.json                                                              (00:00.000 / 02:10.791, 830Mb)
Load /work/output/tbl_bck05150.png                                                                   (00:00.000 / 02:10.791, 830Mb)
Load /work/output/icon_q_item.png                                                                    (00:00.000 / 02:10.792, 830Mb)
Load /work/output/tbl_bck00000.png                                                                   (00:00.000 / 02:10.792, 830Mb)
Load /work/output/tbl_bck12410.png                                                                   (00:00.000 / 02:10.792, 830Mb)
Load /work/output/tbl_bck001112.png                                                                  (00:00.000 / 02:10.792, 830Mb)
Load /work/output/observations-summary.xlsx                                                          (00:00.000 / 02:10.793, 830Mb)
Load /work/output/tbl_bck10011.png                                                                   (00:00.000 / 02:10.793, 830Mb)

Checking Resources                                                                                   (00:00.000 / 02:10.793, 830Mb)
Checking Files                                                                                       (00:00.056 / 02:10.850, 846Mb)
Check /work/output/CodeSystem-2.16.840.1.113883.3.1937.777.24.5.2--20210423105554-testing.html       (00:00.001 / 02:10.851, 846Mb)
Check /work/output/CodeSystem-2.16.840.1.113883.3.1937.777.24.5.2--20210423105554.change.history.html (00:00.003 / 02:10.855, 846Mb)
Check /work/output/CodeSystem-2.16.840.1.113883.3.1937.777.24.5.2--20210423105554.html               (00:00.000 / 02:10.856, 846Mb)
Check /work/output/CodeSystem-2.16.840.1.113883.3.1937.777.24.5.2--20210423105554.json               (00:00.000 / 02:10.857, 846Mb)
Check /work/output/CodeSystem-2.16.840.1.113883.3.1937.777.24.5.2--20210423105554.json.html          (00:00.000 / 02:10.858, 846Mb)
Check /work/output/CodeSystem-2.16.840.1.113883.3.1937.777.24.5.2--20210423105554.xlsx               (00:00.000 / 02:10.858, 846Mb)
Check /work/output/CodeSystem-2.16.840.1.113883.3.1937.777.24.5.2--20210423105554.xml                (00:00.000 / 02:10.859, 846Mb)
Check /work/output/CodeSystem-2.16.840.1.113883.3.1937.777.24.5.2--20210423105554.xml.html           (00:00.000 / 02:10.859, 846Mb)
Check /work/output/CodeSystem-2.16.840.1.113883.3.1937.777.24.5.3--20251211153003-testing.html       (00:00.000 / 02:10.860, 846Mb)
Check /work/output/CodeSystem-2.16.840.1.113883.3.1937.777.24.5.3--20251211153003.change.history.html (00:00.000 / 02:10.860, 846Mb)
Check /work/output/CodeSystem-2.16.840.1.113883.3.1937.777.24.5.3--20251211153003.html               (00:00.000 / 02:10.861, 846Mb)
Check /work/output/CodeSystem-2.16.840.1.113883.3.1937.777.24.5.3--20251211153003.json               (00:00.000 / 02:10.861, 848Mb)
Check /work/output/CodeSystem-2.16.840.1.113883.3.1937.777.24.5.3--20251211153003.json.html          (00:00.000 / 02:10.862, 848Mb)
Check /work/output/CodeSystem-2.16.840.1.113883.3.1937.777.24.5.3--20251211153003.xlsx               (00:00.000 / 02:10.863, 848Mb)
Check /work/output/CodeSystem-2.16.840.1.113883.3.1937.777.24.5.3--20251211153003.xml                (00:00.000 / 02:10.863, 848Mb)
Check /work/output/CodeSystem-2.16.840.1.113883.3.1937.777.24.5.3--20251211153003.xml.html           (00:00.000 / 02:10.864, 848Mb)
Check /work/output/CodeSystem-mii-cs-consent-version-modules-testing.html                            (00:00.000 / 02:10.865, 848Mb)
Check /work/output/CodeSystem-mii-cs-consent-version-modules.change.history.html                     (00:00.000 / 02:10.866, 848Mb)
Check /work/output/CodeSystem-mii-cs-consent-version-modules.html                                    (00:00.000 / 02:10.867, 848Mb)
Check /work/output/CodeSystem-mii-cs-consent-version-modules.json                                    (00:00.000 / 02:10.868, 848Mb)
Check /work/output/CodeSystem-mii-cs-consent-version-modules.json.html                               (00:00.000 / 02:10.869, 848Mb)
Check /work/output/CodeSystem-mii-cs-consent-version-modules.xlsx                                    (00:00.000 / 02:10.869, 848Mb)
Check /work/output/CodeSystem-mii-cs-consent-version-modules.xml                                     (00:00.000 / 02:10.870, 848Mb)
Check /work/output/CodeSystem-mii-cs-consent-version-modules.xml.html                                (00:00.000 / 02:10.870, 848Mb)
Check /work/output/Consent-34150a23-b1c8-404f-874f-e042a30435d2.change.history.html                  (00:00.000 / 02:10.871, 848Mb)
Check /work/output/Consent-34150a23-b1c8-404f-874f-e042a30435d2.html                                 (00:00.001 / 02:10.872, 850Mb)
Check /work/output/Consent-34150a23-b1c8-404f-874f-e042a30435d2.json                                 (00:00.001 / 02:10.874, 850Mb)
Check /work/output/Consent-34150a23-b1c8-404f-874f-e042a30435d2.json.html                            (00:00.002 / 02:10.876, 850Mb)
Check /work/output/Consent-34150a23-b1c8-404f-874f-e042a30435d2.xml                                  (00:00.001 / 02:10.877, 850Mb)
Check /work/output/Consent-34150a23-b1c8-404f-874f-e042a30435d2.xml.html                             (00:00.000 / 02:10.878, 850Mb)
Check /work/output/Consent-5143266b-8d60-4b28-8ee9-635140ffa5bb.change.history.html                  (00:00.000 / 02:10.879, 850Mb)
Check /work/output/Consent-5143266b-8d60-4b28-8ee9-635140ffa5bb.html                                 (00:00.000 / 02:10.880, 850Mb)
Check /work/output/Consent-5143266b-8d60-4b28-8ee9-635140ffa5bb.json                                 (00:00.001 / 02:10.881, 850Mb)
Check /work/output/Consent-5143266b-8d60-4b28-8ee9-635140ffa5bb.json.html                            (00:00.001 / 02:10.883, 850Mb)
Check /work/output/Consent-5143266b-8d60-4b28-8ee9-635140ffa5bb.xml                                  (00:00.001 / 02:10.884, 850Mb)
Check /work/output/Consent-5143266b-8d60-4b28-8ee9-635140ffa5bb.xml.html                             (00:00.000 / 02:10.885, 850Mb)
Check /work/output/Consent-Example-MII-Consent-ResultType-document.change.history.html               (00:00.001 / 02:10.886, 850Mb)
Check /work/output/Consent-Example-MII-Consent-ResultType-document.html                              (00:00.001 / 02:10.888, 850Mb)
Check /work/output/Consent-Example-MII-Consent-ResultType-document.json                              (00:00.001 / 02:10.889, 852Mb)
Check /work/output/Consent-Example-MII-Consent-ResultType-document.json.html                         (00:00.001 / 02:10.891, 852Mb)
Check /work/output/Consent-Example-MII-Consent-ResultType-document.xml                               (00:00.002 / 02:10.894, 852Mb)
Check /work/output/Consent-Example-MII-Consent-ResultType-document.xml.html                          (00:00.000 / 02:10.895, 852Mb)
Check /work/output/DocumentReference-8a3d1799-2463-405e-b49c-6a16c8692b01.change.history.html        (00:00.000 / 02:10.896, 852Mb)
Check /work/output/DocumentReference-8a3d1799-2463-405e-b49c-6a16c8692b01.html                       (00:00.000 / 02:10.896, 852Mb)
Check /work/output/DocumentReference-8a3d1799-2463-405e-b49c-6a16c8692b01.json                       (00:00.000 / 02:10.897, 852Mb)
Check /work/output/DocumentReference-8a3d1799-2463-405e-b49c-6a16c8692b01.json.html                  (00:00.000 / 02:10.898, 852Mb)
Check /work/output/DocumentReference-8a3d1799-2463-405e-b49c-6a16c8692b01.xml                        (00:00.000 / 02:10.898, 852Mb)
Check /work/output/DocumentReference-8a3d1799-2463-405e-b49c-6a16c8692b01.xml.html                   (00:00.000 / 02:10.899, 852Mb)
Check /work/output/ImplementationGuide-mii-ig-consent.json                                           (00:00.000 / 02:10.899, 852Mb)
Check /work/output/ImplementationGuide-mii-ig-consent.xml                                            (00:00.000 / 02:10.900, 852Mb)
Check /work/output/Parameters-mii-param-consent-manifest.change.history.html                         (00:00.000 / 02:10.901, 852Mb)
Check /work/output/Parameters-mii-param-consent-manifest.html                                        (00:00.000 / 02:10.901, 852Mb)
Check /work/output/Parameters-mii-param-consent-manifest.json                                        (00:00.000 / 02:10.902, 852Mb)
Check /work/output/Parameters-mii-param-consent-manifest.json.html                                   (00:00.000 / 02:10.902, 852Mb)
Check /work/output/Parameters-mii-param-consent-manifest.xml                                         (00:00.000 / 02:10.903, 852Mb)
Check /work/output/Parameters-mii-param-consent-manifest.xml.html                                    (00:00.000 / 02:10.903, 852Mb)
Check /work/output/Provenance-55219d12-6245-4de4-8b50-ddf6f16a789b.change.history.html               (00:00.000 / 02:10.904, 852Mb)
Check /work/output/Provenance-55219d12-6245-4de4-8b50-ddf6f16a789b.html                              (00:00.000 / 02:10.904, 854Mb)
.Check /work/output/Provenance-55219d12-6245-4de4-8b50-ddf6f16a789b.json                              (00:00.000 / 02:10.905, 854Mb)
Check /work/output/Provenance-55219d12-6245-4de4-8b50-ddf6f16a789b.json.html                         (00:00.000 / 02:10.906, 854Mb)
Check /work/output/Provenance-55219d12-6245-4de4-8b50-ddf6f16a789b.xml                               (00:00.001 / 02:10.907, 854Mb)
Check /work/output/Provenance-55219d12-6245-4de4-8b50-ddf6f16a789b.xml.html                          (00:00.001 / 02:10.909, 854Mb)
Check /work/output/SearchParameter-MII-SP-Consent-PolicyUri-testing.html                             (00:00.001 / 02:10.911, 854Mb)
Check /work/output/SearchParameter-MII-SP-Consent-PolicyUri.change.history.html                      (00:00.001 / 02:10.912, 854Mb)
Check /work/output/SearchParameter-MII-SP-Consent-PolicyUri.html                                     (00:00.001 / 02:10.914, 854Mb)
Check /work/output/SearchParameter-MII-SP-Consent-PolicyUri.json                                     (00:00.001 / 02:10.915, 854Mb)
Check /work/output/SearchParameter-MII-SP-Consent-PolicyUri.json.html                                (00:00.000 / 02:10.915, 854Mb)
Check /work/output/SearchParameter-MII-SP-Consent-PolicyUri.xml                                      (00:00.000 / 02:10.916, 854Mb)
Check /work/output/SearchParameter-MII-SP-Consent-PolicyUri.xml.html                                 (00:00.000 / 02:10.916, 854Mb)
Check /work/output/SearchParameter-MII-SP-Consent-ProvisionCode-testing.html                         (00:00.000 / 02:10.917, 854Mb)
Check /work/output/SearchParameter-MII-SP-Consent-ProvisionCode.change.history.html                  (00:00.000 / 02:10.917, 854Mb)
Check /work/output/SearchParameter-MII-SP-Consent-ProvisionCode.html                                 (00:00.000 / 02:10.918, 854Mb)
Check /work/output/SearchParameter-MII-SP-Consent-ProvisionCode.json                                 (00:00.000 / 02:10.918, 854Mb)
Check /work/output/SearchParameter-MII-SP-Consent-ProvisionCode.json.html                            (00:00.000 / 02:10.918, 854Mb)
Check /work/output/SearchParameter-MII-SP-Consent-ProvisionCode.xml                                  (00:00.000 / 02:10.919, 854Mb)
Check /work/output/SearchParameter-MII-SP-Consent-ProvisionCode.xml.html                             (00:00.000 / 02:10.919, 854Mb)
Check /work/output/SearchParameter-MII-SP-Consent-ProvisionCodePeriod-testing.html                   (00:00.000 / 02:10.920, 854Mb)
Check /work/output/SearchParameter-MII-SP-Consent-ProvisionCodePeriod.change.history.html            (00:00.000 / 02:10.920, 854Mb)
Check /work/output/SearchParameter-MII-SP-Consent-ProvisionCodePeriod.html                           (00:00.000 / 02:10.921, 856Mb)
Check /work/output/SearchParameter-MII-SP-Consent-ProvisionCodePeriod.json                           (00:00.000 / 02:10.921, 856Mb)
Check /work/output/SearchParameter-MII-SP-Consent-ProvisionCodePeriod.json.html                      (00:00.000 / 02:10.922, 856Mb)
Check /work/output/SearchParameter-MII-SP-Consent-ProvisionCodePeriod.xml                            (00:00.000 / 02:10.922, 856Mb)
Check /work/output/SearchParameter-MII-SP-Consent-ProvisionCodePeriod.xml.html                       (00:00.000 / 02:10.923, 856Mb)
Check /work/output/SearchParameter-MII-SP-Consent-ProvisionCodeType-testing.html                     (00:00.000 / 02:10.923, 856Mb)
Check /work/output/SearchParameter-MII-SP-Consent-ProvisionCodeType.change.history.html              (00:00.000 / 02:10.924, 856Mb)
Check /work/output/SearchParameter-MII-SP-Consent-ProvisionCodeType.html                             (00:00.000 / 02:10.924, 856Mb)
Check /work/output/SearchParameter-MII-SP-Consent-ProvisionCodeType.json                             (00:00.000 / 02:10.924, 856Mb)
Check /work/output/SearchParameter-MII-SP-Consent-ProvisionCodeType.json.html                        (00:00.000 / 02:10.925, 856Mb)
Check /work/output/SearchParameter-MII-SP-Consent-ProvisionCodeType.xml                              (00:00.000 / 02:10.925, 856Mb)
Check /work/output/SearchParameter-MII-SP-Consent-ProvisionCodeType.xml.html                         (00:00.000 / 02:10.925, 856Mb)
Check /work/output/SearchParameter-MII-SP-Consent-ProvisionPeriod-testing.html                       (00:00.000 / 02:10.926, 856Mb)
Check /work/output/SearchParameter-MII-SP-Consent-ProvisionPeriod.change.history.html                (00:00.000 / 02:10.926, 856Mb)
Check /work/output/SearchParameter-MII-SP-Consent-ProvisionPeriod.html                               (00:00.000 / 02:10.927, 856Mb)
Check /work/output/SearchParameter-MII-SP-Consent-ProvisionPeriod.json                               (00:00.000 / 02:10.927, 856Mb)
Check /work/output/SearchParameter-MII-SP-Consent-ProvisionPeriod.json.html                          (00:00.000 / 02:10.928, 856Mb)
Check /work/output/SearchParameter-MII-SP-Consent-ProvisionPeriod.xml                                (00:00.000 / 02:10.928, 856Mb)
Check /work/output/SearchParameter-MII-SP-Consent-ProvisionPeriod.xml.html                           (00:00.000 / 02:10.928, 856Mb)
Check /work/output/SearchParameter-MII-SP-Consent-ProvisionType-testing.html                         (00:00.000 / 02:10.929, 856Mb)
Check /work/output/SearchParameter-MII-SP-Consent-ProvisionType.change.history.html                  (00:00.000 / 02:10.929, 858Mb)
Check /work/output/SearchParameter-MII-SP-Consent-ProvisionType.html                                 (00:00.000 / 02:10.930, 858Mb)
Check /work/output/SearchParameter-MII-SP-Consent-ProvisionType.json                                 (00:00.000 / 02:10.930, 858Mb)
Check /work/output/SearchParameter-MII-SP-Consent-ProvisionType.json.html                            (00:00.000 / 02:10.930, 858Mb)
Check /work/output/SearchParameter-MII-SP-Consent-ProvisionType.xml                                  (00:00.000 / 02:10.931, 858Mb)
Check /work/output/SearchParameter-MII-SP-Consent-ProvisionType.xml.html                             (00:00.000 / 02:10.931, 858Mb)
Check /work/output/StructureDefinition-56375452-bfa1-4111-af7c-5b5ba9a1857c-definitions.html         (00:00.000 / 02:10.932, 858Mb)
Check /work/output/StructureDefinition-56375452-bfa1-4111-af7c-5b5ba9a1857c-examples.html            (00:00.000 / 02:10.932, 858Mb)
Check /work/output/StructureDefinition-56375452-bfa1-4111-af7c-5b5ba9a1857c-mappings.html            (00:00.000 / 02:10.932, 858Mb)
Check /work/output/StructureDefinition-56375452-bfa1-4111-af7c-5b5ba9a1857c-testing.html             (00:00.000 / 02:10.933, 858Mb)
Check /work/output/StructureDefinition-56375452-bfa1-4111-af7c-5b5ba9a1857c.csv                      (00:00.000 / 02:10.933, 858Mb)
Check /work/output/StructureDefinition-56375452-bfa1-4111-af7c-5b5ba9a1857c.html                     (00:00.000 / 02:10.934, 858Mb)
Check /work/output/StructureDefinition-56375452-bfa1-4111-af7c-5b5ba9a1857c.json                     (00:00.000 / 02:10.934, 858Mb)
Check /work/output/StructureDefinition-56375452-bfa1-4111-af7c-5b5ba9a1857c.profile.history.html     (00:00.001 / 02:10.935, 858Mb)
Check /work/output/StructureDefinition-56375452-bfa1-4111-af7c-5b5ba9a1857c.profile.json.html        (00:00.000 / 02:10.936, 858Mb)
Check /work/output/StructureDefinition-56375452-bfa1-4111-af7c-5b5ba9a1857c.profile.xml.html         (00:00.000 / 02:10.936, 860Mb)
Check /work/output/StructureDefinition-56375452-bfa1-4111-af7c-5b5ba9a1857c.sch                      (00:00.000 / 02:10.937, 860Mb)
.Check /work/output/StructureDefinition-56375452-bfa1-4111-af7c-5b5ba9a1857c.xlsx                     (00:00.000 / 02:10.937, 860Mb)
Check /work/output/StructureDefinition-56375452-bfa1-4111-af7c-5b5ba9a1857c.xml                      (00:00.000 / 02:10.938, 860Mb)
Check /work/output/StructureDefinition-e0e166b4-0f77-478d-9062-de0034d98ce0-definitions.html         (00:00.000 / 02:10.938, 860Mb)
Check /work/output/StructureDefinition-e0e166b4-0f77-478d-9062-de0034d98ce0-examples.html            (00:00.000 / 02:10.939, 860Mb)
Check /work/output/StructureDefinition-e0e166b4-0f77-478d-9062-de0034d98ce0-mappings.html            (00:00.000 / 02:10.939, 860Mb)
Check /work/output/StructureDefinition-e0e166b4-0f77-478d-9062-de0034d98ce0-testing.html             (00:00.000 / 02:10.939, 860Mb)
Check /work/output/StructureDefinition-e0e166b4-0f77-478d-9062-de0034d98ce0.csv                      (00:00.000 / 02:10.940, 860Mb)
Check /work/output/StructureDefinition-e0e166b4-0f77-478d-9062-de0034d98ce0.html                     (00:00.000 / 02:10.941, 861Mb)
Check /work/output/StructureDefinition-e0e166b4-0f77-478d-9062-de0034d98ce0.json                     (00:00.000 / 02:10.941, 862Mb)
Check /work/output/StructureDefinition-e0e166b4-0f77-478d-9062-de0034d98ce0.profile.history.html     (00:00.002 / 02:10.944, 864Mb)
Check /work/output/StructureDefinition-e0e166b4-0f77-478d-9062-de0034d98ce0.profile.json.html        (00:00.000 / 02:10.944, 864Mb)
Check /work/output/StructureDefinition-e0e166b4-0f77-478d-9062-de0034d98ce0.profile.xml.html         (00:00.000 / 02:10.945, 864Mb)
Check /work/output/StructureDefinition-e0e166b4-0f77-478d-9062-de0034d98ce0.sch                      (00:00.000 / 02:10.945, 864Mb)
Check /work/output/StructureDefinition-e0e166b4-0f77-478d-9062-de0034d98ce0.xlsx                     (00:00.000 / 02:10.945, 864Mb)
Check /work/output/StructureDefinition-e0e166b4-0f77-478d-9062-de0034d98ce0.xml                      (00:00.000 / 02:10.946, 865Mb)
Check /work/output/StructureDefinition-f675b1e8-9f3f-44e8-bb59-9681f78eb464-definitions.html         (00:00.002 / 02:10.948, 868Mb)
Check /work/output/StructureDefinition-f675b1e8-9f3f-44e8-bb59-9681f78eb464-examples.html            (00:00.000 / 02:10.948, 868Mb)
Check /work/output/StructureDefinition-f675b1e8-9f3f-44e8-bb59-9681f78eb464-mappings.html            (00:00.000 / 02:10.949, 868Mb)
Check /work/output/StructureDefinition-f675b1e8-9f3f-44e8-bb59-9681f78eb464-testing.html             (00:00.000 / 02:10.949, 868Mb)
Check /work/output/StructureDefinition-f675b1e8-9f3f-44e8-bb59-9681f78eb464.csv                      (00:00.000 / 02:10.949, 868Mb)
Check /work/output/StructureDefinition-f675b1e8-9f3f-44e8-bb59-9681f78eb464.html                     (00:00.000 / 02:10.950, 870Mb)
Check /work/output/StructureDefinition-f675b1e8-9f3f-44e8-bb59-9681f78eb464.json                     (00:00.000 / 02:10.950, 870Mb)
Check /work/output/StructureDefinition-f675b1e8-9f3f-44e8-bb59-9681f78eb464.profile.history.html     (00:00.000 / 02:10.951, 870Mb)
Check /work/output/StructureDefinition-f675b1e8-9f3f-44e8-bb59-9681f78eb464.profile.json.html        (00:00.000 / 02:10.951, 870Mb)
Check /work/output/StructureDefinition-f675b1e8-9f3f-44e8-bb59-9681f78eb464.profile.xml.html         (00:00.000 / 02:10.952, 870Mb)
Check /work/output/StructureDefinition-f675b1e8-9f3f-44e8-bb59-9681f78eb464.sch                      (00:00.000 / 02:10.952, 870Mb)
Check /work/output/StructureDefinition-f675b1e8-9f3f-44e8-bb59-9681f78eb464.xlsx                     (00:00.000 / 02:10.952, 870Mb)
Check /work/output/StructureDefinition-f675b1e8-9f3f-44e8-bb59-9681f78eb464.xml                      (00:00.000 / 02:10.953, 870Mb)
Check /work/output/ValueSet-2.16.840.1.113883.3.1937.777.24.11.30--20210323234509-testing.html       (00:00.000 / 02:10.953, 870Mb)
Check /work/output/ValueSet-2.16.840.1.113883.3.1937.777.24.11.30--20210323234509.change.history.html (00:00.000 / 02:10.954, 872Mb)
Check /work/output/ValueSet-2.16.840.1.113883.3.1937.777.24.11.30--20210323234509.html               (00:00.000 / 02:10.954, 872Mb)
Check /work/output/ValueSet-2.16.840.1.113883.3.1937.777.24.11.30--20210323234509.json               (00:00.000 / 02:10.954, 872Mb)
Check /work/output/ValueSet-2.16.840.1.113883.3.1937.777.24.11.30--20210323234509.json.html          (00:00.000 / 02:10.955, 872Mb)
Check /work/output/ValueSet-2.16.840.1.113883.3.1937.777.24.11.30--20210323234509.xlsx               (00:00.000 / 02:10.955, 872Mb)
Check /work/output/ValueSet-2.16.840.1.113883.3.1937.777.24.11.30--20210323234509.xml                (00:00.000 / 02:10.955, 872Mb)
Check /work/output/ValueSet-2.16.840.1.113883.3.1937.777.24.11.30--20210323234509.xml.html           (00:00.000 / 02:10.956, 872Mb)
Check /work/output/ValueSet-2.16.840.1.113883.3.1937.777.24.11.36--20230331232804-testing.html       (00:00.000 / 02:10.956, 872Mb)
Check /work/output/ValueSet-2.16.840.1.113883.3.1937.777.24.11.36--20230331232804.change.history.html (00:00.000 / 02:10.956, 872Mb)
Check /work/output/ValueSet-2.16.840.1.113883.3.1937.777.24.11.36--20230331232804.html               (00:00.000 / 02:10.957, 872Mb)
Check /work/output/ValueSet-2.16.840.1.113883.3.1937.777.24.11.36--20230331232804.json               (00:00.000 / 02:10.957, 872Mb)
Check /work/output/ValueSet-2.16.840.1.113883.3.1937.777.24.11.36--20230331232804.json.html          (00:00.000 / 02:10.957, 872Mb)
Check /work/output/ValueSet-2.16.840.1.113883.3.1937.777.24.11.36--20230331232804.xlsx               (00:00.000 / 02:10.958, 872Mb)
Check /work/output/ValueSet-2.16.840.1.113883.3.1937.777.24.11.36--20230331232804.xml                (00:00.000 / 02:10.958, 872Mb)
Check /work/output/ValueSet-2.16.840.1.113883.3.1937.777.24.11.36--20230331232804.xml.html           (00:00.000 / 02:10.958, 872Mb)
Check /work/output/ValueSet-88464c5b-5338-4c2b-9c07-b42fef2ada64-testing.html                        (00:00.000 / 02:10.959, 872Mb)
Check /work/output/ValueSet-88464c5b-5338-4c2b-9c07-b42fef2ada64.change.history.html                 (00:00.000 / 02:10.959, 872Mb)
Check /work/output/ValueSet-88464c5b-5338-4c2b-9c07-b42fef2ada64.html                                (00:00.000 / 02:10.959, 872Mb)
Check /work/output/ValueSet-88464c5b-5338-4c2b-9c07-b42fef2ada64.json                                (00:00.000 / 02:10.960, 872Mb)
Check /work/output/ValueSet-88464c5b-5338-4c2b-9c07-b42fef2ada64.json.html                           (00:00.000 / 02:10.960, 872Mb)
Check /work/output/ValueSet-88464c5b-5338-4c2b-9c07-b42fef2ada64.xlsx                                (00:00.000 / 02:10.960, 872Mb)
Check /work/output/ValueSet-88464c5b-5338-4c2b-9c07-b42fef2ada64.xml                                 (00:00.000 / 02:10.961, 874Mb)
Check /work/output/ValueSet-88464c5b-5338-4c2b-9c07-b42fef2ada64.xml.html                            (00:00.000 / 02:10.961, 874Mb)
Check /work/output/alert.jpg                                                                         (00:00.000 / 02:10.961, 874Mb)
Check /work/output/all-profiles.csv                                                                  (00:00.000 / 02:10.962, 874Mb)
Check /work/output/all-profiles.xlsx                                                                 (00:00.001 / 02:10.963, 874Mb)
Check /work/output/artifacts.html                                                                    (00:00.000 / 02:10.963, 874Mb)
Check /work/output/assets/css/bootstrap-fhir.css                                                     (00:00.000 / 02:10.964, 876Mb)
.Check /work/output/assets/css/bootstrap-glyphicons.css                                               (00:00.000 / 02:10.964, 876Mb)
Check /work/output/assets/css/cqf.css                                                                (00:00.000 / 02:10.965, 876Mb)
Check /work/output/assets/css/hl7.css                                                                (00:00.000 / 02:10.965, 876Mb)
Check /work/output/assets/css/jquery-ui.css                                                          (00:00.000 / 02:10.965, 876Mb)
Check /work/output/assets/css/jquery-ui.structure.min.css                                            (00:00.000 / 02:10.965, 876Mb)
Check /work/output/assets/css/jquery-ui.theme.min.css                                                (00:00.000 / 02:10.966, 876Mb)
Check /work/output/assets/css/mii.css                                                                (00:00.000 / 02:10.966, 876Mb)
Check /work/output/assets/css/prism-fhirpath.css                                                     (00:00.000 / 02:10.966, 876Mb)
Check /work/output/assets/css/prism.css                                                              (00:00.000 / 02:10.966, 876Mb)
Check /work/output/assets/css/project.css                                                            (00:00.000 / 02:10.967, 876Mb)
Check /work/output/assets/css/pygments-manni.css                                                     (00:00.000 / 02:10.967, 876Mb)
Check /work/output/assets/css/xml.css                                                                (00:00.000 / 02:10.967, 876Mb)
Check /work/output/assets/fonts/OpenSans-CondBold-webfont.eot                                        (00:00.000 / 02:10.967, 876Mb)
Check /work/output/assets/fonts/OpenSans-CondBold-webfont.svg                                        (00:00.000 / 02:10.968, 876Mb)
Check /work/output/assets/fonts/OpenSans-CondBold-webfont.ttf                                        (00:00.008 / 02:10.976, 892Mb)
Check /work/output/assets/fonts/OpenSans-CondBold-webfont.woff                                       (00:00.000 / 02:10.977, 892Mb)
Check /work/output/assets/fonts/OpenSans-CondLight-webfont.eot                                       (00:00.000 / 02:10.977, 892Mb)
Check /work/output/assets/fonts/OpenSans-CondLight-webfont.svg                                       (00:00.000 / 02:10.978, 892Mb)
Check /work/output/assets/fonts/OpenSans-CondLight-webfont.ttf                                       (00:00.010 / 02:10.989, 912Mb)
Check /work/output/assets/fonts/OpenSans-CondLight-webfont.woff                                      (00:00.000 / 02:10.989, 912Mb)
Check /work/output/assets/fonts/glyphiconshalflings-regular.eot                                      (00:00.000 / 02:10.990, 912Mb)
Check /work/output/assets/fonts/glyphiconshalflings-regular.otf                                      (00:00.000 / 02:10.991, 914Mb)
Check /work/output/assets/fonts/glyphiconshalflings-regular.svg                                      (00:00.000 / 02:10.991, 914Mb)
Check /work/output/assets/fonts/glyphiconshalflings-regular.ttf                                      (00:00.004 / 02:10.995, 918Mb)
Check /work/output/assets/fonts/glyphiconshalflings-regular.woff                                     (00:00.000 / 02:10.996, 918Mb)
Check /work/output/assets/ico/favicon.png                                                            (00:00.000 / 02:10.996, 918Mb)
Check /work/output/assets/ico/icon-fhir-114.png                                                      (00:00.000 / 02:10.997, 918Mb)
Check /work/output/assets/ico/icon-fhir-144.png                                                      (00:00.000 / 02:10.997, 920Mb)
Check /work/output/assets/ico/icon-fhir-57.png                                                       (00:00.000 / 02:10.998, 920Mb)
Check /work/output/assets/ico/icon-fhir-72.png                                                       (00:00.000 / 02:10.998, 920Mb)
Check /work/output/assets/ico/noun_copy to clipboard_1669410.png                                     (00:00.000 / 02:10.999, 920Mb)
Check /work/output/assets/images/001.svg                                                             (00:00.000 / 02:10.999, 920Mb)
Check /work/output/assets/images/deu.svg                                                             (00:00.001 / 02:11.001, 922Mb)
Check /work/output/assets/images/download.png                                                        (00:00.000 / 02:11.001, 922Mb)
Check /work/output/assets/images/dragon.png                                                          (00:00.000 / 02:11.002, 922Mb)
Check /work/output/assets/images/external.png                                                        (00:00.001 / 02:11.003, 922Mb)
Check /work/output/assets/images/fcp-logo.png                                                        (00:00.000 / 02:11.004, 922Mb)
Check /work/output/assets/images/fhir-logo-www.png                                                   (00:00.001 / 02:11.005, 922Mb)
Check /work/output/assets/images/hl7-logo-header.png                                                 (00:00.000 / 02:11.005, 922Mb)
Check /work/output/assets/images/icon_arrow_down.png                                                 (00:00.000 / 02:11.006, 924Mb)
Check /work/output/assets/images/icon_arrow_up.png                                                   (00:00.000 / 02:11.006, 924Mb)
Check /work/output/assets/images/lang-ar.png                                                         (00:00.000 / 02:11.006, 924Mb)
Check /work/output/assets/images/lang-de.png                                                         (00:00.000 / 02:11.006, 924Mb)
Check /work/output/assets/images/lang-en.png                                                         (00:00.000 / 02:11.007, 924Mb)
Check /work/output/assets/images/lang-es.png                                                         (00:00.000 / 02:11.007, 924Mb)
Check /work/output/assets/images/lang-fr.png                                                         (00:00.000 / 02:11.007, 924Mb)
Check /work/output/assets/images/lang-ja.png                                                         (00:00.000 / 02:11.007, 924Mb)
Check /work/output/assets/images/lang-kr.png                                                         (00:00.000 / 02:11.007, 924Mb)
Check /work/output/assets/images/lang-nl.png                                                         (00:00.000 / 02:11.008, 924Mb)
Check /work/output/assets/images/lang-pt.png                                                         (00:00.000 / 02:11.008, 924Mb)
Check /work/output/assets/images/lang-pt_BR.png                                                      (00:00.000 / 02:11.008, 924Mb)
Check /work/output/assets/images/lang-ru.png                                                         (00:00.000 / 02:11.008, 924Mb)
Check /work/output/assets/images/lang-zh-TW.png                                                      (00:00.000 / 02:11.009, 924Mb)
Check /work/output/assets/images/lang-zh.png                                                         (00:00.000 / 02:11.009, 924Mb)
Check /work/output/assets/images/link.svg                                                            (00:00.000 / 02:11.009, 924Mb)
Check /work/output/assets/images/logo-de.svg                                                         (00:00.000 / 02:11.010, 924Mb)
Check /work/output/assets/images/logo-en.svg                                                         (00:00.003 / 02:11.013, 928Mb)
.Check /work/output/assets/images/logo_ansinew.jpg                                                    (00:00.005 / 02:11.019, 938Mb)
Check /work/output/assets/images/search.png                                                          (00:00.000 / 02:11.019, 938Mb)
Check /work/output/assets/images/stripe.png                                                          (00:00.000 / 02:11.020, 938Mb)
Check /work/output/assets/images/target.png                                                          (00:00.000 / 02:11.020, 938Mb)
Check /work/output/assets/js/anchor-hover.js                                                         (00:00.000 / 02:11.020, 938Mb)
Check /work/output/assets/js/anchor.min.js                                                           (00:00.000 / 02:11.020, 938Mb)
Check /work/output/assets/js/bootstrap.min.js                                                        (00:00.000 / 02:11.021, 938Mb)
Check /work/output/assets/js/clipboard-btn.js                                                        (00:00.000 / 02:11.021, 938Mb)
Check /work/output/assets/js/clipboard.min.js                                                        (00:00.000 / 02:11.021, 938Mb)
Check /work/output/assets/js/direction-management.js                                                 (00:00.000 / 02:11.022, 938Mb)
Check /work/output/assets/js/fhir-table-scripts.js                                                   (00:00.000 / 02:11.022, 938Mb)
Check /work/output/assets/js/fhir.js                                                                 (00:00.000 / 02:11.022, 938Mb)
Check /work/output/assets/js/flags.js                                                                (00:00.000 / 02:11.022, 938Mb)
Check /work/output/assets/js/html5shiv.js                                                            (00:00.000 / 02:11.023, 938Mb)
Check /work/output/assets/js/jquery-3.7.0.min.map                                                    (00:00.000 / 02:11.023, 938Mb)
Check /work/output/assets/js/jquery-ui.min.js                                                        (00:00.000 / 02:11.024, 938Mb)
Check /work/output/assets/js/jquery.js                                                               (00:00.000 / 02:11.024, 938Mb)
Check /work/output/assets/js/lang-redirects.js                                                       (00:00.000 / 02:11.024, 938Mb)
Check /work/output/assets/js/mermaid-init.js                                                         (00:00.000 / 02:11.025, 938Mb)
Check /work/output/assets/js/mermaid.js                                                              (00:00.000 / 02:11.025, 938Mb)
Check /work/output/assets/js/prism-fhirpath.js                                                       (00:00.014 / 02:11.039, 962Mb)
Check /work/output/assets/js/prism.js                                                                (00:00.000 / 02:11.040, 962Mb)
Check /work/output/assets/js/readme.txt                                                              (00:00.002 / 02:11.042, 964Mb)
Check /work/output/assets/js/respond.min.js                                                          (00:00.000 / 02:11.042, 964Mb)
Check /work/output/assets/js/tabs.js                                                                 (00:00.000 / 02:11.042, 964Mb)
Check /work/output/assets/js/topofpage.js                                                            (00:00.000 / 02:11.043, 964Mb)
Check /work/output/assets/js/window-hash.js                                                          (00:00.000 / 02:11.043, 964Mb)
Check /work/output/assets/js/xml.js                                                                  (00:00.000 / 02:11.043, 964Mb)
Check /work/output/canonicals.json                                                                   (00:00.000 / 02:11.044, 964Mb)
Check /work/output/capability-statements.html                                                        (00:00.000 / 02:11.044, 964Mb)
Check /work/output/cc0.png                                                                           (00:00.000 / 02:11.044, 964Mb)
Check /work/output/changes.html                                                                      (00:00.000 / 02:11.044, 964Mb)
Check /work/output/codesystem-list.csv                                                               (00:00.000 / 02:11.045, 966Mb)
Check /work/output/codesystem-list.json                                                              (00:00.000 / 02:11.045, 966Mb)
Check /work/output/codesystem-ref-all-list.csv                                                       (00:00.000 / 02:11.045, 966Mb)
Check /work/output/codesystem-ref-all-list.json                                                      (00:00.000 / 02:11.046, 966Mb)
Check /work/output/codesystem-ref-list.csv                                                           (00:00.000 / 02:11.046, 966Mb)
Check /work/output/codesystem-ref-list.json                                                          (00:00.000 / 02:11.046, 966Mb)
Check /work/output/conformance.html                                                                  (00:00.000 / 02:11.046, 966Mb)
Check /work/output/csvs.zip                                                                          (00:00.000 / 02:11.047, 966Mb)
Check /work/output/datasets-and-descriptions.html                                                    (00:00.000 / 02:11.048, 966Mb)
Check /work/output/de.medizininformatikinitiative.kerndatensatz.consent.de.manifest.json             (00:00.000 / 02:11.048, 966Mb)
Check /work/output/de.medizininformatikinitiative.kerndatensatz.consent.de.tgz                       (00:00.000 / 02:11.048, 966Mb)
Check /work/output/de.medizininformatikinitiative.kerndatensatz.consent.en.manifest.json             (00:00.000 / 02:11.049, 966Mb)
Check /work/output/de.medizininformatikinitiative.kerndatensatz.consent.en.tgz                       (00:00.000 / 02:11.049, 966Mb)
Check /work/output/de/CodeSystem-2.16.840.1.113883.3.1937.777.24.5.2--20210423105554-testing.html    (00:00.000 / 02:11.050, 967Mb)
Check /work/output/de/CodeSystem-2.16.840.1.113883.3.1937.777.24.5.2--20210423105554.change.history.html (00:00.007 / 02:11.058, 972Mb)
Check /work/output/de/CodeSystem-2.16.840.1.113883.3.1937.777.24.5.2--20210423105554.html            (00:00.003 / 02:11.062, 978Mb)
Check /work/output/de/CodeSystem-2.16.840.1.113883.3.1937.777.24.5.2--20210423105554.json            (00:00.004 / 02:11.066, 986Mb)
Check /work/output/de/CodeSystem-2.16.840.1.113883.3.1937.777.24.5.2--20210423105554.json.html       (00:00.000 / 02:11.067, 986Mb)
Check /work/output/de/CodeSystem-2.16.840.1.113883.3.1937.777.24.5.2--20210423105554.md              (00:00.006 / 02:11.074, 1002Mb)
Check /work/output/de/CodeSystem-2.16.840.1.113883.3.1937.777.24.5.2--20210423105554.xml             (00:00.000 / 02:11.074, 1002Mb)
Check /work/output/de/CodeSystem-2.16.840.1.113883.3.1937.777.24.5.2--20210423105554.xml.html        (00:00.000 / 02:11.074, 1002Mb)
Check /work/output/de/CodeSystem-2.16.840.1.113883.3.1937.777.24.5.3--20251211153003-testing.html    (00:00.005 / 02:11.080, 1014Mb)
Check /work/output/de/CodeSystem-2.16.840.1.113883.3.1937.777.24.5.3--20251211153003.change.history.html (00:00.003 / 02:11.083, 1020Mb)
Check /work/output/de/CodeSystem-2.16.840.1.113883.3.1937.777.24.5.3--20251211153003.html            (00:00.003 / 02:11.086, 1Gb)
Check /work/output/de/CodeSystem-2.16.840.1.113883.3.1937.777.24.5.3--20251211153003.json            (00:00.012 / 02:11.099, 1Gb)
.Check /work/output/de/CodeSystem-2.16.840.1.113883.3.1937.777.24.5.3--20251211153003.json.html       (00:00.000 / 02:11.100, 1Gb)
Check /work/output/de/CodeSystem-2.16.840.1.113883.3.1937.777.24.5.3--20251211153003.md              (00:00.021 / 02:11.121, 414Mb)
Check /work/output/de/CodeSystem-2.16.840.1.113883.3.1937.777.24.5.3--20251211153003.xml             (00:00.000 / 02:11.122, 414Mb)
Check /work/output/de/CodeSystem-2.16.840.1.113883.3.1937.777.24.5.3--20251211153003.xml.html        (00:00.000 / 02:11.122, 414Mb)
Check /work/output/de/CodeSystem-mii-cs-consent-version-modules-testing.html                         (00:00.042 / 02:11.165, 490Mb)
Check /work/output/de/CodeSystem-mii-cs-consent-version-modules.change.history.html                  (00:00.005 / 02:11.170, 496Mb)
Check /work/output/de/CodeSystem-mii-cs-consent-version-modules.html                                 (00:00.004 / 02:11.174, 500Mb)
Check /work/output/de/CodeSystem-mii-cs-consent-version-modules.json                                 (00:00.007 / 02:11.182, 514Mb)
Check /work/output/de/CodeSystem-mii-cs-consent-version-modules.json.html                            (00:00.000 / 02:11.183, 514Mb)
Check /work/output/de/CodeSystem-mii-cs-consent-version-modules.md                                   (00:00.021 / 02:11.204, 570Mb)
Check /work/output/de/CodeSystem-mii-cs-consent-version-modules.xml                                  (00:00.000 / 02:11.205, 570Mb)
Check /work/output/de/CodeSystem-mii-cs-consent-version-modules.xml.html                             (00:00.000 / 02:11.205, 570Mb)
Check /work/output/de/Consent-34150a23-b1c8-404f-874f-e042a30435d2.change.history.html               (00:00.021 / 02:11.227, 608Mb)
Check /work/output/de/Consent-34150a23-b1c8-404f-874f-e042a30435d2.html                              (00:00.002 / 02:11.229, 612Mb)
Check /work/output/de/Consent-34150a23-b1c8-404f-874f-e042a30435d2.json                              (00:00.004 / 02:11.234, 622Mb)
Check /work/output/de/Consent-34150a23-b1c8-404f-874f-e042a30435d2.json.html                         (00:00.000 / 02:11.234, 622Mb)
Check /work/output/de/Consent-34150a23-b1c8-404f-874f-e042a30435d2.md                                (00:00.006 / 02:11.241, 664Mb)
Check /work/output/de/Consent-34150a23-b1c8-404f-874f-e042a30435d2.xml                               (00:00.000 / 02:11.241, 664Mb)
Check /work/output/de/Consent-34150a23-b1c8-404f-874f-e042a30435d2.xml.html                          (00:00.000 / 02:11.241, 664Mb)
Check /work/output/de/Consent-5143266b-8d60-4b28-8ee9-635140ffa5bb.change.history.html               (00:00.006 / 02:11.248, 688Mb)
Check /work/output/de/Consent-5143266b-8d60-4b28-8ee9-635140ffa5bb.html                              (00:00.002 / 02:11.251, 692Mb)
Check /work/output/de/Consent-5143266b-8d60-4b28-8ee9-635140ffa5bb.json                              (00:00.007 / 02:11.258, 710Mb)
Check /work/output/de/Consent-5143266b-8d60-4b28-8ee9-635140ffa5bb.json.html                         (00:00.000 / 02:11.259, 710Mb)
Check /work/output/de/Consent-5143266b-8d60-4b28-8ee9-635140ffa5bb.md                                (00:00.012 / 02:11.272, 820Mb)
Check /work/output/de/Consent-5143266b-8d60-4b28-8ee9-635140ffa5bb.xml                               (00:00.000 / 02:11.273, 820Mb)
Check /work/output/de/Consent-5143266b-8d60-4b28-8ee9-635140ffa5bb.xml.html                          (00:00.000 / 02:11.273, 820Mb)
Check /work/output/de/Consent-Example-MII-Consent-ResultType-document.change.history.html            (00:00.013 / 02:11.287, 878Mb)
Check /work/output/de/Consent-Example-MII-Consent-ResultType-document.html                           (00:00.002 / 02:11.290, 884Mb)
Check /work/output/de/Consent-Example-MII-Consent-ResultType-document.json                           (00:00.003 / 02:11.293, 892Mb)
Check /work/output/de/Consent-Example-MII-Consent-ResultType-document.json.html                      (00:00.000 / 02:11.294, 892Mb)
Check /work/output/de/Consent-Example-MII-Consent-ResultType-document.md                             (00:00.006 / 02:11.300, 926Mb)
Check /work/output/de/Consent-Example-MII-Consent-ResultType-document.xml                            (00:00.000 / 02:11.301, 926Mb)
Check /work/output/de/Consent-Example-MII-Consent-ResultType-document.xml.html                       (00:00.000 / 02:11.301, 926Mb)
Check /work/output/de/DocumentReference-8a3d1799-2463-405e-b49c-6a16c8692b01.change.history.html     (00:00.005 / 02:11.307, 946Mb)
Check /work/output/de/DocumentReference-8a3d1799-2463-405e-b49c-6a16c8692b01.html                    (00:00.002 / 02:11.309, 952Mb)
Check /work/output/de/DocumentReference-8a3d1799-2463-405e-b49c-6a16c8692b01.json                    (00:00.002 / 02:11.312, 958Mb)
Check /work/output/de/DocumentReference-8a3d1799-2463-405e-b49c-6a16c8692b01.json.html               (00:00.000 / 02:11.312, 958Mb)
Check /work/output/de/DocumentReference-8a3d1799-2463-405e-b49c-6a16c8692b01.md                      (00:00.002 / 02:11.315, 966Mb)
Check /work/output/de/DocumentReference-8a3d1799-2463-405e-b49c-6a16c8692b01.xml                     (00:00.000 / 02:11.315, 966Mb)
Check /work/output/de/DocumentReference-8a3d1799-2463-405e-b49c-6a16c8692b01.xml.html                (00:00.000 / 02:11.316, 966Mb)
Check /work/output/de/ImplementationGuide-mii-ig-consent.json                                        (00:00.002 / 02:11.319, 974Mb)
Check /work/output/de/ImplementationGuide-mii-ig-consent.md                                          (00:00.000 / 02:11.319, 974Mb)
Check /work/output/de/ImplementationGuide-mii-ig-consent.xml                                         (00:00.000 / 02:11.320, 974Mb)
Check /work/output/de/Parameters-mii-param-consent-manifest.change.history.html                      (00:00.000 / 02:11.320, 974Mb)
Check /work/output/de/Parameters-mii-param-consent-manifest.html                                     (00:00.002 / 02:11.323, 978Mb)
Check /work/output/de/Parameters-mii-param-consent-manifest.json                                     (00:00.003 / 02:11.327, 988Mb)
Check /work/output/de/Parameters-mii-param-consent-manifest.json.html                                (00:00.000 / 02:11.327, 988Mb)
Check /work/output/de/Parameters-mii-param-consent-manifest.md                                       (00:00.003 / 02:11.331, 1004Mb)
Check /work/output/de/Parameters-mii-param-consent-manifest.xml                                      (00:00.000 / 02:11.331, 1004Mb)
Check /work/output/de/Parameters-mii-param-consent-manifest.xml.html                                 (00:00.000 / 02:11.332, 1004Mb)
Check /work/output/de/Provenance-55219d12-6245-4de4-8b50-ddf6f16a789b.change.history.html            (00:00.004 / 02:11.336, 1018Mb)
Check /work/output/de/Provenance-55219d12-6245-4de4-8b50-ddf6f16a789b.html                           (00:00.002 / 02:11.339, 1Gb)
Check /work/output/de/Provenance-55219d12-6245-4de4-8b50-ddf6f16a789b.json                           (00:00.002 / 02:11.341, 1Gb)
Check /work/output/de/Provenance-55219d12-6245-4de4-8b50-ddf6f16a789b.json.html                      (00:00.000 / 02:11.342, 1Gb)
Check /work/output/de/Provenance-55219d12-6245-4de4-8b50-ddf6f16a789b.md                             (00:00.003 / 02:11.345, 1Gb)
Check /work/output/de/Provenance-55219d12-6245-4de4-8b50-ddf6f16a789b.xml                            (00:00.000 / 02:11.345, 1Gb)
Check /work/output/de/Provenance-55219d12-6245-4de4-8b50-ddf6f16a789b.xml.html                       (00:00.000 / 02:11.346, 1Gb)
.Check /work/output/de/SearchParameter-MII-SP-Consent-PolicyUri-testing.html                          (00:00.003 / 02:11.349, 1Gb)
Check /work/output/de/SearchParameter-MII-SP-Consent-PolicyUri.change.history.html                   (00:00.002 / 02:11.352, 1Gb)
Check /work/output/de/SearchParameter-MII-SP-Consent-PolicyUri.html                                  (00:00.002 / 02:11.354, 1Gb)
Check /work/output/de/SearchParameter-MII-SP-Consent-PolicyUri.json                                  (00:00.002 / 02:11.356, 1Gb)
Check /work/output/de/SearchParameter-MII-SP-Consent-PolicyUri.json.html                             (00:00.000 / 02:11.357, 1Gb)
Check /work/output/de/SearchParameter-MII-SP-Consent-PolicyUri.md                                    (00:00.002 / 02:11.359, 1Gb)
Check /work/output/de/SearchParameter-MII-SP-Consent-PolicyUri.xml                                   (00:00.000 / 02:11.359, 1Gb)
Check /work/output/de/SearchParameter-MII-SP-Consent-PolicyUri.xml.html                              (00:00.000 / 02:11.360, 1Gb)
Check /work/output/de/SearchParameter-MII-SP-Consent-ProvisionCode-testing.html                      (00:00.003 / 02:11.363, 1Gb)
Check /work/output/de/SearchParameter-MII-SP-Consent-ProvisionCode.change.history.html               (00:00.002 / 02:11.365, 1Gb)
Check /work/output/de/SearchParameter-MII-SP-Consent-ProvisionCode.html                              (00:00.002 / 02:11.368, 1Gb)
Check /work/output/de/SearchParameter-MII-SP-Consent-ProvisionCode.json                              (00:00.004 / 02:11.373, 1Gb)
Check /work/output/de/SearchParameter-MII-SP-Consent-ProvisionCode.json.html                         (00:00.000 / 02:11.373, 1Gb)
Check /work/output/de/SearchParameter-MII-SP-Consent-ProvisionCode.md                                (00:00.002 / 02:11.376, 1Gb)
Check /work/output/de/SearchParameter-MII-SP-Consent-ProvisionCode.xml                               (00:00.000 / 02:11.376, 1Gb)
Check /work/output/de/SearchParameter-MII-SP-Consent-ProvisionCode.xml.html                          (00:00.000 / 02:11.376, 1Gb)
Check /work/output/de/SearchParameter-MII-SP-Consent-ProvisionCodePeriod-testing.html                (00:00.006 / 02:11.382, 370Mb)
Check /work/output/de/SearchParameter-MII-SP-Consent-ProvisionCodePeriod.change.history.html         (00:00.002 / 02:11.385, 376Mb)
Check /work/output/de/SearchParameter-MII-SP-Consent-ProvisionCodePeriod.html                        (00:00.002 / 02:11.387, 382Mb)
Check /work/output/de/SearchParameter-MII-SP-Consent-ProvisionCodePeriod.json                        (00:00.002 / 02:11.390, 388Mb)
Check /work/output/de/SearchParameter-MII-SP-Consent-ProvisionCodePeriod.json.html                   (00:00.000 / 02:11.390, 388Mb)
Check /work/output/de/SearchParameter-MII-SP-Consent-ProvisionCodePeriod.md                          (00:00.002 / 02:11.393, 396Mb)
Check /work/output/de/SearchParameter-MII-SP-Consent-ProvisionCodePeriod.xml                         (00:00.000 / 02:11.393, 396Mb)
Check /work/output/de/SearchParameter-MII-SP-Consent-ProvisionCodePeriod.xml.html                    (00:00.000 / 02:11.393, 396Mb)
Check /work/output/de/SearchParameter-MII-SP-Consent-ProvisionCodeType-testing.html                  (00:00.002 / 02:11.396, 404Mb)
Check /work/output/de/SearchParameter-MII-SP-Consent-ProvisionCodeType.change.history.html           (00:00.002 / 02:11.398, 410Mb)
Check /work/output/de/SearchParameter-MII-SP-Consent-ProvisionCodeType.html                          (00:00.002 / 02:11.400, 414Mb)
Check /work/output/de/SearchParameter-MII-SP-Consent-ProvisionCodeType.json                          (00:00.002 / 02:11.403, 422Mb)
Check /work/output/de/SearchParameter-MII-SP-Consent-ProvisionCodeType.json.html                     (00:00.000 / 02:11.403, 422Mb)
Check /work/output/de/SearchParameter-MII-SP-Consent-ProvisionCodeType.md                            (00:00.002 / 02:11.406, 428Mb)
Check /work/output/de/SearchParameter-MII-SP-Consent-ProvisionCodeType.xml                           (00:00.000 / 02:11.406, 428Mb)
Check /work/output/de/SearchParameter-MII-SP-Consent-ProvisionCodeType.xml.html                      (00:00.000 / 02:11.406, 428Mb)
Check /work/output/de/SearchParameter-MII-SP-Consent-ProvisionPeriod-testing.html                    (00:00.002 / 02:11.409, 438Mb)
Check /work/output/de/SearchParameter-MII-SP-Consent-ProvisionPeriod.change.history.html             (00:00.002 / 02:11.411, 442Mb)
Check /work/output/de/SearchParameter-MII-SP-Consent-ProvisionPeriod.html                            (00:00.001 / 02:11.413, 448Mb)
Check /work/output/de/SearchParameter-MII-SP-Consent-ProvisionPeriod.json                            (00:00.002 / 02:11.415, 454Mb)
Check /work/output/de/SearchParameter-MII-SP-Consent-ProvisionPeriod.json.html                       (00:00.000 / 02:11.416, 454Mb)
Check /work/output/de/SearchParameter-MII-SP-Consent-ProvisionPeriod.md                              (00:00.002 / 02:11.418, 462Mb)
Check /work/output/de/SearchParameter-MII-SP-Consent-ProvisionPeriod.xml                             (00:00.000 / 02:11.419, 462Mb)
Check /work/output/de/SearchParameter-MII-SP-Consent-ProvisionPeriod.xml.html                        (00:00.000 / 02:11.419, 462Mb)
Check /work/output/de/SearchParameter-MII-SP-Consent-ProvisionType-testing.html                      (00:00.002 / 02:11.422, 468Mb)
Check /work/output/de/SearchParameter-MII-SP-Consent-ProvisionType.change.history.html               (00:00.002 / 02:11.424, 474Mb)
Check /work/output/de/SearchParameter-MII-SP-Consent-ProvisionType.html                              (00:00.002 / 02:11.426, 480Mb)
Check /work/output/de/SearchParameter-MII-SP-Consent-ProvisionType.json                              (00:00.002 / 02:11.428, 486Mb)
Check /work/output/de/SearchParameter-MII-SP-Consent-ProvisionType.json.html                         (00:00.000 / 02:11.429, 486Mb)
Check /work/output/de/SearchParameter-MII-SP-Consent-ProvisionType.md                                (00:00.002 / 02:11.431, 492Mb)
Check /work/output/de/SearchParameter-MII-SP-Consent-ProvisionType.xml                               (00:00.000 / 02:11.431, 492Mb)
Check /work/output/de/SearchParameter-MII-SP-Consent-ProvisionType.xml.html                          (00:00.000 / 02:11.432, 492Mb)
Check /work/output/de/StructureDefinition-56375452-bfa1-4111-af7c-5b5ba9a1857c-definitions.html      (00:00.002 / 02:11.434, 500Mb)
Check /work/output/de/StructureDefinition-56375452-bfa1-4111-af7c-5b5ba9a1857c-examples.html         (00:00.035 / 02:11.470, 636Mb)
Check /work/output/de/StructureDefinition-56375452-bfa1-4111-af7c-5b5ba9a1857c-mappings.html         (00:00.002 / 02:11.473, 642Mb)
Check /work/output/de/StructureDefinition-56375452-bfa1-4111-af7c-5b5ba9a1857c-testing.html          (00:00.017 / 02:11.491, 674Mb)
Check /work/output/de/StructureDefinition-56375452-bfa1-4111-af7c-5b5ba9a1857c.html                  (00:00.002 / 02:11.493, 680Mb)
Check /work/output/de/StructureDefinition-56375452-bfa1-4111-af7c-5b5ba9a1857c.json                  (00:00.062 / 02:11.555, 886Mb)
Check /work/output/de/StructureDefinition-56375452-bfa1-4111-af7c-5b5ba9a1857c.md                    (00:00.001 / 02:11.557, 886Mb)
Check /work/output/de/StructureDefinition-56375452-bfa1-4111-af7c-5b5ba9a1857c.profile.history.html  (00:00.000 / 02:11.557, 886Mb)
Check /work/output/de/StructureDefinition-56375452-bfa1-4111-af7c-5b5ba9a1857c.profile.json.html     (00:00.003 / 02:11.561, 892Mb)
.Check /work/output/de/StructureDefinition-56375452-bfa1-4111-af7c-5b5ba9a1857c.profile.xml.html      (00:00.043 / 02:11.605, 399Mb)
Check /work/output/de/StructureDefinition-56375452-bfa1-4111-af7c-5b5ba9a1857c.xml                   (00:00.061 / 02:11.666, 573Mb)
Check /work/output/de/StructureDefinition-e0e166b4-0f77-478d-9062-de0034d98ce0-definitions.html      (00:00.001 / 02:11.667, 573Mb)
Check /work/output/de/StructureDefinition-e0e166b4-0f77-478d-9062-de0034d98ce0-examples.html         (00:00.211 / 02:11.878, 566Mb)
Check /work/output/de/StructureDefinition-e0e166b4-0f77-478d-9062-de0034d98ce0-mappings.html         (00:00.003 / 02:11.882, 572Mb)
Check /work/output/de/StructureDefinition-e0e166b4-0f77-478d-9062-de0034d98ce0-testing.html          (00:00.048 / 02:11.931, 642Mb)
Check /work/output/de/StructureDefinition-e0e166b4-0f77-478d-9062-de0034d98ce0.html                  (00:00.002 / 02:11.933, 648Mb)
Check /work/output/de/StructureDefinition-e0e166b4-0f77-478d-9062-de0034d98ce0.json                  (00:00.289 / 02:12.223, 516Mb)
Check /work/output/de/StructureDefinition-e0e166b4-0f77-478d-9062-de0034d98ce0.md                    (00:00.003 / 02:12.227, 518Mb)
Check /work/output/de/StructureDefinition-e0e166b4-0f77-478d-9062-de0034d98ce0.profile.history.html  (00:00.000 / 02:12.227, 518Mb)
Check /work/output/de/StructureDefinition-e0e166b4-0f77-478d-9062-de0034d98ce0.profile.json.html     (00:00.002 / 02:12.230, 522Mb)
Check /work/output/de/StructureDefinition-e0e166b4-0f77-478d-9062-de0034d98ce0.profile.xml.html      (00:00.130 / 02:12.360, 650Mb)
Check /work/output/de/StructureDefinition-e0e166b4-0f77-478d-9062-de0034d98ce0.xml                   (00:00.201 / 02:12.562, 955Mb)
Check /work/output/de/StructureDefinition-f675b1e8-9f3f-44e8-bb59-9681f78eb464-definitions.html      (00:00.002 / 02:12.564, 957Mb)
Check /work/output/de/StructureDefinition-f675b1e8-9f3f-44e8-bb59-9681f78eb464-examples.html         (00:00.049 / 02:12.613, 395Mb)
Check /work/output/de/StructureDefinition-f675b1e8-9f3f-44e8-bb59-9681f78eb464-mappings.html         (00:00.002 / 02:12.616, 401Mb)
Check /work/output/de/StructureDefinition-f675b1e8-9f3f-44e8-bb59-9681f78eb464-testing.html          (00:00.016 / 02:12.632, 429Mb)
Check /work/output/de/StructureDefinition-f675b1e8-9f3f-44e8-bb59-9681f78eb464.html                  (00:00.002 / 02:12.634, 435Mb)
Check /work/output/de/StructureDefinition-f675b1e8-9f3f-44e8-bb59-9681f78eb464.json                  (00:00.082 / 02:12.717, 669Mb)
Check /work/output/de/StructureDefinition-f675b1e8-9f3f-44e8-bb59-9681f78eb464.md                    (00:00.002 / 02:12.719, 671Mb)
Check /work/output/de/StructureDefinition-f675b1e8-9f3f-44e8-bb59-9681f78eb464.profile.history.html  (00:00.000 / 02:12.720, 671Mb)
Check /work/output/de/StructureDefinition-f675b1e8-9f3f-44e8-bb59-9681f78eb464.profile.json.html     (00:00.002 / 02:12.722, 675Mb)
Check /work/output/de/StructureDefinition-f675b1e8-9f3f-44e8-bb59-9681f78eb464.profile.xml.html      (00:00.037 / 02:12.760, 937Mb)
Check /work/output/de/StructureDefinition-f675b1e8-9f3f-44e8-bb59-9681f78eb464.xml                   (00:00.055 / 02:12.815, 378Mb)
Check /work/output/de/ValueSet-2.16.840.1.113883.3.1937.777.24.11.30--20210323234509-testing.html    (00:00.006 / 02:12.822, 378Mb)
Check /work/output/de/ValueSet-2.16.840.1.113883.3.1937.777.24.11.30--20210323234509.change.history.html (00:00.002 / 02:12.825, 384Mb)
Check /work/output/de/ValueSet-2.16.840.1.113883.3.1937.777.24.11.30--20210323234509.html            (00:00.003 / 02:12.828, 388Mb)
Check /work/output/de/ValueSet-2.16.840.1.113883.3.1937.777.24.11.30--20210323234509.json            (00:00.005 / 02:12.834, 398Mb)
Check /work/output/de/ValueSet-2.16.840.1.113883.3.1937.777.24.11.30--20210323234509.json.html       (00:00.000 / 02:12.834, 398Mb)
Check /work/output/de/ValueSet-2.16.840.1.113883.3.1937.777.24.11.30--20210323234509.md              (00:00.007 / 02:12.841, 416Mb)
Check /work/output/de/ValueSet-2.16.840.1.113883.3.1937.777.24.11.30--20210323234509.xml             (00:00.000 / 02:12.842, 418Mb)
Check /work/output/de/ValueSet-2.16.840.1.113883.3.1937.777.24.11.30--20210323234509.xml.html        (00:00.000 / 02:12.842, 418Mb)
Check /work/output/de/ValueSet-2.16.840.1.113883.3.1937.777.24.11.36--20230331232804-testing.html    (00:00.005 / 02:12.848, 430Mb)
Check /work/output/de/ValueSet-2.16.840.1.113883.3.1937.777.24.11.36--20230331232804.change.history.html (00:00.002 / 02:12.850, 436Mb)
Check /work/output/de/ValueSet-2.16.840.1.113883.3.1937.777.24.11.36--20230331232804.html            (00:00.001 / 02:12.852, 440Mb)
Check /work/output/de/ValueSet-2.16.840.1.113883.3.1937.777.24.11.36--20230331232804.json            (00:00.028 / 02:12.881, 502Mb)
Check /work/output/de/ValueSet-2.16.840.1.113883.3.1937.777.24.11.36--20230331232804.json.html       (00:00.000 / 02:12.881, 502Mb)
Check /work/output/de/ValueSet-2.16.840.1.113883.3.1937.777.24.11.36--20230331232804.md              (00:00.004 / 02:12.886, 516Mb)
Check /work/output/de/ValueSet-2.16.840.1.113883.3.1937.777.24.11.36--20230331232804.xml             (00:00.000 / 02:12.886, 516Mb)
Check /work/output/de/ValueSet-2.16.840.1.113883.3.1937.777.24.11.36--20230331232804.xml.html        (00:00.000 / 02:12.887, 516Mb)
Check /work/output/de/ValueSet-88464c5b-5338-4c2b-9c07-b42fef2ada64-testing.html                     (00:00.004 / 02:12.891, 526Mb)
Check /work/output/de/ValueSet-88464c5b-5338-4c2b-9c07-b42fef2ada64.change.history.html              (00:00.002 / 02:12.894, 530Mb)
Check /work/output/de/ValueSet-88464c5b-5338-4c2b-9c07-b42fef2ada64.html                             (00:00.002 / 02:12.896, 536Mb)
Check /work/output/de/ValueSet-88464c5b-5338-4c2b-9c07-b42fef2ada64.json                             (00:00.003 / 02:12.899, 546Mb)
Check /work/output/de/ValueSet-88464c5b-5338-4c2b-9c07-b42fef2ada64.json.html                        (00:00.000 / 02:12.899, 546Mb)
Check /work/output/de/ValueSet-88464c5b-5338-4c2b-9c07-b42fef2ada64.md                               (00:00.003 / 02:12.902, 558Mb)
Check /work/output/de/ValueSet-88464c5b-5338-4c2b-9c07-b42fef2ada64.xml                              (00:00.000 / 02:12.903, 558Mb)
Check /work/output/de/ValueSet-88464c5b-5338-4c2b-9c07-b42fef2ada64.xml.html                         (00:00.000 / 02:12.903, 558Mb)
Check /work/output/de/ai.zip                                                                         (00:00.003 / 02:12.906, 568Mb)
Check /work/output/de/alert.jpg                                                                      (00:00.001 / 02:12.907, 568Mb)
Check /work/output/de/artifacts.html                                                                 (00:00.000 / 02:12.907, 568Mb)
Check /work/output/de/artifacts.md                                                                   (00:00.005 / 02:12.913, 596Mb)
Check /work/output/de/assets/css/bootstrap-fhir.css                                                  (00:00.000 / 02:12.913, 596Mb)
Check /work/output/de/assets/css/bootstrap-glyphicons.css                                            (00:00.000 / 02:12.914, 596Mb)
Check /work/output/de/assets/css/cqf.css                                                             (00:00.000 / 02:12.914, 596Mb)
Check /work/output/de/assets/css/hl7.css                                                             (00:00.000 / 02:12.915, 596Mb)
Check /work/output/de/assets/css/jquery-ui.css                                                       (00:00.000 / 02:12.915, 596Mb)
.Check /work/output/de/assets/css/jquery-ui.structure.min.css                                         (00:00.000 / 02:12.915, 596Mb)
Check /work/output/de/assets/css/jquery-ui.theme.min.css                                             (00:00.000 / 02:12.916, 596Mb)
Check /work/output/de/assets/css/mii.css                                                             (00:00.000 / 02:12.916, 596Mb)
Check /work/output/de/assets/css/prism-fhirpath.css                                                  (00:00.000 / 02:12.916, 596Mb)
Check /work/output/de/assets/css/prism.css                                                           (00:00.000 / 02:12.916, 596Mb)
Check /work/output/de/assets/css/project.css                                                         (00:00.000 / 02:12.917, 596Mb)
Check /work/output/de/assets/css/pygments-manni.css                                                  (00:00.000 / 02:12.917, 596Mb)
Check /work/output/de/assets/css/xml.css                                                             (00:00.000 / 02:12.917, 596Mb)
Check /work/output/de/assets/fonts/OpenSans-CondBold-webfont.eot                                     (00:00.000 / 02:12.918, 596Mb)
Check /work/output/de/assets/fonts/OpenSans-CondBold-webfont.svg                                     (00:00.000 / 02:12.918, 596Mb)
Check /work/output/de/assets/fonts/OpenSans-CondBold-webfont.ttf                                     (00:00.008 / 02:12.927, 612Mb)
Check /work/output/de/assets/fonts/OpenSans-CondBold-webfont.woff                                    (00:00.000 / 02:12.927, 612Mb)
Check /work/output/de/assets/fonts/OpenSans-CondLight-webfont.eot                                    (00:00.000 / 02:12.928, 612Mb)
Check /work/output/de/assets/fonts/OpenSans-CondLight-webfont.svg                                    (00:00.000 / 02:12.928, 612Mb)
Check /work/output/de/assets/fonts/OpenSans-CondLight-webfont.ttf                                    (00:00.009 / 02:12.937, 632Mb)
Check /work/output/de/assets/fonts/OpenSans-CondLight-webfont.woff                                   (00:00.000 / 02:12.938, 632Mb)
Check /work/output/de/assets/fonts/glyphiconshalflings-regular.eot                                   (00:00.000 / 02:12.938, 632Mb)
Check /work/output/de/assets/fonts/glyphiconshalflings-regular.otf                                   (00:00.000 / 02:12.939, 632Mb)
Check /work/output/de/assets/fonts/glyphiconshalflings-regular.svg                                   (00:00.000 / 02:12.939, 632Mb)
Check /work/output/de/assets/fonts/glyphiconshalflings-regular.ttf                                   (00:00.003 / 02:12.943, 638Mb)
Check /work/output/de/assets/fonts/glyphiconshalflings-regular.woff                                  (00:00.000 / 02:12.943, 638Mb)
Check /work/output/de/assets/ico/favicon.png                                                         (00:00.000 / 02:12.944, 638Mb)
Check /work/output/de/assets/ico/icon-fhir-114.png                                                   (00:00.000 / 02:12.944, 638Mb)
Check /work/output/de/assets/ico/icon-fhir-144.png                                                   (00:00.000 / 02:12.945, 638Mb)
Check /work/output/de/assets/ico/icon-fhir-57.png                                                    (00:00.000 / 02:12.945, 638Mb)
Check /work/output/de/assets/ico/icon-fhir-72.png                                                    (00:00.000 / 02:12.946, 638Mb)
Check /work/output/de/assets/ico/noun_copy to clipboard_1669410.png                                  (00:00.000 / 02:12.946, 640Mb)
Check /work/output/de/assets/images/001.svg                                                          (00:00.000 / 02:12.946, 640Mb)
Check /work/output/de/assets/images/deu.svg                                                          (00:00.001 / 02:12.947, 640Mb)
Check /work/output/de/assets/images/download.png                                                     (00:00.000 / 02:12.948, 640Mb)
Check /work/output/de/assets/images/dragon.png                                                       (00:00.000 / 02:12.948, 640Mb)
Check /work/output/de/assets/images/external.png                                                     (00:00.001 / 02:12.949, 642Mb)
Check /work/output/de/assets/images/fcp-logo.png                                                     (00:00.000 / 02:12.950, 642Mb)
Check /work/output/de/assets/images/fhir-logo-www.png                                                (00:00.001 / 02:12.951, 642Mb)
Check /work/output/de/assets/images/hl7-logo-header.png                                              (00:00.000 / 02:12.951, 642Mb)
Check /work/output/de/assets/images/icon_arrow_down.png                                              (00:00.000 / 02:12.951, 642Mb)
Check /work/output/de/assets/images/icon_arrow_up.png                                                (00:00.000 / 02:12.951, 642Mb)
Check /work/output/de/assets/images/lang-ar.png                                                      (00:00.000 / 02:12.952, 642Mb)
Check /work/output/de/assets/images/lang-de.png                                                      (00:00.000 / 02:12.952, 642Mb)
Check /work/output/de/assets/images/lang-en.png                                                      (00:00.000 / 02:12.952, 642Mb)
Check /work/output/de/assets/images/lang-es.png                                                      (00:00.000 / 02:12.952, 642Mb)
Check /work/output/de/assets/images/lang-fr.png                                                      (00:00.000 / 02:12.952, 642Mb)
Check /work/output/de/assets/images/lang-ja.png                                                      (00:00.000 / 02:12.953, 642Mb)
Check /work/output/de/assets/images/lang-kr.png                                                      (00:00.000 / 02:12.953, 642Mb)
Check /work/output/de/assets/images/lang-nl.png                                                      (00:00.000 / 02:12.953, 642Mb)
Check /work/output/de/assets/images/lang-pt.png                                                      (00:00.000 / 02:12.953, 642Mb)
Check /work/output/de/assets/images/lang-pt_BR.png                                                   (00:00.000 / 02:12.954, 642Mb)
Check /work/output/de/assets/images/lang-ru.png                                                      (00:00.000 / 02:12.954, 642Mb)
Check /work/output/de/assets/images/lang-zh-TW.png                                                   (00:00.000 / 02:12.954, 642Mb)
Check /work/output/de/assets/images/lang-zh.png                                                      (00:00.000 / 02:12.954, 642Mb)
Check /work/output/de/assets/images/link.svg                                                         (00:00.000 / 02:12.954, 642Mb)
Check /work/output/de/assets/images/logo-de.svg                                                      (00:00.000 / 02:12.955, 642Mb)
Check /work/output/de/assets/images/logo-en.svg                                                      (00:00.003 / 02:12.958, 648Mb)
Check /work/output/de/assets/images/logo_ansinew.jpg                                                 (00:00.005 / 02:12.964, 656Mb)
Check /work/output/de/assets/images/search.png                                                       (00:00.000 / 02:12.964, 656Mb)
Check /work/output/de/assets/images/stripe.png                                                       (00:00.000 / 02:12.965, 656Mb)
Check /work/output/de/assets/images/target.png                                                       (00:00.001 / 02:12.967, 656Mb)
.Check /work/output/de/assets/js/anchor-hover.js                                                      (00:00.000 / 02:12.967, 656Mb)
Check /work/output/de/assets/js/anchor.min.js                                                        (00:00.003 / 02:12.970, 656Mb)
Check /work/output/de/assets/js/bootstrap.min.js                                                     (00:00.000 / 02:12.971, 656Mb)
Check /work/output/de/assets/js/clipboard-btn.js                                                     (00:00.000 / 02:12.971, 658Mb)
Check /work/output/de/assets/js/clipboard.min.js                                                     (00:00.000 / 02:12.971, 658Mb)
Check /work/output/de/assets/js/direction-management.js                                              (00:00.000 / 02:12.972, 658Mb)
Check /work/output/de/assets/js/fhir-table-scripts.js                                                (00:00.000 / 02:12.972, 658Mb)
Check /work/output/de/assets/js/fhir.js                                                              (00:00.000 / 02:12.972, 658Mb)
Check /work/output/de/assets/js/flags.js                                                             (00:00.000 / 02:12.972, 658Mb)
Check /work/output/de/assets/js/html5shiv.js                                                         (00:00.000 / 02:12.973, 658Mb)
Check /work/output/de/assets/js/jquery-3.7.0.min.map                                                 (00:00.000 / 02:12.973, 658Mb)
Check /work/output/de/assets/js/jquery-ui.min.js                                                     (00:00.000 / 02:12.974, 658Mb)
Check /work/output/de/assets/js/jquery.js                                                            (00:00.000 / 02:12.974, 658Mb)
Check /work/output/de/assets/js/lang-redirects.js                                                    (00:00.000 / 02:12.974, 658Mb)
Check /work/output/de/assets/js/mermaid-init.js                                                      (00:00.000 / 02:12.975, 658Mb)
Check /work/output/de/assets/js/mermaid.js                                                           (00:00.000 / 02:12.975, 658Mb)
Check /work/output/de/assets/js/prism-fhirpath.js                                                    (00:00.015 / 02:12.991, 682Mb)
Check /work/output/de/assets/js/prism.js                                                             (00:00.000 / 02:12.991, 682Mb)
Check /work/output/de/assets/js/readme.txt                                                           (00:00.002 / 02:12.994, 683Mb)
Check /work/output/de/assets/js/respond.min.js                                                       (00:00.000 / 02:12.994, 683Mb)
Check /work/output/de/assets/js/tabs.js                                                              (00:00.000 / 02:12.994, 683Mb)
Check /work/output/de/assets/js/topofpage.js                                                         (00:00.000 / 02:12.994, 683Mb)
Check /work/output/de/assets/js/window-hash.js                                                       (00:00.000 / 02:12.995, 683Mb)
Check /work/output/de/assets/js/xml.js                                                               (00:00.000 / 02:12.995, 683Mb)
Check /work/output/de/capability-statements.html                                                     (00:00.000 / 02:12.995, 683Mb)
Check /work/output/de/capability-statements.md                                                       (00:00.002 / 02:12.998, 692Mb)
Check /work/output/de/cc0.png                                                                        (00:00.000 / 02:12.998, 692Mb)
Check /work/output/de/changes.html                                                                   (00:00.000 / 02:12.998, 692Mb)
Check /work/output/de/changes.md                                                                     (00:00.003 / 02:13.002, 706Mb)
Check /work/output/de/conformance.html                                                               (00:00.000 / 02:13.002, 706Mb)
Check /work/output/de/conformance.md                                                                 (00:00.002 / 02:13.005, 716Mb)
Check /work/output/de/datasets-and-descriptions.html                                                 (00:00.000 / 02:13.005, 716Mb)
Check /work/output/de/datasets-and-descriptions.md                                                   (00:00.002 / 02:13.007, 724Mb)
Check /work/output/de/downloads.html                                                                 (00:00.000 / 02:13.008, 724Mb)
Check /work/output/de/downloads.md                                                                   (00:00.002 / 02:13.010, 736Mb)
Check /work/output/de/examples.html                                                                  (00:00.000 / 02:13.011, 736Mb)
Check /work/output/de/examples.md                                                                    (00:00.006 / 02:13.017, 744Mb)
Check /work/output/de/external.png                                                                   (00:00.000 / 02:13.017, 744Mb)
Check /work/output/de/fhir-table-scripts.js                                                          (00:00.000 / 02:13.018, 744Mb)
Check /work/output/de/fhir.css                                                                       (00:00.000 / 02:13.018, 744Mb)
Check /work/output/de/general-requirements.html                                                      (00:00.000 / 02:13.019, 744Mb)
Check /work/output/de/general-requirements.md                                                        (00:00.005 / 02:13.024, 768Mb)
Check /work/output/de/guidance.html                                                                  (00:00.000 / 02:13.025, 768Mb)
Check /work/output/de/guidance.md                                                                    (00:00.005 / 02:13.030, 776Mb)
Check /work/output/de/icon-administration.png                                                        (00:00.001 / 02:13.032, 776Mb)
Check /work/output/de/icon-change-add.png                                                            (00:00.002 / 02:13.035, 776Mb)
Check /work/output/de/icon-change-edit.png                                                           (00:00.001 / 02:13.036, 776Mb)
Check /work/output/de/icon-change-remove.png                                                         (00:00.000 / 02:13.037, 776Mb)
Check /work/output/de/icon-clinical.png                                                              (00:00.000 / 02:13.037, 776Mb)
Check /work/output/de/icon-dictionary.png                                                            (00:00.002 / 02:13.039, 776Mb)
Check /work/output/de/icon-directory.gif                                                             (00:00.000 / 02:13.040, 776Mb)
Check /work/output/de/icon-documentation.png                                                         (00:00.000 / 02:13.040, 776Mb)
Check /work/output/de/icon-error.gif                                                                 (00:00.000 / 02:13.041, 776Mb)
Check /work/output/de/icon-example.png                                                               (00:00.000 / 02:13.041, 776Mb)
Check /work/output/de/icon-fhir-1024.png                                                             (00:00.000 / 02:13.041, 776Mb)
Check /work/output/de/icon-fhir-128.png                                                              (00:00.001 / 02:13.043, 776Mb)
Check /work/output/de/icon-fhir-16-grey.png                                                          (00:00.000 / 02:13.043, 776Mb)
.Check /work/output/de/icon-fhir-16.png                                                               (00:00.000 / 02:13.044, 776Mb)
Check /work/output/de/icon-fhir-24.png                                                               (00:00.000 / 02:13.044, 776Mb)
Check /work/output/de/icon-fhir-32.png                                                               (00:00.001 / 02:13.046, 776Mb)
Check /work/output/de/icon-fhir-48.png                                                               (00:00.000 / 02:13.047, 776Mb)
Check /work/output/de/icon-fhir-64.png                                                               (00:00.000 / 02:13.047, 776Mb)
Check /work/output/de/icon-fhir-720.png                                                              (00:00.001 / 02:13.048, 778Mb)
Check /work/output/de/icon-implementation.png                                                        (00:00.000 / 02:13.049, 778Mb)
Check /work/output/de/icon-include.png                                                               (00:00.001 / 02:13.050, 778Mb)
Check /work/output/de/icon-infrastructure.png                                                        (00:00.000 / 02:13.050, 778Mb)
Check /work/output/de/icon-key.png                                                                   (00:00.000 / 02:13.051, 778Mb)
Check /work/output/de/icon-list.gif                                                                  (00:00.000 / 02:13.051, 778Mb)
Check /work/output/de/icon-not-selected.png                                                          (00:00.000 / 02:13.052, 778Mb)
Check /work/output/de/icon-object-box.png                                                            (00:00.000 / 02:13.052, 778Mb)
Check /work/output/de/icon-page.png                                                                  (00:00.000 / 02:13.052, 778Mb)
Check /work/output/de/icon-q-attachment.png                                                          (00:00.000 / 02:13.053, 778Mb)
Check /work/output/de/icon-q-boolean.png                                                             (00:00.000 / 02:13.053, 778Mb)
Check /work/output/de/icon-q-choice.png                                                              (00:00.000 / 02:13.053, 778Mb)
Check /work/output/de/icon-q-coding.png                                                              (00:00.000 / 02:13.054, 778Mb)
Check /work/output/de/icon-q-date.png                                                                (00:00.000 / 02:13.054, 778Mb)
Check /work/output/de/icon-q-datetime.png                                                            (00:00.000 / 02:13.055, 778Mb)
Check /work/output/de/icon-q-decimal.png                                                             (00:00.000 / 02:13.055, 778Mb)
Check /work/output/de/icon-q-display.png                                                             (00:00.000 / 02:13.055, 778Mb)
Check /work/output/de/icon-q-group.png                                                               (00:00.000 / 02:13.056, 778Mb)
Check /work/output/de/icon-q-integer.png                                                             (00:00.000 / 02:13.056, 778Mb)
Check /work/output/de/icon-q-item.png                                                                (00:00.000 / 02:13.056, 778Mb)
Check /work/output/de/icon-q-open-choice.png                                                         (00:00.000 / 02:13.057, 778Mb)
Check /work/output/de/icon-q-quantity.png                                                            (00:00.000 / 02:13.057, 778Mb)
Check /work/output/de/icon-q-reference.png                                                           (00:00.000 / 02:13.058, 778Mb)
Check /work/output/de/icon-q-string.png                                                              (00:00.002 / 02:13.061, 778Mb)
Check /work/output/de/icon-q-text.png                                                                (00:00.000 / 02:13.061, 778Mb)
Check /work/output/de/icon-q-time.png                                                                (00:00.000 / 02:13.061, 778Mb)
Check /work/output/de/icon-q-url.png                                                                 (00:00.000 / 02:13.061, 778Mb)
Check /work/output/de/icon-qi-help.png                                                               (00:00.000 / 02:13.062, 778Mb)
Check /work/output/de/icon-qi-hidden.png                                                             (00:00.000 / 02:13.063, 778Mb)
Check /work/output/de/icon-qi-horizontal.png                                                         (00:00.002 / 02:13.065, 778Mb)
Check /work/output/de/icon-qi-instructions.png                                                       (00:00.000 / 02:13.065, 778Mb)
Check /work/output/de/icon-qi-observation.png                                                        (00:00.000 / 02:13.066, 778Mb)
Check /work/output/de/icon-qi-optional.png                                                           (00:00.000 / 02:13.066, 778Mb)
Check /work/output/de/icon-qi-readonly.png                                                           (00:00.000 / 02:13.066, 778Mb)
Check /work/output/de/icon-qi-security.bmp                                                           (00:00.000 / 02:13.067, 778Mb)
Check /work/output/de/icon-qi-security.png                                                           (00:00.000 / 02:13.067, 778Mb)
Check /work/output/de/icon-qi-subject.png                                                            (00:00.000 / 02:13.067, 778Mb)
Check /work/output/de/icon-qi-vertical.png                                                           (00:00.000 / 02:13.067, 778Mb)
Check /work/output/de/icon-resource.png                                                              (00:00.000 / 02:13.068, 778Mb)
Check /work/output/de/icon-selected.png                                                              (00:00.000 / 02:13.068, 778Mb)
Check /work/output/de/icon-toc.png                                                                   (00:00.000 / 02:13.068, 778Mb)
Check /work/output/de/icon-type-operation.png                                                        (00:00.000 / 02:13.068, 778Mb)
Check /work/output/de/icon-warning.png                                                               (00:00.000 / 02:13.068, 778Mb)
Check /work/output/de/icon_bundle.png                                                                (00:00.000 / 02:13.069, 778Mb)
Check /work/output/de/icon_choice.gif                                                                (00:00.000 / 02:13.069, 778Mb)
Check /work/output/de/icon_datatype.gif                                                              (00:00.000 / 02:13.069, 778Mb)
Check /work/output/de/icon_element.gif                                                               (00:00.000 / 02:13.069, 778Mb)
Check /work/output/de/icon_entry_blue.png                                                            (00:00.000 / 02:13.070, 778Mb)
Check /work/output/de/icon_extension.png                                                             (00:00.000 / 02:13.070, 778Mb)
Check /work/output/de/icon_extension_complex.png                                                     (00:00.000 / 02:13.070, 778Mb)
Check /work/output/de/icon_extension_simple.png                                                      (00:00.000 / 02:13.070, 778Mb)
Check /work/output/de/icon_fixed.gif                                                                 (00:00.000 / 02:13.070, 778Mb)
.Check /work/output/de/icon_group.png                                                                 (00:00.000 / 02:13.071, 778Mb)
Check /work/output/de/icon_latest.png                                                                (00:00.000 / 02:13.071, 778Mb)
Check /work/output/de/icon_modifier_extension_complex.png                                            (00:00.000 / 02:13.071, 778Mb)
Check /work/output/de/icon_modifier_extension_simple.png                                             (00:00.000 / 02:13.071, 778Mb)
Check /work/output/de/icon_page-child.gif                                                            (00:00.000 / 02:13.072, 778Mb)
Check /work/output/de/icon_page.gif                                                                  (00:00.000 / 02:13.072, 778Mb)
Check /work/output/de/icon_page_n.gif                                                                (00:00.000 / 02:13.072, 778Mb)
Check /work/output/de/icon_page_n_c.gif                                                              (00:00.000 / 02:13.072, 778Mb)
Check /work/output/de/icon_page_n_i.gif                                                              (00:00.000 / 02:13.073, 778Mb)
Check /work/output/de/icon_page_n_o.gif                                                              (00:00.000 / 02:13.073, 778Mb)
Check /work/output/de/icon_page_n_p.gif                                                              (00:00.000 / 02:13.073, 778Mb)
Check /work/output/de/icon_primitive.png                                                             (00:00.000 / 02:13.073, 778Mb)
Check /work/output/de/icon_profile.png                                                               (00:00.000 / 02:13.073, 778Mb)
Check /work/output/de/icon_q_item.png                                                                (00:00.000 / 02:13.074, 778Mb)
Check /work/output/de/icon_q_root.gif                                                                (00:00.000 / 02:13.074, 778Mb)
Check /work/output/de/icon_reference.png                                                             (00:00.000 / 02:13.074, 778Mb)
Check /work/output/de/icon_resource.png                                                              (00:00.000 / 02:13.074, 778Mb)
Check /work/output/de/icon_reuse.png                                                                 (00:00.000 / 02:13.075, 778Mb)
Check /work/output/de/icon_slice.png                                                                 (00:00.000 / 02:13.075, 778Mb)
Check /work/output/de/icon_slice_item.png                                                            (00:00.000 / 02:13.075, 778Mb)
Check /work/output/de/icon_text.png                                                                  (00:00.000 / 02:13.075, 778Mb)
Check /work/output/de/icon_vd_col.png                                                                (00:00.000 / 02:13.075, 778Mb)
Check /work/output/de/icon_vd_foreach.png                                                            (00:00.000 / 02:13.076, 778Mb)
Check /work/output/de/icon_vd_select.png                                                             (00:00.000 / 02:13.076, 778Mb)
Check /work/output/de/icon_vd_union.png                                                              (00:00.000 / 02:13.076, 778Mb)
Check /work/output/de/icon_vd_view.png                                                               (00:00.000 / 02:13.076, 778Mb)
Check /work/output/de/implementer-guidance.html                                                      (00:00.000 / 02:13.076, 778Mb)
Check /work/output/de/implementer-guidance.md                                                        (00:00.002 / 02:13.079, 786Mb)
Check /work/output/de/index.html                                                                     (00:00.000 / 02:13.079, 786Mb)
Check /work/output/de/index.md                                                                       (00:00.004 / 02:13.083, 800Mb)
Check /work/output/de/information.png                                                                (00:00.000 / 02:13.084, 800Mb)
Check /work/output/de/link.svg                                                                       (00:00.000 / 02:13.084, 800Mb)
Check /work/output/de/llms.txt                                                                       (00:00.000 / 02:13.085, 800Mb)
Check /work/output/de/lock.png                                                                       (00:00.000 / 02:13.085, 800Mb)
Check /work/output/de/logical-models.html                                                            (00:00.000 / 02:13.085, 800Mb)
Check /work/output/de/logical-models.md                                                              (00:00.002 / 02:13.087, 808Mb)
Check /work/output/de/metadata.html                                                                  (00:00.000 / 02:13.088, 808Mb)
Check /work/output/de/metadata.md                                                                    (00:00.008 / 02:13.096, 848Mb)
Check /work/output/de/missing-data.html                                                              (00:00.001 / 02:13.097, 848Mb)
Check /work/output/de/missing-data.md                                                                (00:00.005 / 02:13.103, 864Mb)
Check /work/output/de/modifier.png                                                                   (00:00.000 / 02:13.103, 864Mb)
Check /work/output/de/must-support.html                                                              (00:00.000 / 02:13.104, 864Mb)
Check /work/output/de/must-support.md                                                                (00:00.004 / 02:13.108, 882Mb)
Check /work/output/de/mustsupport.png                                                                (00:00.000 / 02:13.108, 882Mb)
Check /work/output/de/new.png                                                                        (00:00.001 / 02:13.109, 882Mb)
Check /work/output/de/prism.css                                                                      (00:00.000 / 02:13.110, 882Mb)
Check /work/output/de/prism.js                                                                       (00:00.000 / 02:13.110, 882Mb)
Check /work/output/de/profiles-and-extensions.html                                                   (00:00.002 / 02:13.113, 884Mb)
Check /work/output/de/profiles-and-extensions.md                                                     (00:00.005 / 02:13.118, 894Mb)
Check /work/output/de/researcher-guidance.html                                                       (00:00.000 / 02:13.118, 894Mb)
Check /work/output/de/researcher-guidance.md                                                         (00:00.003 / 02:13.121, 900Mb)
Check /work/output/de/search-parameters-and-operations.html                                          (00:00.000 / 02:13.122, 900Mb)
Check /work/output/de/search-parameters-and-operations.md                                            (00:00.002 / 02:13.125, 908Mb)
Check /work/output/de/searchform.html                                                                (00:00.001 / 02:13.126, 908Mb)
Check /work/output/de/security-and-privacy.html                                                      (00:00.002 / 02:13.129, 910Mb)
Check /work/output/de/security-and-privacy.md                                                        (00:00.003 / 02:13.132, 918Mb)
Check /work/output/de/summary.png                                                                    (00:00.000 / 02:13.133, 918Mb)
.Check /work/output/de/target.png                                                                     (00:00.000 / 02:13.133, 918Mb)
Check /work/output/de/tbl-closed.png                                                                 (00:00.000 / 02:13.134, 918Mb)
Check /work/output/de/tbl-open.png                                                                   (00:00.000 / 02:13.134, 918Mb)
Check /work/output/de/tbl_bck0.png                                                                   (00:00.000 / 02:13.135, 918Mb)
Check /work/output/de/tbl_bck00.png                                                                  (00:00.000 / 02:13.135, 918Mb)
Check /work/output/de/tbl_bck000.png                                                                 (00:00.000 / 02:13.136, 918Mb)
Check /work/output/de/tbl_bck0000.png                                                                (00:00.000 / 02:13.136, 918Mb)
Check /work/output/de/tbl_bck00000.png                                                               (00:00.001 / 02:13.138, 918Mb)
Check /work/output/de/tbl_bck000000.png                                                              (00:00.000 / 02:13.138, 918Mb)
Check /work/output/de/tbl_bck0000000.png                                                             (00:00.000 / 02:13.139, 918Mb)
Check /work/output/de/tbl_bck000001.png                                                              (00:00.000 / 02:13.139, 918Mb)
Check /work/output/de/tbl_bck0000010.png                                                             (00:00.000 / 02:13.140, 918Mb)
Check /work/output/de/tbl_bck00001.png                                                               (00:00.000 / 02:13.140, 918Mb)
Check /work/output/de/tbl_bck000010.png                                                              (00:00.000 / 02:13.140, 918Mb)
Check /work/output/de/tbl_bck0000100.png                                                             (00:00.000 / 02:13.140, 918Mb)
Check /work/output/de/tbl_bck000010000.png                                                           (00:00.000 / 02:13.141, 918Mb)
Check /work/output/de/tbl_bck00001001.png                                                            (00:00.000 / 02:13.141, 918Mb)
Check /work/output/de/tbl_bck000010010.png                                                           (00:00.000 / 02:13.142, 918Mb)
Check /work/output/de/tbl_bck0000101.png                                                             (00:00.000 / 02:13.142, 918Mb)
Check /work/output/de/tbl_bck00001010.png                                                            (00:00.000 / 02:13.143, 918Mb)
Check /work/output/de/tbl_bck000011.png                                                              (00:00.000 / 02:13.143, 918Mb)
Check /work/output/de/tbl_bck0000110.png                                                             (00:00.000 / 02:13.143, 918Mb)
Check /work/output/de/tbl_bck00001100.png                                                            (00:00.000 / 02:13.144, 918Mb)
Check /work/output/de/tbl_bck0000111.png                                                             (00:00.000 / 02:13.144, 918Mb)
Check /work/output/de/tbl_bck00001110.png                                                            (00:00.000 / 02:13.145, 918Mb)
Check /work/output/de/tbl_bck000011100.png                                                           (00:00.000 / 02:13.145, 918Mb)
Check /work/output/de/tbl_bck0000111000.png                                                          (00:00.000 / 02:13.145, 918Mb)
Check /work/output/de/tbl_bck00001110000.png                                                         (00:00.000 / 02:13.146, 918Mb)
Check /work/output/de/tbl_bck0000111001.png                                                          (00:00.000 / 02:13.146, 918Mb)
Check /work/output/de/tbl_bck00001110010.png                                                         (00:00.000 / 02:13.146, 918Mb)
Check /work/output/de/tbl_bck000011101.png                                                           (00:00.000 / 02:13.147, 918Mb)
Check /work/output/de/tbl_bck0000111010.png                                                          (00:00.000 / 02:13.147, 918Mb)
Check /work/output/de/tbl_bck00001110100.png                                                         (00:00.000 / 02:13.147, 918Mb)
Check /work/output/de/tbl_bck0000111011.png                                                          (00:00.000 / 02:13.148, 918Mb)
Check /work/output/de/tbl_bck00001110110.png                                                         (00:00.000 / 02:13.148, 918Mb)
Check /work/output/de/tbl_bck00001111.png                                                            (00:00.000 / 02:13.149, 918Mb)
Check /work/output/de/tbl_bck000011110.png                                                           (00:00.000 / 02:13.149, 918Mb)
Check /work/output/de/tbl_bck0000111100.png                                                          (00:00.000 / 02:13.149, 918Mb)
Check /work/output/de/tbl_bck000011110000.png                                                        (00:00.000 / 02:13.150, 918Mb)
Check /work/output/de/tbl_bck00001111001.png                                                         (00:00.000 / 02:13.150, 918Mb)
Check /work/output/de/tbl_bck000011110010.png                                                        (00:00.000 / 02:13.150, 918Mb)
Check /work/output/de/tbl_bck0000111101.png                                                          (00:00.000 / 02:13.151, 918Mb)
Check /work/output/de/tbl_bck00001111010.png                                                         (00:00.000 / 02:13.151, 918Mb)
Check /work/output/de/tbl_bck000011111.png                                                           (00:00.000 / 02:13.151, 918Mb)
Check /work/output/de/tbl_bck0000111110.png                                                          (00:00.000 / 02:13.152, 918Mb)
Check /work/output/de/tbl_bck00001111100.png                                                         (00:00.000 / 02:13.152, 918Mb)
Check /work/output/de/tbl_bck000011111000.png                                                        (00:00.000 / 02:13.152, 918Mb)
Check /work/output/de/tbl_bck00001111101.png                                                         (00:00.000 / 02:13.153, 918Mb)
Check /work/output/de/tbl_bck000011111010.png                                                        (00:00.000 / 02:13.153, 918Mb)
Check /work/output/de/tbl_bck0000111110100.png                                                       (00:00.000 / 02:13.153, 918Mb)
Check /work/output/de/tbl_bck000011111011.png                                                        (00:00.000 / 02:13.154, 918Mb)
Check /work/output/de/tbl_bck0000111110110.png                                                       (00:00.000 / 02:13.154, 918Mb)
Check /work/output/de/tbl_bck0000111111.png                                                          (00:00.000 / 02:13.154, 918Mb)
Check /work/output/de/tbl_bck00001111110.png                                                         (00:00.000 / 02:13.155, 918Mb)
Check /work/output/de/tbl_bck000011111100.png                                                        (00:00.000 / 02:13.155, 918Mb)
Check /work/output/de/tbl_bck00001111111.png                                                         (00:00.000 / 02:13.156, 918Mb)
Check /work/output/de/tbl_bck000011111110.png                                                        (00:00.000 / 02:13.156, 918Mb)
.Check /work/output/de/tbl_bck0001.png                                                                (00:00.000 / 02:13.157, 918Mb)
Check /work/output/de/tbl_bck00010.png                                                               (00:00.000 / 02:13.157, 918Mb)
Check /work/output/de/tbl_bck000100.png                                                              (00:00.000 / 02:13.157, 918Mb)
Check /work/output/de/tbl_bck00011.png                                                               (00:00.000 / 02:13.157, 918Mb)
Check /work/output/de/tbl_bck000110.png                                                              (00:00.000 / 02:13.158, 918Mb)
Check /work/output/de/tbl_bck001.png                                                                 (00:00.000 / 02:13.158, 918Mb)
Check /work/output/de/tbl_bck0010.png                                                                (00:00.000 / 02:13.158, 918Mb)
Check /work/output/de/tbl_bck00100.png                                                               (00:00.000 / 02:13.159, 918Mb)
Check /work/output/de/tbl_bck001000.png                                                              (00:00.000 / 02:13.159, 918Mb)
Check /work/output/de/tbl_bck0010000.png                                                             (00:00.000 / 02:13.159, 918Mb)
Check /work/output/de/tbl_bck001001.png                                                              (00:00.000 / 02:13.160, 918Mb)
Check /work/output/de/tbl_bck0010010.png                                                             (00:00.000 / 02:13.160, 918Mb)
Check /work/output/de/tbl_bck00101.png                                                               (00:00.000 / 02:13.160, 918Mb)
Check /work/output/de/tbl_bck001010.png                                                              (00:00.000 / 02:13.161, 918Mb)
Check /work/output/de/tbl_bck0011.png                                                                (00:00.000 / 02:13.161, 918Mb)
Check /work/output/de/tbl_bck00110.png                                                               (00:00.000 / 02:13.161, 918Mb)
Check /work/output/de/tbl_bck01.png                                                                  (00:00.000 / 02:13.162, 918Mb)
Check /work/output/de/tbl_bck010.png                                                                 (00:00.000 / 02:13.162, 918Mb)
Check /work/output/de/tbl_bck0100.png                                                                (00:00.000 / 02:13.163, 918Mb)
Check /work/output/de/tbl_bck01000.png                                                               (00:00.000 / 02:13.163, 918Mb)
Check /work/output/de/tbl_bck0101.png                                                                (00:00.000 / 02:13.163, 918Mb)
Check /work/output/de/tbl_bck01010.png                                                               (00:00.000 / 02:13.163, 918Mb)
Check /work/output/de/tbl_bck010100.png                                                              (00:00.000 / 02:13.164, 918Mb)
Check /work/output/de/tbl_bck01011.png                                                               (00:00.000 / 02:13.164, 918Mb)
Check /work/output/de/tbl_bck010110.png                                                              (00:00.000 / 02:13.164, 918Mb)
Check /work/output/de/tbl_bck011.png                                                                 (00:00.000 / 02:13.165, 918Mb)
Check /work/output/de/tbl_bck0110.png                                                                (00:00.000 / 02:13.165, 918Mb)
Check /work/output/de/tbl_bck01100.png                                                               (00:00.000 / 02:13.165, 918Mb)
Check /work/output/de/tbl_bck011000.png                                                              (00:00.000 / 02:13.166, 918Mb)
Check /work/output/de/tbl_bck0110000.png                                                             (00:00.000 / 02:13.166, 918Mb)
Check /work/output/de/tbl_bck011001.png                                                              (00:00.000 / 02:13.166, 918Mb)
Check /work/output/de/tbl_bck0110010.png                                                             (00:00.000 / 02:13.167, 918Mb)
Check /work/output/de/tbl_bck01101.png                                                               (00:00.000 / 02:13.167, 918Mb)
Check /work/output/de/tbl_bck011010.png                                                              (00:00.000 / 02:13.167, 918Mb)
Check /work/output/de/tbl_bck0110100.png                                                             (00:00.000 / 02:13.168, 920Mb)
Check /work/output/de/tbl_bck011011.png                                                              (00:00.000 / 02:13.168, 920Mb)
Check /work/output/de/tbl_bck0110110.png                                                             (00:00.000 / 02:13.168, 920Mb)
Check /work/output/de/tbl_bck01101100.png                                                            (00:00.000 / 02:13.169, 920Mb)
Check /work/output/de/tbl_bck0110111.png                                                             (00:00.000 / 02:13.169, 920Mb)
Check /work/output/de/tbl_bck01101110.png                                                            (00:00.000 / 02:13.169, 920Mb)
Check /work/output/de/tbl_bck0111.png                                                                (00:00.000 / 02:13.170, 920Mb)
Check /work/output/de/tbl_bck01110.png                                                               (00:00.000 / 02:13.170, 920Mb)
Check /work/output/de/tbl_bck011100.png                                                              (00:00.000 / 02:13.170, 920Mb)
Check /work/output/de/tbl_bck01111.png                                                               (00:00.000 / 02:13.171, 920Mb)
Check /work/output/de/tbl_bck011110.png                                                              (00:00.000 / 02:13.171, 920Mb)
Check /work/output/de/tbl_bck0111100.png                                                             (00:00.000 / 02:13.171, 920Mb)
Check /work/output/de/tbl_bck011110000.png                                                           (00:00.000 / 02:13.172, 920Mb)
Check /work/output/de/tbl_bck01111001.png                                                            (00:00.000 / 02:13.172, 920Mb)
Check /work/output/de/tbl_bck011110010.png                                                           (00:00.000 / 02:13.172, 920Mb)
Check /work/output/de/tbl_bck0111101.png                                                             (00:00.000 / 02:13.173, 920Mb)
Check /work/output/de/tbl_bck01111010.png                                                            (00:00.000 / 02:13.173, 920Mb)
Check /work/output/de/tbl_bck011111.png                                                              (00:00.000 / 02:13.173, 920Mb)
Check /work/output/de/tbl_bck0111110.png                                                             (00:00.000 / 02:13.174, 920Mb)
Check /work/output/de/tbl_bck012.png                                                                 (00:00.000 / 02:13.174, 920Mb)
Check /work/output/de/tbl_bck0240.png                                                                (00:00.000 / 02:13.174, 920Mb)
Check /work/output/de/tbl_bck02400.png                                                               (00:00.000 / 02:13.174, 920Mb)
Check /work/output/de/tbl_bck0241.png                                                                (00:00.000 / 02:13.175, 920Mb)
.Check /work/output/de/tbl_bck02410.png                                                               (00:00.000 / 02:13.175, 920Mb)
Check /work/output/de/tbl_bck025.png                                                                 (00:00.000 / 02:13.175, 920Mb)
Check /work/output/de/tbl_bck0250.png                                                                (00:00.000 / 02:13.176, 920Mb)
Check /work/output/de/tbl_bck02500.png                                                               (00:00.000 / 02:13.176, 920Mb)
Check /work/output/de/tbl_bck025000.png                                                              (00:00.000 / 02:13.177, 920Mb)
Check /work/output/de/tbl_bck02501.png                                                               (00:00.000 / 02:13.177, 920Mb)
Check /work/output/de/tbl_bck025010.png                                                              (00:00.000 / 02:13.177, 920Mb)
Check /work/output/de/tbl_bck0250240.png                                                             (00:00.000 / 02:13.178, 920Mb)
Check /work/output/de/tbl_bck025025.png                                                              (00:00.000 / 02:13.178, 920Mb)
Check /work/output/de/tbl_bck0250250.png                                                             (00:00.000 / 02:13.178, 920Mb)
Check /work/output/de/tbl_bck02503.png                                                               (00:00.000 / 02:13.178, 920Mb)
Check /work/output/de/tbl_bck0251.png                                                                (00:00.000 / 02:13.179, 920Mb)
Check /work/output/de/tbl_bck02510.png                                                               (00:00.000 / 02:13.179, 920Mb)
Check /work/output/de/tbl_bck02512.png                                                               (00:00.000 / 02:13.179, 920Mb)
Check /work/output/de/tbl_bck0251240.png                                                             (00:00.000 / 02:13.180, 920Mb)
Check /work/output/de/tbl_bck025125.png                                                              (00:00.000 / 02:13.180, 920Mb)
Check /work/output/de/tbl_bck0251250.png                                                             (00:00.000 / 02:13.180, 920Mb)
Check /work/output/de/tbl_bck0251252.png                                                             (00:00.000 / 02:13.181, 920Mb)
Check /work/output/de/tbl_bck02513.png                                                               (00:00.000 / 02:13.181, 920Mb)
Check /work/output/de/tbl_bck03.png                                                                  (00:00.000 / 02:13.181, 920Mb)
Check /work/output/de/tbl_bck0320.png                                                                (00:00.000 / 02:13.182, 920Mb)
Check /work/output/de/tbl_bck033.png                                                                 (00:00.000 / 02:13.182, 920Mb)
Check /work/output/de/tbl_bck0330.png                                                                (00:00.000 / 02:13.183, 920Mb)
Check /work/output/de/tbl_bck03300.png                                                               (00:00.000 / 02:13.183, 920Mb)
Check /work/output/de/tbl_bck0331.png                                                                (00:00.000 / 02:13.183, 920Mb)
Check /work/output/de/tbl_bck03310.png                                                               (00:00.000 / 02:13.184, 920Mb)
Check /work/output/de/tbl_bck0340.png                                                                (00:00.000 / 02:13.184, 920Mb)
Check /work/output/de/tbl_bck03400.png                                                               (00:00.000 / 02:13.184, 920Mb)
Check /work/output/de/tbl_bck0341.png                                                                (00:00.000 / 02:13.185, 920Mb)
Check /work/output/de/tbl_bck03410.png                                                               (00:00.000 / 02:13.185, 920Mb)
Check /work/output/de/tbl_bck035.png                                                                 (00:00.000 / 02:13.185, 920Mb)
Check /work/output/de/tbl_bck0350.png                                                                (00:00.000 / 02:13.186, 920Mb)
Check /work/output/de/tbl_bck03500.png                                                               (00:00.000 / 02:13.186, 920Mb)
Check /work/output/de/tbl_bck0350240.png                                                             (00:00.000 / 02:13.186, 920Mb)
Check /work/output/de/tbl_bck035025.png                                                              (00:00.000 / 02:13.186, 920Mb)
Check /work/output/de/tbl_bck0350250.png                                                             (00:00.000 / 02:13.187, 920Mb)
Check /work/output/de/tbl_bck03503.png                                                               (00:00.000 / 02:13.187, 920Mb)
Check /work/output/de/tbl_bck0351.png                                                                (00:00.000 / 02:13.187, 920Mb)
Check /work/output/de/tbl_bck03510.png                                                               (00:00.000 / 02:13.188, 920Mb)
Check /work/output/de/tbl_bck03512.png                                                               (00:00.000 / 02:13.188, 920Mb)
Check /work/output/de/tbl_bck0351240.png                                                             (00:00.000 / 02:13.188, 920Mb)
Check /work/output/de/tbl_bck035125.png                                                              (00:00.000 / 02:13.189, 920Mb)
Check /work/output/de/tbl_bck0351250.png                                                             (00:00.000 / 02:13.189, 920Mb)
Check /work/output/de/tbl_bck0351252.png                                                             (00:00.000 / 02:13.189, 920Mb)
Check /work/output/de/tbl_bck03513.png                                                               (00:00.000 / 02:13.190, 920Mb)
Check /work/output/de/tbl_bck04.png                                                                  (00:00.000 / 02:13.190, 920Mb)
Check /work/output/de/tbl_bck040.png                                                                 (00:00.000 / 02:13.190, 920Mb)
Check /work/output/de/tbl_bck0400.png                                                                (00:00.000 / 02:13.191, 920Mb)
Check /work/output/de/tbl_bck041.png                                                                 (00:00.000 / 02:13.191, 920Mb)
Check /work/output/de/tbl_bck0410.png                                                                (00:00.000 / 02:13.191, 920Mb)
Check /work/output/de/tbl_bck05.png                                                                  (00:00.000 / 02:13.192, 920Mb)
Check /work/output/de/tbl_bck050.png                                                                 (00:00.000 / 02:13.192, 920Mb)
Check /work/output/de/tbl_bck0500.png                                                                (00:00.000 / 02:13.192, 920Mb)
Check /work/output/de/tbl_bck05040.png                                                               (00:00.000 / 02:13.193, 920Mb)
Check /work/output/de/tbl_bck0505.png                                                                (00:00.000 / 02:13.193, 920Mb)
Check /work/output/de/tbl_bck05050.png                                                               (00:00.000 / 02:13.193, 920Mb)
Check /work/output/de/tbl_bck051.png                                                                 (00:00.000 / 02:13.194, 920Mb)
.Check /work/output/de/tbl_bck0510.png                                                                (00:00.000 / 02:13.194, 920Mb)
Check /work/output/de/tbl_bck0512.png                                                                (00:00.000 / 02:13.194, 920Mb)
Check /work/output/de/tbl_bck05140.png                                                               (00:00.000 / 02:13.195, 920Mb)
Check /work/output/de/tbl_bck0515.png                                                                (00:00.000 / 02:13.195, 920Mb)
Check /work/output/de/tbl_bck05150.png                                                               (00:00.000 / 02:13.195, 920Mb)
Check /work/output/de/tbl_bck05152.png                                                               (00:00.000 / 02:13.196, 920Mb)
Check /work/output/de/tbl_bck1.png                                                                   (00:00.000 / 02:13.196, 920Mb)
Check /work/output/de/tbl_bck10.png                                                                  (00:00.000 / 02:13.196, 920Mb)
Check /work/output/de/tbl_bck100.png                                                                 (00:00.000 / 02:13.197, 920Mb)
Check /work/output/de/tbl_bck1000.png                                                                (00:00.000 / 02:13.197, 920Mb)
Check /work/output/de/tbl_bck10000.png                                                               (00:00.000 / 02:13.197, 920Mb)
Check /work/output/de/tbl_bck100000.png                                                              (00:00.000 / 02:13.198, 920Mb)
Check /work/output/de/tbl_bck10001.png                                                               (00:00.000 / 02:13.198, 920Mb)
Check /work/output/de/tbl_bck100010.png                                                              (00:00.000 / 02:13.198, 920Mb)
Check /work/output/de/tbl_bck1001.png                                                                (00:00.000 / 02:13.198, 920Mb)
Check /work/output/de/tbl_bck10010.png                                                               (00:00.000 / 02:13.199, 920Mb)
Check /work/output/de/tbl_bck100100.png                                                              (00:00.000 / 02:13.199, 920Mb)
Check /work/output/de/tbl_bck1001000.png                                                             (00:00.000 / 02:13.199, 920Mb)
Check /work/output/de/tbl_bck10010000.png                                                            (00:00.000 / 02:13.200, 920Mb)
Check /work/output/de/tbl_bck1001001.png                                                             (00:00.000 / 02:13.200, 920Mb)
Check /work/output/de/tbl_bck10010010.png                                                            (00:00.000 / 02:13.200, 920Mb)
Check /work/output/de/tbl_bck100101.png                                                              (00:00.000 / 02:13.201, 920Mb)
Check /work/output/de/tbl_bck1001010.png                                                             (00:00.000 / 02:13.201, 920Mb)
Check /work/output/de/tbl_bck10011.png                                                               (00:00.000 / 02:13.201, 920Mb)
Check /work/output/de/tbl_bck100110.png                                                              (00:00.000 / 02:13.202, 920Mb)
Check /work/output/de/tbl_bck101.png                                                                 (00:00.000 / 02:13.202, 920Mb)
Check /work/output/de/tbl_bck1010.png                                                                (00:00.000 / 02:13.202, 920Mb)
Check /work/output/de/tbl_bck10100.png                                                               (00:00.000 / 02:13.203, 920Mb)
Check /work/output/de/tbl_bck101000.png                                                              (00:00.000 / 02:13.203, 920Mb)
Check /work/output/de/tbl_bck10101.png                                                               (00:00.000 / 02:13.204, 920Mb)
Check /work/output/de/tbl_bck101010.png                                                              (00:00.000 / 02:13.204, 920Mb)
Check /work/output/de/tbl_bck1011.png                                                                (00:00.000 / 02:13.204, 920Mb)
Check /work/output/de/tbl_bck10110.png                                                               (00:00.000 / 02:13.205, 920Mb)
Check /work/output/de/tbl_bck101100.png                                                              (00:00.000 / 02:13.205, 920Mb)
Check /work/output/de/tbl_bck1011000.png                                                             (00:00.000 / 02:13.205, 920Mb)
Check /work/output/de/tbl_bck10110000.png                                                            (00:00.000 / 02:13.206, 920Mb)
Check /work/output/de/tbl_bck1011001.png                                                             (00:00.000 / 02:13.206, 920Mb)
Check /work/output/de/tbl_bck10110010.png                                                            (00:00.000 / 02:13.206, 920Mb)
Check /work/output/de/tbl_bck101101.png                                                              (00:00.000 / 02:13.207, 920Mb)
Check /work/output/de/tbl_bck1011010.png                                                             (00:00.000 / 02:13.207, 920Mb)
Check /work/output/de/tbl_bck10111.png                                                               (00:00.000 / 02:13.207, 920Mb)
Check /work/output/de/tbl_bck101110.png                                                              (00:00.000 / 02:13.208, 920Mb)
Check /work/output/de/tbl_bck1011100.png                                                             (00:00.000 / 02:13.208, 920Mb)
Check /work/output/de/tbl_bck101111.png                                                              (00:00.000 / 02:13.208, 920Mb)
Check /work/output/de/tbl_bck1011110.png                                                             (00:00.000 / 02:13.209, 920Mb)
Check /work/output/de/tbl_bck10240.png                                                               (00:00.000 / 02:13.209, 920Mb)
Check /work/output/de/tbl_bck1025.png                                                                (00:00.000 / 02:13.209, 920Mb)
Check /work/output/de/tbl_bck10250.png                                                               (00:00.000 / 02:13.209, 920Mb)
Check /work/output/de/tbl_bck103.png                                                                 (00:00.000 / 02:13.210, 920Mb)
Check /work/output/de/tbl_bck1040.png                                                                (00:00.000 / 02:13.210, 920Mb)
Check /work/output/de/tbl_bck105.png                                                                 (00:00.000 / 02:13.210, 920Mb)
Check /work/output/de/tbl_bck1050.png                                                                (00:00.000 / 02:13.211, 920Mb)
Check /work/output/de/tbl_bck11.png                                                                  (00:00.000 / 02:13.211, 920Mb)
Check /work/output/de/tbl_bck110.png                                                                 (00:00.000 / 02:13.211, 920Mb)
Check /work/output/de/tbl_bck1100.png                                                                (00:00.000 / 02:13.212, 920Mb)
Check /work/output/de/tbl_bck11000.png                                                               (00:00.000 / 02:13.212, 920Mb)
Check /work/output/de/tbl_bck110000.png                                                              (00:00.000 / 02:13.212, 920Mb)
.Check /work/output/de/tbl_bck11001.png                                                               (00:00.000 / 02:13.213, 920Mb)
Check /work/output/de/tbl_bck110010.png                                                              (00:00.000 / 02:13.213, 920Mb)
Check /work/output/de/tbl_bck1101.png                                                                (00:00.000 / 02:13.213, 920Mb)
Check /work/output/de/tbl_bck11010.png                                                               (00:00.000 / 02:13.214, 920Mb)
Check /work/output/de/tbl_bck110100.png                                                              (00:00.000 / 02:13.214, 920Mb)
Check /work/output/de/tbl_bck11011.png                                                               (00:00.000 / 02:13.214, 920Mb)
Check /work/output/de/tbl_bck110110.png                                                              (00:00.000 / 02:13.215, 920Mb)
Check /work/output/de/tbl_bck111.png                                                                 (00:00.000 / 02:13.215, 920Mb)
Check /work/output/de/tbl_bck1110.png                                                                (00:00.000 / 02:13.215, 920Mb)
Check /work/output/de/tbl_bck11100.png                                                               (00:00.000 / 02:13.216, 920Mb)
Check /work/output/de/tbl_bck111000.png                                                              (00:00.000 / 02:13.216, 920Mb)
Check /work/output/de/tbl_bck11101.png                                                               (00:00.000 / 02:13.216, 920Mb)
Check /work/output/de/tbl_bck111010.png                                                              (00:00.000 / 02:13.217, 920Mb)
Check /work/output/de/tbl_bck1111.png                                                                (00:00.000 / 02:13.217, 920Mb)
Check /work/output/de/tbl_bck11110.png                                                               (00:00.000 / 02:13.217, 920Mb)
Check /work/output/de/tbl_bck111100.png                                                              (00:00.000 / 02:13.218, 920Mb)
Check /work/output/de/tbl_bck1111000.png                                                             (00:00.000 / 02:13.218, 920Mb)
Check /work/output/de/tbl_bck111101.png                                                              (00:00.000 / 02:13.218, 920Mb)
Check /work/output/de/tbl_bck1111010.png                                                             (00:00.000 / 02:13.219, 920Mb)
Check /work/output/de/tbl_bck11111.png                                                               (00:00.000 / 02:13.219, 920Mb)
Check /work/output/de/tbl_bck111110.png                                                              (00:00.000 / 02:13.219, 920Mb)
Check /work/output/de/tbl_bck112.png                                                                 (00:00.000 / 02:13.219, 920Mb)
Check /work/output/de/tbl_bck11240.png                                                               (00:00.000 / 02:13.220, 920Mb)
Check /work/output/de/tbl_bck1125.png                                                                (00:00.000 / 02:13.220, 920Mb)
Check /work/output/de/tbl_bck11250.png                                                               (00:00.000 / 02:13.220, 920Mb)
Check /work/output/de/tbl_bck11252.png                                                               (00:00.000 / 02:13.221, 920Mb)
Check /work/output/de/tbl_bck113.png                                                                 (00:00.000 / 02:13.221, 920Mb)
Check /work/output/de/tbl_bck1140.png                                                                (00:00.000 / 02:13.221, 920Mb)
Check /work/output/de/tbl_bck115.png                                                                 (00:00.000 / 02:13.222, 920Mb)
Check /work/output/de/tbl_bck1150.png                                                                (00:00.000 / 02:13.222, 920Mb)
Check /work/output/de/tbl_bck1152.png                                                                (00:00.000 / 02:13.222, 920Mb)
Check /work/output/de/tbl_bck12.png                                                                  (00:00.000 / 02:13.223, 920Mb)
Check /work/output/de/tbl_bck120.png                                                                 (00:00.000 / 02:13.223, 920Mb)
Check /work/output/de/tbl_bck124.png                                                                 (00:00.000 / 02:13.223, 920Mb)
Check /work/output/de/tbl_bck1240.png                                                                (00:00.000 / 02:13.224, 920Mb)
Check /work/output/de/tbl_bck12400.png                                                               (00:00.000 / 02:13.224, 920Mb)
Check /work/output/de/tbl_bck1241.png                                                                (00:00.000 / 02:13.224, 920Mb)
Check /work/output/de/tbl_bck12410.png                                                               (00:00.000 / 02:13.225, 920Mb)
Check /work/output/de/tbl_bck125.png                                                                 (00:00.000 / 02:13.225, 920Mb)
Check /work/output/de/tbl_bck1250.png                                                                (00:00.000 / 02:13.225, 920Mb)
Check /work/output/de/tbl_bck12500.png                                                               (00:00.000 / 02:13.226, 920Mb)
Check /work/output/de/tbl_bck1251.png                                                                (00:00.001 / 02:13.227, 920Mb)
Check /work/output/de/tbl_bck12510.png                                                               (00:00.000 / 02:13.228, 920Mb)
Check /work/output/de/tbl_bck125100.png                                                              (00:00.000 / 02:13.228, 920Mb)
Check /work/output/de/tbl_bck12511.png                                                               (00:00.000 / 02:13.228, 920Mb)
Check /work/output/de/tbl_bck125110.png                                                              (00:00.000 / 02:13.229, 920Mb)
Check /work/output/de/tbl_bck12512.png                                                               (00:00.000 / 02:13.229, 920Mb)
Check /work/output/de/tbl_bck1252.png                                                                (00:00.000 / 02:13.229, 920Mb)
Check /work/output/de/tbl_bck13.png                                                                  (00:00.000 / 02:13.230, 920Mb)
Check /work/output/de/tbl_bck130.png                                                                 (00:00.000 / 02:13.230, 920Mb)
Check /work/output/de/tbl_bck1320.png                                                                (00:00.000 / 02:13.230, 920Mb)
Check /work/output/de/tbl_bck133.png                                                                 (00:00.000 / 02:13.230, 920Mb)
Check /work/output/de/tbl_bck1330.png                                                                (00:00.000 / 02:13.231, 920Mb)
Check /work/output/de/tbl_bck134.png                                                                 (00:00.000 / 02:13.231, 920Mb)
Check /work/output/de/tbl_bck14.png                                                                  (00:00.000 / 02:13.231, 920Mb)
Check /work/output/de/tbl_bck140.png                                                                 (00:00.000 / 02:13.232, 920Mb)
Check /work/output/de/tbl_bck1400.png                                                                (00:00.000 / 02:13.232, 920Mb)
.Check /work/output/de/tbl_bck141.png                                                                 (00:00.000 / 02:13.232, 920Mb)
Check /work/output/de/tbl_bck1410.png                                                                (00:00.000 / 02:13.233, 920Mb)
Check /work/output/de/tbl_bck1424.png                                                                (00:00.000 / 02:13.233, 920Mb)
Check /work/output/de/tbl_bck143.png                                                                 (00:00.000 / 02:13.233, 920Mb)
Check /work/output/de/tbl_bck15.png                                                                  (00:00.000 / 02:13.234, 920Mb)
Check /work/output/de/tbl_bck150.png                                                                 (00:00.000 / 02:13.234, 920Mb)
Check /work/output/de/tbl_bck1500.png                                                                (00:00.000 / 02:13.234, 920Mb)
Check /work/output/de/tbl_bck15040.png                                                               (00:00.000 / 02:13.235, 920Mb)
Check /work/output/de/tbl_bck1505.png                                                                (00:00.000 / 02:13.235, 920Mb)
Check /work/output/de/tbl_bck15050.png                                                               (00:00.000 / 02:13.236, 920Mb)
Check /work/output/de/tbl_bck151.png                                                                 (00:00.000 / 02:13.236, 920Mb)
Check /work/output/de/tbl_bck1510.png                                                                (00:00.000 / 02:13.236, 920Mb)
Check /work/output/de/tbl_bck1512.png                                                                (00:00.000 / 02:13.237, 920Mb)
Check /work/output/de/tbl_bck15140.png                                                               (00:00.000 / 02:13.237, 920Mb)
Check /work/output/de/tbl_bck1515.png                                                                (00:00.000 / 02:13.238, 920Mb)
Check /work/output/de/tbl_bck15150.png                                                               (00:00.000 / 02:13.238, 920Mb)
Check /work/output/de/tbl_bck15152.png                                                               (00:00.000 / 02:13.238, 920Mb)
Check /work/output/de/tbl_bck152.png                                                                 (00:00.000 / 02:13.239, 920Mb)
Check /work/output/de/tbl_bck1540.png                                                                (00:00.000 / 02:13.239, 920Mb)
Check /work/output/de/tbl_bck15424.png                                                               (00:00.000 / 02:13.239, 920Mb)
Check /work/output/de/tbl_bck1543.png                                                                (00:00.000 / 02:13.240, 920Mb)
Check /work/output/de/tbl_bck155.png                                                                 (00:00.000 / 02:13.240, 920Mb)
Check /work/output/de/tbl_bck1550.png                                                                (00:00.000 / 02:13.240, 920Mb)
Check /work/output/de/tbl_bck1552.png                                                                (00:00.000 / 02:13.241, 920Mb)
Check /work/output/de/tbl_blank.png                                                                  (00:00.000 / 02:13.241, 920Mb)
Check /work/output/de/tbl_spacer.png                                                                 (00:00.000 / 02:13.241, 920Mb)
Check /work/output/de/tbl_vjoin-closed.png                                                           (00:00.000 / 02:13.242, 920Mb)
Check /work/output/de/tbl_vjoin-open.png                                                             (00:00.000 / 02:13.243, 920Mb)
Check /work/output/de/tbl_vjoin.png                                                                  (00:00.000 / 02:13.243, 920Mb)
Check /work/output/de/tbl_vjoin_end-closed.png                                                       (00:00.000 / 02:13.244, 920Mb)
Check /work/output/de/tbl_vjoin_end-open.png                                                         (00:00.000 / 02:13.244, 920Mb)
Check /work/output/de/tbl_vjoin_end.png                                                              (00:00.000 / 02:13.244, 920Mb)
Check /work/output/de/tbl_vjoin_end_slice-closed.png                                                 (00:00.000 / 02:13.245, 920Mb)
Check /work/output/de/tbl_vjoin_end_slice-open.png                                                   (00:00.000 / 02:13.245, 920Mb)
Check /work/output/de/tbl_vjoin_end_slice.png                                                        (00:00.000 / 02:13.245, 920Mb)
Check /work/output/de/tbl_vjoin_end_slicer-closed.png                                                (00:00.000 / 02:13.246, 920Mb)
Check /work/output/de/tbl_vjoin_end_slicer-open.png                                                  (00:00.000 / 02:13.247, 920Mb)
Check /work/output/de/tbl_vjoin_end_slicer.png                                                       (00:00.000 / 02:13.247, 920Mb)
Check /work/output/de/tbl_vjoin_slice-closed.png                                                     (00:00.000 / 02:13.247, 920Mb)
Check /work/output/de/tbl_vjoin_slice-open.png                                                       (00:00.000 / 02:13.248, 920Mb)
Check /work/output/de/tbl_vjoin_slice.png                                                            (00:00.000 / 02:13.248, 920Mb)
Check /work/output/de/tbl_vjoin_slicer-closed.png                                                    (00:00.000 / 02:13.248, 920Mb)
Check /work/output/de/tbl_vjoin_slicer-open.png                                                      (00:00.000 / 02:13.249, 920Mb)
Check /work/output/de/tbl_vjoin_slicer.png                                                           (00:00.000 / 02:13.249, 920Mb)
Check /work/output/de/tbl_vline.png                                                                  (00:00.000 / 02:13.249, 920Mb)
Check /work/output/de/tbl_vline_slice.png                                                            (00:00.000 / 02:13.250, 920Mb)
Check /work/output/de/tbl_vline_slicer.png                                                           (00:00.000 / 02:13.250, 920Mb)
Check /work/output/de/terminology.html                                                               (00:00.000 / 02:13.250, 920Mb)
Check /work/output/de/terminology.md                                                                 (00:00.003 / 02:13.254, 928Mb)
Check /work/output/de/toc.html                                                                       (00:00.000 / 02:13.254, 928Mb)
Check /work/output/de/translationinfo.html                                                           (00:00.006 / 02:13.260, 942Mb)
Check /work/output/de/translationinfo.md                                                             (00:00.002 / 02:13.263, 950Mb)
Check /work/output/de/tree-filter.png                                                                (00:00.000 / 02:13.263, 950Mb)
Check /work/output/de/uml-diagrams.html                                                              (00:00.000 / 02:13.264, 950Mb)
Check /work/output/de/uml-diagrams.md                                                                (00:00.002 / 02:13.266, 958Mb)
Check /work/output/de/version-history.html                                                           (00:00.000 / 02:13.267, 958Mb)
Check /work/output/de/version-history.md                                                             (00:00.003 / 02:13.270, 970Mb)
.Check /work/output/definitions.json.zip                                                              (00:00.000 / 02:13.271, 970Mb)
Check /work/output/definitions.xml.zip                                                               (00:00.001 / 02:13.272, 970Mb)
Check /work/output/downloads.html                                                                    (00:00.001 / 02:13.273, 971Mb)
Check /work/output/en/CodeSystem-2.16.840.1.113883.3.1937.777.24.5.2--20210423105554-testing.html    (00:00.000 / 02:13.274, 972Mb)
Check /work/output/en/CodeSystem-2.16.840.1.113883.3.1937.777.24.5.2--20210423105554.change.history.html (00:00.004 / 02:13.278, 978Mb)
Check /work/output/en/CodeSystem-2.16.840.1.113883.3.1937.777.24.5.2--20210423105554.html            (00:00.002 / 02:13.280, 982Mb)
Check /work/output/en/CodeSystem-2.16.840.1.113883.3.1937.777.24.5.2--20210423105554.json            (00:00.003 / 02:13.283, 990Mb)
Check /work/output/en/CodeSystem-2.16.840.1.113883.3.1937.777.24.5.2--20210423105554.json.html       (00:00.000 / 02:13.284, 990Mb)
Check /work/output/en/CodeSystem-2.16.840.1.113883.3.1937.777.24.5.2--20210423105554.md              (00:00.003 / 02:13.287, 1004Mb)
Check /work/output/en/CodeSystem-2.16.840.1.113883.3.1937.777.24.5.2--20210423105554.xml             (00:00.000 / 02:13.288, 1004Mb)
Check /work/output/en/CodeSystem-2.16.840.1.113883.3.1937.777.24.5.2--20210423105554.xml.html        (00:00.000 / 02:13.288, 1006Mb)
Check /work/output/en/CodeSystem-2.16.840.1.113883.3.1937.777.24.5.3--20251211153003-testing.html    (00:00.003 / 02:13.292, 1016Mb)
Check /work/output/en/CodeSystem-2.16.840.1.113883.3.1937.777.24.5.3--20251211153003.change.history.html (00:00.002 / 02:13.295, 1022Mb)
Check /work/output/en/CodeSystem-2.16.840.1.113883.3.1937.777.24.5.3--20251211153003.html            (00:00.002 / 02:13.297, 1Gb)
Check /work/output/en/CodeSystem-2.16.840.1.113883.3.1937.777.24.5.3--20251211153003.json            (00:00.008 / 02:13.305, 1Gb)
Check /work/output/en/CodeSystem-2.16.840.1.113883.3.1937.777.24.5.3--20251211153003.json.html       (00:00.000 / 02:13.306, 1Gb)
Check /work/output/en/CodeSystem-2.16.840.1.113883.3.1937.777.24.5.3--20251211153003.md              (00:00.017 / 02:13.324, 415Mb)
Check /work/output/en/CodeSystem-2.16.840.1.113883.3.1937.777.24.5.3--20251211153003.xml             (00:00.000 / 02:13.324, 415Mb)
Check /work/output/en/CodeSystem-2.16.840.1.113883.3.1937.777.24.5.3--20251211153003.xml.html        (00:00.000 / 02:13.325, 415Mb)
Check /work/output/en/CodeSystem-mii-cs-consent-version-modules-testing.html                         (00:00.020 / 02:13.345, 491Mb)
Check /work/output/en/CodeSystem-mii-cs-consent-version-modules.change.history.html                  (00:00.002 / 02:13.347, 495Mb)
Check /work/output/en/CodeSystem-mii-cs-consent-version-modules.html                                 (00:00.002 / 02:13.349, 501Mb)
Check /work/output/en/CodeSystem-mii-cs-consent-version-modules.json                                 (00:00.004 / 02:13.354, 515Mb)
Check /work/output/en/CodeSystem-mii-cs-consent-version-modules.json.html                            (00:00.000 / 02:13.354, 515Mb)
Check /work/output/en/CodeSystem-mii-cs-consent-version-modules.md                                   (00:00.009 / 02:13.363, 569Mb)
Check /work/output/en/CodeSystem-mii-cs-consent-version-modules.xml                                  (00:00.000 / 02:13.364, 569Mb)
Check /work/output/en/CodeSystem-mii-cs-consent-version-modules.xml.html                             (00:00.000 / 02:13.364, 569Mb)
Check /work/output/en/Consent-34150a23-b1c8-404f-874f-e042a30435d2.change.history.html               (00:00.011 / 02:13.376, 609Mb)
Check /work/output/en/Consent-34150a23-b1c8-404f-874f-e042a30435d2.html                              (00:00.002 / 02:13.378, 613Mb)
Check /work/output/en/Consent-34150a23-b1c8-404f-874f-e042a30435d2.json                              (00:00.003 / 02:13.382, 623Mb)
Check /work/output/en/Consent-34150a23-b1c8-404f-874f-e042a30435d2.json.html                         (00:00.000 / 02:13.383, 623Mb)
Check /work/output/en/Consent-34150a23-b1c8-404f-874f-e042a30435d2.md                                (00:00.005 / 02:13.388, 665Mb)
Check /work/output/en/Consent-34150a23-b1c8-404f-874f-e042a30435d2.xml                               (00:00.000 / 02:13.389, 665Mb)
Check /work/output/en/Consent-34150a23-b1c8-404f-874f-e042a30435d2.xml.html                          (00:00.000 / 02:13.389, 665Mb)
Check /work/output/en/Consent-5143266b-8d60-4b28-8ee9-635140ffa5bb.change.history.html               (00:00.005 / 02:13.395, 689Mb)
Check /work/output/en/Consent-5143266b-8d60-4b28-8ee9-635140ffa5bb.html                              (00:00.002 / 02:13.397, 693Mb)
Check /work/output/en/Consent-5143266b-8d60-4b28-8ee9-635140ffa5bb.json                              (00:00.006 / 02:13.404, 711Mb)
Check /work/output/en/Consent-5143266b-8d60-4b28-8ee9-635140ffa5bb.json.html                         (00:00.000 / 02:13.405, 711Mb)
Check /work/output/en/Consent-5143266b-8d60-4b28-8ee9-635140ffa5bb.md                                (00:00.011 / 02:13.416, 821Mb)
Check /work/output/en/Consent-5143266b-8d60-4b28-8ee9-635140ffa5bb.xml                               (00:00.000 / 02:13.417, 821Mb)
Check /work/output/en/Consent-5143266b-8d60-4b28-8ee9-635140ffa5bb.xml.html                          (00:00.000 / 02:13.417, 821Mb)
Check /work/output/en/Consent-Example-MII-Consent-ResultType-document.change.history.html            (00:00.013 / 02:13.430, 879Mb)
Check /work/output/en/Consent-Example-MII-Consent-ResultType-document.html                           (00:00.002 / 02:13.433, 885Mb)
Check /work/output/en/Consent-Example-MII-Consent-ResultType-document.json                           (00:00.003 / 02:13.436, 893Mb)
Check /work/output/en/Consent-Example-MII-Consent-ResultType-document.json.html                      (00:00.000 / 02:13.437, 893Mb)
Check /work/output/en/Consent-Example-MII-Consent-ResultType-document.md                             (00:00.004 / 02:13.442, 927Mb)
Check /work/output/en/Consent-Example-MII-Consent-ResultType-document.xml                            (00:00.000 / 02:13.442, 927Mb)
Check /work/output/en/Consent-Example-MII-Consent-ResultType-document.xml.html                       (00:00.000 / 02:13.442, 927Mb)
Check /work/output/en/DocumentReference-8a3d1799-2463-405e-b49c-6a16c8692b01.change.history.html     (00:00.005 / 02:13.448, 947Mb)
Check /work/output/en/DocumentReference-8a3d1799-2463-405e-b49c-6a16c8692b01.html                    (00:00.002 / 02:13.450, 953Mb)
Check /work/output/en/DocumentReference-8a3d1799-2463-405e-b49c-6a16c8692b01.json                    (00:00.002 / 02:13.453, 957Mb)
Check /work/output/en/DocumentReference-8a3d1799-2463-405e-b49c-6a16c8692b01.json.html               (00:00.000 / 02:13.453, 957Mb)
Check /work/output/en/DocumentReference-8a3d1799-2463-405e-b49c-6a16c8692b01.md                      (00:00.002 / 02:13.456, 967Mb)
Check /work/output/en/DocumentReference-8a3d1799-2463-405e-b49c-6a16c8692b01.xml                     (00:00.000 / 02:13.456, 967Mb)
Check /work/output/en/DocumentReference-8a3d1799-2463-405e-b49c-6a16c8692b01.xml.html                (00:00.000 / 02:13.456, 967Mb)
Check /work/output/en/ImplementationGuide-mii-ig-consent.json                                        (00:00.002 / 02:13.459, 975Mb)
Check /work/output/en/ImplementationGuide-mii-ig-consent.md                                          (00:00.000 / 02:13.460, 975Mb)
.Check /work/output/en/ImplementationGuide-mii-ig-consent.xml                                         (00:00.003 / 02:13.463, 975Mb)
Check /work/output/en/Parameters-mii-param-consent-manifest.change.history.html                      (00:00.000 / 02:13.464, 975Mb)
Check /work/output/en/Parameters-mii-param-consent-manifest.html                                     (00:00.002 / 02:13.466, 979Mb)
Check /work/output/en/Parameters-mii-param-consent-manifest.json                                     (00:00.003 / 02:13.469, 989Mb)
Check /work/output/en/Parameters-mii-param-consent-manifest.json.html                                (00:00.000 / 02:13.470, 989Mb)
Check /work/output/en/Parameters-mii-param-consent-manifest.md                                       (00:00.003 / 02:13.473, 1005Mb)
Check /work/output/en/Parameters-mii-param-consent-manifest.xml                                      (00:00.000 / 02:13.473, 1005Mb)
Check /work/output/en/Parameters-mii-param-consent-manifest.xml.html                                 (00:00.000 / 02:13.474, 1005Mb)
Check /work/output/en/Provenance-55219d12-6245-4de4-8b50-ddf6f16a789b.change.history.html            (00:00.004 / 02:13.478, 1019Mb)
Check /work/output/en/Provenance-55219d12-6245-4de4-8b50-ddf6f16a789b.html                           (00:00.002 / 02:13.480, 1Gb)
Check /work/output/en/Provenance-55219d12-6245-4de4-8b50-ddf6f16a789b.json                           (00:00.002 / 02:13.482, 1Gb)
Check /work/output/en/Provenance-55219d12-6245-4de4-8b50-ddf6f16a789b.json.html                      (00:00.000 / 02:13.483, 1Gb)
Check /work/output/en/Provenance-55219d12-6245-4de4-8b50-ddf6f16a789b.md                             (00:00.002 / 02:13.486, 1Gb)
Check /work/output/en/Provenance-55219d12-6245-4de4-8b50-ddf6f16a789b.xml                            (00:00.000 / 02:13.486, 1Gb)
Check /work/output/en/Provenance-55219d12-6245-4de4-8b50-ddf6f16a789b.xml.html                       (00:00.000 / 02:13.486, 1Gb)
Check /work/output/en/SearchParameter-MII-SP-Consent-PolicyUri-testing.html                          (00:00.003 / 02:13.490, 1Gb)
Check /work/output/en/SearchParameter-MII-SP-Consent-PolicyUri.change.history.html                   (00:00.002 / 02:13.492, 1Gb)
Check /work/output/en/SearchParameter-MII-SP-Consent-PolicyUri.html                                  (00:00.002 / 02:13.494, 1Gb)
Check /work/output/en/SearchParameter-MII-SP-Consent-PolicyUri.json                                  (00:00.002 / 02:13.496, 1Gb)
Check /work/output/en/SearchParameter-MII-SP-Consent-PolicyUri.json.html                             (00:00.000 / 02:13.497, 1Gb)
Check /work/output/en/SearchParameter-MII-SP-Consent-PolicyUri.md                                    (00:00.002 / 02:13.499, 1Gb)
Check /work/output/en/SearchParameter-MII-SP-Consent-PolicyUri.xml                                   (00:00.000 / 02:13.500, 1Gb)
Check /work/output/en/SearchParameter-MII-SP-Consent-PolicyUri.xml.html                              (00:00.000 / 02:13.500, 1Gb)
Check /work/output/en/SearchParameter-MII-SP-Consent-ProvisionCode-testing.html                      (00:00.002 / 02:13.503, 1Gb)
Check /work/output/en/SearchParameter-MII-SP-Consent-ProvisionCode.change.history.html               (00:00.002 / 02:13.505, 1Gb)
Check /work/output/en/SearchParameter-MII-SP-Consent-ProvisionCode.html                              (00:00.002 / 02:13.507, 1Gb)
Check /work/output/en/SearchParameter-MII-SP-Consent-ProvisionCode.json                              (00:00.002 / 02:13.510, 1Gb)
Check /work/output/en/SearchParameter-MII-SP-Consent-ProvisionCode.json.html                         (00:00.000 / 02:13.510, 1Gb)
Check /work/output/en/SearchParameter-MII-SP-Consent-ProvisionCode.md                                (00:00.002 / 02:13.513, 1Gb)
Check /work/output/en/SearchParameter-MII-SP-Consent-ProvisionCode.xml                               (00:00.000 / 02:13.513, 1Gb)
Check /work/output/en/SearchParameter-MII-SP-Consent-ProvisionCode.xml.html                          (00:00.000 / 02:13.513, 1Gb)
Check /work/output/en/SearchParameter-MII-SP-Consent-ProvisionCodePeriod-testing.html                (00:00.005 / 02:13.518, 372Mb)
Check /work/output/en/SearchParameter-MII-SP-Consent-ProvisionCodePeriod.change.history.html         (00:00.002 / 02:13.521, 376Mb)
Check /work/output/en/SearchParameter-MII-SP-Consent-ProvisionCodePeriod.html                        (00:00.001 / 02:13.523, 382Mb)
Check /work/output/en/SearchParameter-MII-SP-Consent-ProvisionCodePeriod.json                        (00:00.002 / 02:13.526, 388Mb)
Check /work/output/en/SearchParameter-MII-SP-Consent-ProvisionCodePeriod.json.html                   (00:00.000 / 02:13.526, 388Mb)
Check /work/output/en/SearchParameter-MII-SP-Consent-ProvisionCodePeriod.md                          (00:00.002 / 02:13.528, 396Mb)
Check /work/output/en/SearchParameter-MII-SP-Consent-ProvisionCodePeriod.xml                         (00:00.000 / 02:13.529, 396Mb)
Check /work/output/en/SearchParameter-MII-SP-Consent-ProvisionCodePeriod.xml.html                    (00:00.000 / 02:13.529, 396Mb)
Check /work/output/en/SearchParameter-MII-SP-Consent-ProvisionCodeType-testing.html                  (00:00.002 / 02:13.532, 404Mb)
Check /work/output/en/SearchParameter-MII-SP-Consent-ProvisionCodeType.change.history.html           (00:00.002 / 02:13.534, 410Mb)
Check /work/output/en/SearchParameter-MII-SP-Consent-ProvisionCodeType.html                          (00:00.001 / 02:13.536, 414Mb)
Check /work/output/en/SearchParameter-MII-SP-Consent-ProvisionCodeType.json                          (00:00.002 / 02:13.538, 422Mb)
Check /work/output/en/SearchParameter-MII-SP-Consent-ProvisionCodeType.json.html                     (00:00.000 / 02:13.539, 422Mb)
Check /work/output/en/SearchParameter-MII-SP-Consent-ProvisionCodeType.md                            (00:00.002 / 02:13.541, 430Mb)
Check /work/output/en/SearchParameter-MII-SP-Consent-ProvisionCodeType.xml                           (00:00.000 / 02:13.541, 430Mb)
Check /work/output/en/SearchParameter-MII-SP-Consent-ProvisionCodeType.xml.html                      (00:00.000 / 02:13.542, 430Mb)
Check /work/output/en/SearchParameter-MII-SP-Consent-ProvisionPeriod-testing.html                    (00:00.002 / 02:13.544, 438Mb)
Check /work/output/en/SearchParameter-MII-SP-Consent-ProvisionPeriod.change.history.html             (00:00.002 / 02:13.547, 444Mb)
Check /work/output/en/SearchParameter-MII-SP-Consent-ProvisionPeriod.html                            (00:00.001 / 02:13.549, 448Mb)
Check /work/output/en/SearchParameter-MII-SP-Consent-ProvisionPeriod.json                            (00:00.002 / 02:13.551, 454Mb)
Check /work/output/en/SearchParameter-MII-SP-Consent-ProvisionPeriod.json.html                       (00:00.000 / 02:13.551, 454Mb)
Check /work/output/en/SearchParameter-MII-SP-Consent-ProvisionPeriod.md                              (00:00.002 / 02:13.554, 462Mb)
Check /work/output/en/SearchParameter-MII-SP-Consent-ProvisionPeriod.xml                             (00:00.000 / 02:13.554, 462Mb)
Check /work/output/en/SearchParameter-MII-SP-Consent-ProvisionPeriod.xml.html                        (00:00.000 / 02:13.554, 462Mb)
Check /work/output/en/SearchParameter-MII-SP-Consent-ProvisionType-testing.html                      (00:00.002 / 02:13.557, 470Mb)
Check /work/output/en/SearchParameter-MII-SP-Consent-ProvisionType.change.history.html               (00:00.002 / 02:13.559, 474Mb)
.Check /work/output/en/SearchParameter-MII-SP-Consent-ProvisionType.html                              (00:00.001 / 02:13.561, 480Mb)
Check /work/output/en/SearchParameter-MII-SP-Consent-ProvisionType.json                              (00:00.002 / 02:13.563, 486Mb)
Check /work/output/en/SearchParameter-MII-SP-Consent-ProvisionType.json.html                         (00:00.000 / 02:13.563, 486Mb)
Check /work/output/en/SearchParameter-MII-SP-Consent-ProvisionType.md                                (00:00.002 / 02:13.566, 494Mb)
Check /work/output/en/SearchParameter-MII-SP-Consent-ProvisionType.xml                               (00:00.000 / 02:13.566, 494Mb)
Check /work/output/en/SearchParameter-MII-SP-Consent-ProvisionType.xml.html                          (00:00.000 / 02:13.566, 494Mb)
Check /work/output/en/StructureDefinition-56375452-bfa1-4111-af7c-5b5ba9a1857c-definitions.html      (00:00.002 / 02:13.569, 500Mb)
Check /work/output/en/StructureDefinition-56375452-bfa1-4111-af7c-5b5ba9a1857c-examples.html         (00:00.037 / 02:13.606, 638Mb)
Check /work/output/en/StructureDefinition-56375452-bfa1-4111-af7c-5b5ba9a1857c-mappings.html         (00:00.002 / 02:13.608, 642Mb)
Check /work/output/en/StructureDefinition-56375452-bfa1-4111-af7c-5b5ba9a1857c-testing.html          (00:00.018 / 02:13.627, 674Mb)
Check /work/output/en/StructureDefinition-56375452-bfa1-4111-af7c-5b5ba9a1857c.html                  (00:00.002 / 02:13.629, 680Mb)
Check /work/output/en/StructureDefinition-56375452-bfa1-4111-af7c-5b5ba9a1857c.json                  (00:00.058 / 02:13.688, 886Mb)
Check /work/output/en/StructureDefinition-56375452-bfa1-4111-af7c-5b5ba9a1857c.md                    (00:00.001 / 02:13.689, 886Mb)
Check /work/output/en/StructureDefinition-56375452-bfa1-4111-af7c-5b5ba9a1857c.profile.history.html  (00:00.000 / 02:13.689, 886Mb)
Check /work/output/en/StructureDefinition-56375452-bfa1-4111-af7c-5b5ba9a1857c.profile.json.html     (00:00.002 / 02:13.692, 892Mb)
Check /work/output/en/StructureDefinition-56375452-bfa1-4111-af7c-5b5ba9a1857c.profile.xml.html      (00:00.037 / 02:13.729, 404Mb)
Check /work/output/en/StructureDefinition-56375452-bfa1-4111-af7c-5b5ba9a1857c.xml                   (00:00.054 / 02:13.783, 578Mb)
Check /work/output/en/StructureDefinition-e0e166b4-0f77-478d-9062-de0034d98ce0-definitions.html      (00:00.000 / 02:13.784, 578Mb)
Check /work/output/en/StructureDefinition-e0e166b4-0f77-478d-9062-de0034d98ce0-examples.html         (00:00.180 / 02:13.965, 572Mb)
Check /work/output/en/StructureDefinition-e0e166b4-0f77-478d-9062-de0034d98ce0-mappings.html         (00:00.002 / 02:13.967, 578Mb)
Check /work/output/en/StructureDefinition-e0e166b4-0f77-478d-9062-de0034d98ce0-testing.html          (00:00.038 / 02:14.006, 646Mb)
Check /work/output/en/StructureDefinition-e0e166b4-0f77-478d-9062-de0034d98ce0.html                  (00:00.002 / 02:14.008, 652Mb)
Check /work/output/en/StructureDefinition-e0e166b4-0f77-478d-9062-de0034d98ce0.json                  (00:00.234 / 02:14.243, 525Mb)
Check /work/output/en/StructureDefinition-e0e166b4-0f77-478d-9062-de0034d98ce0.md                    (00:00.002 / 02:14.246, 526Mb)
Check /work/output/en/StructureDefinition-e0e166b4-0f77-478d-9062-de0034d98ce0.profile.history.html  (00:00.000 / 02:14.246, 526Mb)
Check /work/output/en/StructureDefinition-e0e166b4-0f77-478d-9062-de0034d98ce0.profile.json.html     (00:00.002 / 02:14.248, 533Mb)
Check /work/output/en/StructureDefinition-e0e166b4-0f77-478d-9062-de0034d98ce0.profile.xml.html      (00:00.119 / 02:14.368, 714Mb)
Check /work/output/en/StructureDefinition-e0e166b4-0f77-478d-9062-de0034d98ce0.xml                   (00:00.182 / 02:14.550, 1008Mb)
Check /work/output/en/StructureDefinition-f675b1e8-9f3f-44e8-bb59-9681f78eb464-definitions.html      (00:00.005 / 02:14.555, 1009Mb)
Check /work/output/en/StructureDefinition-f675b1e8-9f3f-44e8-bb59-9681f78eb464-examples.html         (00:00.068 / 02:14.624, 447Mb)
Check /work/output/en/StructureDefinition-f675b1e8-9f3f-44e8-bb59-9681f78eb464-mappings.html         (00:00.005 / 02:14.630, 453Mb)
Check /work/output/en/StructureDefinition-f675b1e8-9f3f-44e8-bb59-9681f78eb464-testing.html          (00:00.024 / 02:14.654, 481Mb)
Check /work/output/en/StructureDefinition-f675b1e8-9f3f-44e8-bb59-9681f78eb464.html                  (00:00.002 / 02:14.656, 487Mb)
Check /work/output/en/StructureDefinition-f675b1e8-9f3f-44e8-bb59-9681f78eb464.json                  (00:00.096 / 02:14.753, 721Mb)
Check /work/output/en/StructureDefinition-f675b1e8-9f3f-44e8-bb59-9681f78eb464.md                    (00:00.001 / 02:14.754, 721Mb)
Check /work/output/en/StructureDefinition-f675b1e8-9f3f-44e8-bb59-9681f78eb464.profile.history.html  (00:00.000 / 02:14.754, 721Mb)
Check /work/output/en/StructureDefinition-f675b1e8-9f3f-44e8-bb59-9681f78eb464.profile.json.html     (00:00.002 / 02:14.757, 727Mb)
Check /work/output/en/StructureDefinition-f675b1e8-9f3f-44e8-bb59-9681f78eb464.profile.xml.html      (00:00.037 / 02:14.794, 989Mb)
Check /work/output/en/StructureDefinition-f675b1e8-9f3f-44e8-bb59-9681f78eb464.xml                   (00:00.049 / 02:14.844, 423Mb)
Check /work/output/en/ValueSet-2.16.840.1.113883.3.1937.777.24.11.30--20210323234509-testing.html    (00:00.000 / 02:14.845, 423Mb)
Check /work/output/en/ValueSet-2.16.840.1.113883.3.1937.777.24.11.30--20210323234509.change.history.html (00:00.002 / 02:14.847, 429Mb)
Check /work/output/en/ValueSet-2.16.840.1.113883.3.1937.777.24.11.30--20210323234509.html            (00:00.002 / 02:14.849, 435Mb)
Check /work/output/en/ValueSet-2.16.840.1.113883.3.1937.777.24.11.30--20210323234509.json            (00:00.003 / 02:14.852, 445Mb)
Check /work/output/en/ValueSet-2.16.840.1.113883.3.1937.777.24.11.30--20210323234509.json.html       (00:00.000 / 02:14.853, 445Mb)
Check /work/output/en/ValueSet-2.16.840.1.113883.3.1937.777.24.11.30--20210323234509.md              (00:00.003 / 02:14.857, 463Mb)
Check /work/output/en/ValueSet-2.16.840.1.113883.3.1937.777.24.11.30--20210323234509.xml             (00:00.000 / 02:14.857, 463Mb)
Check /work/output/en/ValueSet-2.16.840.1.113883.3.1937.777.24.11.30--20210323234509.xml.html        (00:00.000 / 02:14.858, 463Mb)
Check /work/output/en/ValueSet-2.16.840.1.113883.3.1937.777.24.11.36--20230331232804-testing.html    (00:00.004 / 02:14.862, 477Mb)
Check /work/output/en/ValueSet-2.16.840.1.113883.3.1937.777.24.11.36--20230331232804.change.history.html (00:00.002 / 02:14.864, 481Mb)
Check /work/output/en/ValueSet-2.16.840.1.113883.3.1937.777.24.11.36--20230331232804.html            (00:00.001 / 02:14.866, 487Mb)
Check /work/output/en/ValueSet-2.16.840.1.113883.3.1937.777.24.11.36--20230331232804.json            (00:00.025 / 02:14.892, 557Mb)
Check /work/output/en/ValueSet-2.16.840.1.113883.3.1937.777.24.11.36--20230331232804.json.html       (00:00.000 / 02:14.892, 557Mb)
Check /work/output/en/ValueSet-2.16.840.1.113883.3.1937.777.24.11.36--20230331232804.md              (00:00.003 / 02:14.896, 571Mb)
Check /work/output/en/ValueSet-2.16.840.1.113883.3.1937.777.24.11.36--20230331232804.xml             (00:00.000 / 02:14.896, 571Mb)
Check /work/output/en/ValueSet-2.16.840.1.113883.3.1937.777.24.11.36--20230331232804.xml.html        (00:00.000 / 02:14.896, 571Mb)
Check /work/output/en/ValueSet-88464c5b-5338-4c2b-9c07-b42fef2ada64-testing.html                     (00:00.003 / 02:14.899, 581Mb)
Check /work/output/en/ValueSet-88464c5b-5338-4c2b-9c07-b42fef2ada64.change.history.html              (00:00.002 / 02:14.902, 585Mb)
.Check /work/output/en/ValueSet-88464c5b-5338-4c2b-9c07-b42fef2ada64.html                             (00:00.002 / 02:14.904, 591Mb)
Check /work/output/en/ValueSet-88464c5b-5338-4c2b-9c07-b42fef2ada64.json                             (00:00.003 / 02:14.908, 601Mb)
Check /work/output/en/ValueSet-88464c5b-5338-4c2b-9c07-b42fef2ada64.json.html                        (00:00.000 / 02:14.908, 601Mb)
Check /work/output/en/ValueSet-88464c5b-5338-4c2b-9c07-b42fef2ada64.md                               (00:00.002 / 02:14.911, 613Mb)
Check /work/output/en/ValueSet-88464c5b-5338-4c2b-9c07-b42fef2ada64.xml                              (00:00.000 / 02:14.911, 613Mb)
Check /work/output/en/ValueSet-88464c5b-5338-4c2b-9c07-b42fef2ada64.xml.html                         (00:00.000 / 02:14.912, 613Mb)
Check /work/output/en/ai.zip                                                                         (00:00.003 / 02:14.915, 623Mb)
Check /work/output/en/alert.jpg                                                                      (00:00.000 / 02:14.916, 623Mb)
Check /work/output/en/artifacts.html                                                                 (00:00.000 / 02:14.916, 623Mb)
Check /work/output/en/artifacts.md                                                                   (00:00.005 / 02:14.922, 651Mb)
Check /work/output/en/assets/css/bootstrap-fhir.css                                                  (00:00.000 / 02:14.922, 651Mb)
Check /work/output/en/assets/css/bootstrap-glyphicons.css                                            (00:00.000 / 02:14.923, 651Mb)
Check /work/output/en/assets/css/cqf.css                                                             (00:00.000 / 02:14.923, 651Mb)
Check /work/output/en/assets/css/hl7.css                                                             (00:00.000 / 02:14.924, 651Mb)
Check /work/output/en/assets/css/jquery-ui.css                                                       (00:00.000 / 02:14.924, 651Mb)
Check /work/output/en/assets/css/jquery-ui.structure.min.css                                         (00:00.000 / 02:14.924, 651Mb)
Check /work/output/en/assets/css/jquery-ui.theme.min.css                                             (00:00.000 / 02:14.925, 651Mb)
Check /work/output/en/assets/css/mii.css                                                             (00:00.000 / 02:14.925, 651Mb)
Check /work/output/en/assets/css/prism-fhirpath.css                                                  (00:00.000 / 02:14.925, 651Mb)
Check /work/output/en/assets/css/prism.css                                                           (00:00.000 / 02:14.926, 651Mb)
Check /work/output/en/assets/css/project.css                                                         (00:00.000 / 02:14.926, 651Mb)
Check /work/output/en/assets/css/pygments-manni.css                                                  (00:00.000 / 02:14.926, 651Mb)
Check /work/output/en/assets/css/xml.css                                                             (00:00.000 / 02:14.927, 651Mb)
Check /work/output/en/assets/fonts/OpenSans-CondBold-webfont.eot                                     (00:00.000 / 02:14.927, 651Mb)
Check /work/output/en/assets/fonts/OpenSans-CondBold-webfont.svg                                     (00:00.000 / 02:14.927, 651Mb)
Check /work/output/en/assets/fonts/OpenSans-CondBold-webfont.ttf                                     (00:00.009 / 02:14.937, 667Mb)
Check /work/output/en/assets/fonts/OpenSans-CondBold-webfont.woff                                    (00:00.000 / 02:14.938, 667Mb)
Check /work/output/en/assets/fonts/OpenSans-CondLight-webfont.eot                                    (00:00.000 / 02:14.938, 667Mb)
Check /work/output/en/assets/fonts/OpenSans-CondLight-webfont.svg                                    (00:00.000 / 02:14.939, 667Mb)
Check /work/output/en/assets/fonts/OpenSans-CondLight-webfont.ttf                                    (00:00.010 / 02:14.950, 687Mb)
Check /work/output/en/assets/fonts/OpenSans-CondLight-webfont.woff                                   (00:00.000 / 02:14.950, 687Mb)
Check /work/output/en/assets/fonts/glyphiconshalflings-regular.eot                                   (00:00.000 / 02:14.951, 687Mb)
Check /work/output/en/assets/fonts/glyphiconshalflings-regular.otf                                   (00:00.000 / 02:14.951, 687Mb)
Check /work/output/en/assets/fonts/glyphiconshalflings-regular.svg                                   (00:00.000 / 02:14.952, 687Mb)
Check /work/output/en/assets/fonts/glyphiconshalflings-regular.ttf                                   (00:00.004 / 02:14.956, 693Mb)
Check /work/output/en/assets/fonts/glyphiconshalflings-regular.woff                                  (00:00.000 / 02:14.957, 693Mb)
Check /work/output/en/assets/ico/favicon.png                                                         (00:00.000 / 02:14.957, 693Mb)
Check /work/output/en/assets/ico/icon-fhir-114.png                                                   (00:00.000 / 02:14.957, 693Mb)
Check /work/output/en/assets/ico/icon-fhir-144.png                                                   (00:00.000 / 02:14.958, 693Mb)
Check /work/output/en/assets/ico/icon-fhir-57.png                                                    (00:00.000 / 02:14.959, 693Mb)
Check /work/output/en/assets/ico/icon-fhir-72.png                                                    (00:00.000 / 02:14.959, 693Mb)
Check /work/output/en/assets/ico/noun_copy to clipboard_1669410.png                                  (00:00.000 / 02:14.960, 695Mb)
Check /work/output/en/assets/images/001.svg                                                          (00:00.000 / 02:14.960, 695Mb)
Check /work/output/en/assets/images/deu.svg                                                          (00:00.000 / 02:14.961, 695Mb)
Check /work/output/en/assets/images/download.png                                                     (00:00.000 / 02:14.961, 695Mb)
Check /work/output/en/assets/images/dragon.png                                                       (00:00.000 / 02:14.962, 695Mb)
Check /work/output/en/assets/images/external.png                                                     (00:00.001 / 02:14.963, 696Mb)
Check /work/output/en/assets/images/fcp-logo.png                                                     (00:00.000 / 02:14.963, 696Mb)
Check /work/output/en/assets/images/fhir-logo-www.png                                                (00:00.001 / 02:14.965, 697Mb)
Check /work/output/en/assets/images/hl7-logo-header.png                                              (00:00.000 / 02:14.965, 699Mb)
Check /work/output/en/assets/images/icon_arrow_down.png                                              (00:00.000 / 02:14.965, 699Mb)
Check /work/output/en/assets/images/icon_arrow_up.png                                                (00:00.000 / 02:14.965, 699Mb)
Check /work/output/en/assets/images/lang-ar.png                                                      (00:00.000 / 02:14.966, 699Mb)
Check /work/output/en/assets/images/lang-de.png                                                      (00:00.000 / 02:14.966, 699Mb)
Check /work/output/en/assets/images/lang-en.png                                                      (00:00.000 / 02:14.966, 699Mb)
Check /work/output/en/assets/images/lang-es.png                                                      (00:00.000 / 02:14.966, 699Mb)
Check /work/output/en/assets/images/lang-fr.png                                                      (00:00.000 / 02:14.967, 699Mb)
.Check /work/output/en/assets/images/lang-ja.png                                                      (00:00.000 / 02:14.967, 699Mb)
Check /work/output/en/assets/images/lang-kr.png                                                      (00:00.000 / 02:14.967, 699Mb)
Check /work/output/en/assets/images/lang-nl.png                                                      (00:00.000 / 02:14.967, 699Mb)
Check /work/output/en/assets/images/lang-pt.png                                                      (00:00.000 / 02:14.968, 699Mb)
Check /work/output/en/assets/images/lang-pt_BR.png                                                   (00:00.000 / 02:14.968, 699Mb)
Check /work/output/en/assets/images/lang-ru.png                                                      (00:00.000 / 02:14.968, 699Mb)
Check /work/output/en/assets/images/lang-zh-TW.png                                                   (00:00.000 / 02:14.968, 699Mb)
Check /work/output/en/assets/images/lang-zh.png                                                      (00:00.000 / 02:14.969, 699Mb)
Check /work/output/en/assets/images/link.svg                                                         (00:00.000 / 02:14.969, 699Mb)
Check /work/output/en/assets/images/logo-de.svg                                                      (00:00.000 / 02:14.969, 699Mb)
Check /work/output/en/assets/images/logo-en.svg                                                      (00:00.004 / 02:14.974, 703Mb)
Check /work/output/en/assets/images/logo_ansinew.jpg                                                 (00:00.007 / 02:14.982, 711Mb)
Check /work/output/en/assets/images/search.png                                                       (00:00.000 / 02:14.982, 711Mb)
Check /work/output/en/assets/images/stripe.png                                                       (00:00.000 / 02:14.982, 711Mb)
Check /work/output/en/assets/images/target.png                                                       (00:00.000 / 02:14.983, 711Mb)
Check /work/output/en/assets/js/anchor-hover.js                                                      (00:00.000 / 02:14.983, 711Mb)
Check /work/output/en/assets/js/anchor.min.js                                                        (00:00.000 / 02:14.983, 711Mb)
Check /work/output/en/assets/js/bootstrap.min.js                                                     (00:00.000 / 02:14.983, 711Mb)
Check /work/output/en/assets/js/clipboard-btn.js                                                     (00:00.000 / 02:14.984, 711Mb)
Check /work/output/en/assets/js/clipboard.min.js                                                     (00:00.000 / 02:14.984, 711Mb)
Check /work/output/en/assets/js/direction-management.js                                              (00:00.000 / 02:14.984, 711Mb)
Check /work/output/en/assets/js/fhir-table-scripts.js                                                (00:00.000 / 02:14.985, 711Mb)
Check /work/output/en/assets/js/fhir.js                                                              (00:00.000 / 02:14.985, 711Mb)
Check /work/output/en/assets/js/flags.js                                                             (00:00.000 / 02:14.985, 711Mb)
Check /work/output/en/assets/js/html5shiv.js                                                         (00:00.000 / 02:14.985, 711Mb)
Check /work/output/en/assets/js/jquery-3.7.0.min.map                                                 (00:00.000 / 02:14.986, 711Mb)
Check /work/output/en/assets/js/jquery-ui.min.js                                                     (00:00.000 / 02:14.986, 713Mb)
Check /work/output/en/assets/js/jquery.js                                                            (00:00.000 / 02:14.987, 713Mb)
Check /work/output/en/assets/js/lang-redirects.js                                                    (00:00.000 / 02:14.987, 713Mb)
Check /work/output/en/assets/js/mermaid-init.js                                                      (00:00.000 / 02:14.987, 713Mb)
Check /work/output/en/assets/js/mermaid.js                                                           (00:00.000 / 02:14.988, 713Mb)
Check /work/output/en/assets/js/prism-fhirpath.js                                                    (00:00.014 / 02:15.003, 737Mb)
Check /work/output/en/assets/js/prism.js                                                             (00:00.000 / 02:15.003, 737Mb)
Check /work/output/en/assets/js/readme.txt                                                           (00:00.002 / 02:15.005, 739Mb)
Check /work/output/en/assets/js/respond.min.js                                                       (00:00.000 / 02:15.006, 739Mb)
Check /work/output/en/assets/js/tabs.js                                                              (00:00.000 / 02:15.006, 739Mb)
Check /work/output/en/assets/js/topofpage.js                                                         (00:00.000 / 02:15.006, 739Mb)
Check /work/output/en/assets/js/window-hash.js                                                       (00:00.000 / 02:15.006, 739Mb)
Check /work/output/en/assets/js/xml.js                                                               (00:00.000 / 02:15.007, 739Mb)
Check /work/output/en/capability-statements.html                                                     (00:00.000 / 02:15.007, 739Mb)
Check /work/output/en/capability-statements.md                                                       (00:00.002 / 02:15.009, 747Mb)
Check /work/output/en/cc0.png                                                                        (00:00.000 / 02:15.010, 747Mb)
Check /work/output/en/changes.html                                                                   (00:00.000 / 02:15.010, 747Mb)
Check /work/output/en/changes.md                                                                     (00:00.003 / 02:15.013, 759Mb)
Check /work/output/en/conformance.html                                                               (00:00.000 / 02:15.014, 759Mb)
Check /work/output/en/conformance.md                                                                 (00:00.008 / 02:15.022, 771Mb)
Check /work/output/en/datasets-and-descriptions.html                                                 (00:00.000 / 02:15.023, 771Mb)
Check /work/output/en/datasets-and-descriptions.md                                                   (00:00.003 / 02:15.026, 777Mb)
Check /work/output/en/downloads.html                                                                 (00:00.000 / 02:15.026, 777Mb)
Check /work/output/en/downloads.md                                                                   (00:00.003 / 02:15.029, 787Mb)
Check /work/output/en/examples.html                                                                  (00:00.000 / 02:15.030, 787Mb)
Check /work/output/en/examples.md                                                                    (00:00.004 / 02:15.034, 795Mb)
Check /work/output/en/external.png                                                                   (00:00.000 / 02:15.034, 795Mb)
Check /work/output/en/fhir-table-scripts.js                                                          (00:00.000 / 02:15.034, 795Mb)
Check /work/output/en/fhir.css                                                                       (00:00.000 / 02:15.035, 795Mb)
Check /work/output/en/general-requirements.html                                                      (00:00.000 / 02:15.035, 795Mb)
Check /work/output/en/general-requirements.md                                                        (00:00.012 / 02:15.048, 819Mb)
.Check /work/output/en/guidance.html                                                                  (00:00.000 / 02:15.048, 819Mb)
Check /work/output/en/guidance.md                                                                    (00:00.003 / 02:15.052, 827Mb)
Check /work/output/en/icon-administration.png                                                        (00:00.000 / 02:15.052, 827Mb)
Check /work/output/en/icon-change-add.png                                                            (00:00.000 / 02:15.053, 827Mb)
Check /work/output/en/icon-change-edit.png                                                           (00:00.000 / 02:15.053, 827Mb)
Check /work/output/en/icon-change-remove.png                                                         (00:00.000 / 02:15.054, 827Mb)
Check /work/output/en/icon-clinical.png                                                              (00:00.000 / 02:15.054, 827Mb)
Check /work/output/en/icon-dictionary.png                                                            (00:00.000 / 02:15.055, 827Mb)
Check /work/output/en/icon-directory.gif                                                             (00:00.000 / 02:15.055, 827Mb)
Check /work/output/en/icon-documentation.png                                                         (00:00.000 / 02:15.055, 827Mb)
Check /work/output/en/icon-error.gif                                                                 (00:00.000 / 02:15.056, 829Mb)
Check /work/output/en/icon-example.png                                                               (00:00.000 / 02:15.056, 829Mb)
Check /work/output/en/icon-fhir-1024.png                                                             (00:00.000 / 02:15.057, 829Mb)
Check /work/output/en/icon-fhir-128.png                                                              (00:00.001 / 02:15.058, 829Mb)
Check /work/output/en/icon-fhir-16-grey.png                                                          (00:00.000 / 02:15.059, 829Mb)
Check /work/output/en/icon-fhir-16.png                                                               (00:00.000 / 02:15.059, 829Mb)
Check /work/output/en/icon-fhir-24.png                                                               (00:00.000 / 02:15.060, 829Mb)
Check /work/output/en/icon-fhir-32.png                                                               (00:00.000 / 02:15.060, 829Mb)
Check /work/output/en/icon-fhir-48.png                                                               (00:00.000 / 02:15.060, 829Mb)
Check /work/output/en/icon-fhir-64.png                                                               (00:00.000 / 02:15.061, 829Mb)
Check /work/output/en/icon-fhir-720.png                                                              (00:00.000 / 02:15.061, 829Mb)
Check /work/output/en/icon-implementation.png                                                        (00:00.000 / 02:15.061, 829Mb)
Check /work/output/en/icon-include.png                                                               (00:00.000 / 02:15.062, 829Mb)
Check /work/output/en/icon-infrastructure.png                                                        (00:00.000 / 02:15.062, 829Mb)
Check /work/output/en/icon-key.png                                                                   (00:00.000 / 02:15.063, 829Mb)
Check /work/output/en/icon-list.gif                                                                  (00:00.000 / 02:15.064, 829Mb)
Check /work/output/en/icon-not-selected.png                                                          (00:00.000 / 02:15.064, 829Mb)
Check /work/output/en/icon-object-box.png                                                            (00:00.000 / 02:15.064, 829Mb)
Check /work/output/en/icon-page.png                                                                  (00:00.000 / 02:15.065, 829Mb)
Check /work/output/en/icon-q-attachment.png                                                          (00:00.000 / 02:15.065, 829Mb)
Check /work/output/en/icon-q-boolean.png                                                             (00:00.000 / 02:15.065, 829Mb)
Check /work/output/en/icon-q-choice.png                                                              (00:00.000 / 02:15.065, 829Mb)
Check /work/output/en/icon-q-coding.png                                                              (00:00.000 / 02:15.066, 829Mb)
Check /work/output/en/icon-q-date.png                                                                (00:00.000 / 02:15.066, 829Mb)
Check /work/output/en/icon-q-datetime.png                                                            (00:00.000 / 02:15.066, 829Mb)
Check /work/output/en/icon-q-decimal.png                                                             (00:00.000 / 02:15.067, 829Mb)
Check /work/output/en/icon-q-display.png                                                             (00:00.000 / 02:15.067, 829Mb)
Check /work/output/en/icon-q-group.png                                                               (00:00.000 / 02:15.067, 829Mb)
Check /work/output/en/icon-q-integer.png                                                             (00:00.000 / 02:15.068, 829Mb)
Check /work/output/en/icon-q-item.png                                                                (00:00.000 / 02:15.068, 829Mb)
Check /work/output/en/icon-q-open-choice.png                                                         (00:00.000 / 02:15.068, 829Mb)
Check /work/output/en/icon-q-quantity.png                                                            (00:00.000 / 02:15.069, 829Mb)
Check /work/output/en/icon-q-reference.png                                                           (00:00.000 / 02:15.069, 829Mb)
Check /work/output/en/icon-q-string.png                                                              (00:00.000 / 02:15.069, 829Mb)
Check /work/output/en/icon-q-text.png                                                                (00:00.000 / 02:15.070, 829Mb)
Check /work/output/en/icon-q-time.png                                                                (00:00.000 / 02:15.070, 829Mb)
Check /work/output/en/icon-q-url.png                                                                 (00:00.000 / 02:15.070, 829Mb)
Check /work/output/en/icon-qi-help.png                                                               (00:00.000 / 02:15.070, 829Mb)
Check /work/output/en/icon-qi-hidden.png                                                             (00:00.000 / 02:15.071, 829Mb)
Check /work/output/en/icon-qi-horizontal.png                                                         (00:00.000 / 02:15.071, 829Mb)
Check /work/output/en/icon-qi-instructions.png                                                       (00:00.000 / 02:15.071, 829Mb)
Check /work/output/en/icon-qi-observation.png                                                        (00:00.000 / 02:15.072, 829Mb)
Check /work/output/en/icon-qi-optional.png                                                           (00:00.000 / 02:15.072, 829Mb)
Check /work/output/en/icon-qi-readonly.png                                                           (00:00.000 / 02:15.073, 829Mb)
Check /work/output/en/icon-qi-security.bmp                                                           (00:00.000 / 02:15.073, 829Mb)
Check /work/output/en/icon-qi-security.png                                                           (00:00.000 / 02:15.073, 829Mb)
Check /work/output/en/icon-qi-subject.png                                                            (00:00.000 / 02:15.074, 829Mb)
.Check /work/output/en/icon-qi-vertical.png                                                           (00:00.000 / 02:15.074, 829Mb)
Check /work/output/en/icon-resource.png                                                              (00:00.000 / 02:15.074, 829Mb)
Check /work/output/en/icon-selected.png                                                              (00:00.000 / 02:15.074, 829Mb)
Check /work/output/en/icon-toc.png                                                                   (00:00.000 / 02:15.075, 829Mb)
Check /work/output/en/icon-type-operation.png                                                        (00:00.000 / 02:15.075, 829Mb)
Check /work/output/en/icon-warning.png                                                               (00:00.000 / 02:15.075, 829Mb)
Check /work/output/en/icon_bundle.png                                                                (00:00.000 / 02:15.075, 829Mb)
Check /work/output/en/icon_choice.gif                                                                (00:00.000 / 02:15.076, 829Mb)
Check /work/output/en/icon_datatype.gif                                                              (00:00.000 / 02:15.076, 829Mb)
Check /work/output/en/icon_element.gif                                                               (00:00.000 / 02:15.076, 829Mb)
Check /work/output/en/icon_entry_blue.png                                                            (00:00.000 / 02:15.076, 831Mb)
Check /work/output/en/icon_extension.png                                                             (00:00.000 / 02:15.077, 831Mb)
Check /work/output/en/icon_extension_complex.png                                                     (00:00.000 / 02:15.077, 831Mb)
Check /work/output/en/icon_extension_simple.png                                                      (00:00.000 / 02:15.077, 831Mb)
Check /work/output/en/icon_fixed.gif                                                                 (00:00.000 / 02:15.077, 831Mb)
Check /work/output/en/icon_group.png                                                                 (00:00.000 / 02:15.078, 831Mb)
Check /work/output/en/icon_latest.png                                                                (00:00.000 / 02:15.078, 831Mb)
Check /work/output/en/icon_modifier_extension_complex.png                                            (00:00.000 / 02:15.078, 831Mb)
Check /work/output/en/icon_modifier_extension_simple.png                                             (00:00.000 / 02:15.078, 831Mb)
Check /work/output/en/icon_page-child.gif                                                            (00:00.000 / 02:15.079, 831Mb)
Check /work/output/en/icon_page.gif                                                                  (00:00.000 / 02:15.079, 831Mb)
Check /work/output/en/icon_page_n.gif                                                                (00:00.000 / 02:15.079, 831Mb)
Check /work/output/en/icon_page_n_c.gif                                                              (00:00.000 / 02:15.079, 831Mb)
Check /work/output/en/icon_page_n_i.gif                                                              (00:00.000 / 02:15.080, 831Mb)
Check /work/output/en/icon_page_n_o.gif                                                              (00:00.000 / 02:15.080, 831Mb)
Check /work/output/en/icon_page_n_p.gif                                                              (00:00.000 / 02:15.080, 831Mb)
Check /work/output/en/icon_primitive.png                                                             (00:00.000 / 02:15.080, 831Mb)
Check /work/output/en/icon_profile.png                                                               (00:00.000 / 02:15.081, 831Mb)
Check /work/output/en/icon_q_item.png                                                                (00:00.000 / 02:15.081, 831Mb)
Check /work/output/en/icon_q_root.gif                                                                (00:00.000 / 02:15.081, 831Mb)
Check /work/output/en/icon_reference.png                                                             (00:00.000 / 02:15.081, 831Mb)
Check /work/output/en/icon_resource.png                                                              (00:00.000 / 02:15.082, 831Mb)
Check /work/output/en/icon_reuse.png                                                                 (00:00.000 / 02:15.082, 831Mb)
Check /work/output/en/icon_slice.png                                                                 (00:00.000 / 02:15.082, 831Mb)
Check /work/output/en/icon_slice_item.png                                                            (00:00.000 / 02:15.082, 831Mb)
Check /work/output/en/icon_text.png                                                                  (00:00.000 / 02:15.083, 831Mb)
Check /work/output/en/icon_vd_col.png                                                                (00:00.000 / 02:15.083, 831Mb)
Check /work/output/en/icon_vd_foreach.png                                                            (00:00.000 / 02:15.083, 831Mb)
Check /work/output/en/icon_vd_select.png                                                             (00:00.000 / 02:15.083, 831Mb)
Check /work/output/en/icon_vd_union.png                                                              (00:00.000 / 02:15.084, 831Mb)
Check /work/output/en/icon_vd_view.png                                                               (00:00.000 / 02:15.084, 831Mb)
Check /work/output/en/implementer-guidance.html                                                      (00:00.000 / 02:15.084, 831Mb)
Check /work/output/en/implementer-guidance.md                                                        (00:00.002 / 02:15.087, 837Mb)
Check /work/output/en/index.html                                                                     (00:00.000 / 02:15.087, 837Mb)
Check /work/output/en/index.md                                                                       (00:00.004 / 02:15.092, 851Mb)
Check /work/output/en/information.png                                                                (00:00.000 / 02:15.092, 851Mb)
Check /work/output/en/link.svg                                                                       (00:00.000 / 02:15.092, 851Mb)
Check /work/output/en/llms.txt                                                                       (00:00.000 / 02:15.093, 851Mb)
Check /work/output/en/lock.png                                                                       (00:00.000 / 02:15.093, 851Mb)
Check /work/output/en/logical-models.html                                                            (00:00.000 / 02:15.094, 851Mb)
Check /work/output/en/logical-models.md                                                              (00:00.003 / 02:15.097, 859Mb)
Check /work/output/en/metadata.html                                                                  (00:00.000 / 02:15.098, 859Mb)
Check /work/output/en/metadata.md                                                                    (00:00.009 / 02:15.108, 897Mb)
Check /work/output/en/missing-data.html                                                              (00:00.001 / 02:15.109, 897Mb)
Check /work/output/en/missing-data.md                                                                (00:00.009 / 02:15.118, 913Mb)
Check /work/output/en/modifier.png                                                                   (00:00.000 / 02:15.119, 913Mb)
Check /work/output/en/must-support.html                                                              (00:00.000 / 02:15.120, 913Mb)
.Check /work/output/en/must-support.md                                                                (00:00.007 / 02:15.127, 933Mb)
Check /work/output/en/mustsupport.png                                                                (00:00.000 / 02:15.127, 933Mb)
Check /work/output/en/new.png                                                                        (00:00.000 / 02:15.128, 933Mb)
Check /work/output/en/prism.css                                                                      (00:00.000 / 02:15.129, 933Mb)
Check /work/output/en/prism.js                                                                       (00:00.000 / 02:15.130, 933Mb)
Check /work/output/en/profiles-and-extensions.html                                                   (00:00.003 / 02:15.133, 936Mb)
Check /work/output/en/profiles-and-extensions.md                                                     (00:00.004 / 02:15.137, 943Mb)
Check /work/output/en/researcher-guidance.html                                                       (00:00.000 / 02:15.138, 943Mb)
Check /work/output/en/researcher-guidance.md                                                         (00:00.002 / 02:15.140, 951Mb)
Check /work/output/en/search-parameters-and-operations.html                                          (00:00.000 / 02:15.141, 951Mb)
Check /work/output/en/search-parameters-and-operations.md                                            (00:00.002 / 02:15.143, 957Mb)
Check /work/output/en/searchform.html                                                                (00:00.000 / 02:15.144, 957Mb)
Check /work/output/en/security-and-privacy.html                                                      (00:00.001 / 02:15.145, 959Mb)
Check /work/output/en/security-and-privacy.md                                                        (00:00.003 / 02:15.148, 967Mb)
Check /work/output/en/summary.png                                                                    (00:00.000 / 02:15.149, 967Mb)
Check /work/output/en/target.png                                                                     (00:00.000 / 02:15.150, 967Mb)
Check /work/output/en/tbl-closed.png                                                                 (00:00.000 / 02:15.150, 967Mb)
Check /work/output/en/tbl-open.png                                                                   (00:00.000 / 02:15.151, 967Mb)
Check /work/output/en/tbl_bck0.png                                                                   (00:00.000 / 02:15.151, 967Mb)
Check /work/output/en/tbl_bck00.png                                                                  (00:00.000 / 02:15.152, 967Mb)
Check /work/output/en/tbl_bck000.png                                                                 (00:00.000 / 02:15.152, 967Mb)
Check /work/output/en/tbl_bck0000.png                                                                (00:00.000 / 02:15.152, 967Mb)
Check /work/output/en/tbl_bck00000.png                                                               (00:00.000 / 02:15.153, 967Mb)
Check /work/output/en/tbl_bck000000.png                                                              (00:00.000 / 02:15.153, 967Mb)
Check /work/output/en/tbl_bck0000000.png                                                             (00:00.000 / 02:15.153, 967Mb)
Check /work/output/en/tbl_bck000001.png                                                              (00:00.000 / 02:15.154, 967Mb)
Check /work/output/en/tbl_bck0000010.png                                                             (00:00.000 / 02:15.154, 967Mb)
Check /work/output/en/tbl_bck00001.png                                                               (00:00.000 / 02:15.154, 967Mb)
Check /work/output/en/tbl_bck000010.png                                                              (00:00.000 / 02:15.155, 967Mb)
Check /work/output/en/tbl_bck0000100.png                                                             (00:00.000 / 02:15.155, 967Mb)
Check /work/output/en/tbl_bck000010000.png                                                           (00:00.000 / 02:15.155, 967Mb)
Check /work/output/en/tbl_bck00001001.png                                                            (00:00.000 / 02:15.155, 967Mb)
Check /work/output/en/tbl_bck000010010.png                                                           (00:00.000 / 02:15.156, 967Mb)
Check /work/output/en/tbl_bck0000101.png                                                             (00:00.000 / 02:15.156, 967Mb)
Check /work/output/en/tbl_bck00001010.png                                                            (00:00.000 / 02:15.156, 967Mb)
Check /work/output/en/tbl_bck000011.png                                                              (00:00.000 / 02:15.157, 967Mb)
Check /work/output/en/tbl_bck0000110.png                                                             (00:00.000 / 02:15.157, 967Mb)
Check /work/output/en/tbl_bck00001100.png                                                            (00:00.000 / 02:15.157, 967Mb)
Check /work/output/en/tbl_bck0000111.png                                                             (00:00.000 / 02:15.158, 967Mb)
Check /work/output/en/tbl_bck00001110.png                                                            (00:00.000 / 02:15.158, 967Mb)
Check /work/output/en/tbl_bck000011100.png                                                           (00:00.000 / 02:15.158, 967Mb)
Check /work/output/en/tbl_bck0000111000.png                                                          (00:00.000 / 02:15.158, 967Mb)
Check /work/output/en/tbl_bck00001110000.png                                                         (00:00.000 / 02:15.159, 967Mb)
Check /work/output/en/tbl_bck0000111001.png                                                          (00:00.000 / 02:15.159, 967Mb)
Check /work/output/en/tbl_bck00001110010.png                                                         (00:00.000 / 02:15.159, 967Mb)
Check /work/output/en/tbl_bck000011101.png                                                           (00:00.000 / 02:15.159, 967Mb)
Check /work/output/en/tbl_bck0000111010.png                                                          (00:00.000 / 02:15.160, 967Mb)
Check /work/output/en/tbl_bck00001110100.png                                                         (00:00.000 / 02:15.160, 967Mb)
Check /work/output/en/tbl_bck0000111011.png                                                          (00:00.000 / 02:15.160, 967Mb)
Check /work/output/en/tbl_bck00001110110.png                                                         (00:00.000 / 02:15.161, 967Mb)
Check /work/output/en/tbl_bck00001111.png                                                            (00:00.000 / 02:15.161, 967Mb)
Check /work/output/en/tbl_bck000011110.png                                                           (00:00.000 / 02:15.161, 967Mb)
Check /work/output/en/tbl_bck0000111100.png                                                          (00:00.000 / 02:15.161, 967Mb)
Check /work/output/en/tbl_bck000011110000.png                                                        (00:00.000 / 02:15.162, 967Mb)
Check /work/output/en/tbl_bck00001111001.png                                                         (00:00.000 / 02:15.162, 967Mb)
Check /work/output/en/tbl_bck000011110010.png                                                        (00:00.000 / 02:15.162, 967Mb)
Check /work/output/en/tbl_bck0000111101.png                                                          (00:00.000 / 02:15.163, 967Mb)
.Check /work/output/en/tbl_bck00001111010.png                                                         (00:00.000 / 02:15.163, 969Mb)
Check /work/output/en/tbl_bck000011111.png                                                           (00:00.000 / 02:15.163, 969Mb)
Check /work/output/en/tbl_bck0000111110.png                                                          (00:00.000 / 02:15.164, 969Mb)
Check /work/output/en/tbl_bck00001111100.png                                                         (00:00.000 / 02:15.164, 969Mb)
Check /work/output/en/tbl_bck000011111000.png                                                        (00:00.000 / 02:15.164, 969Mb)
Check /work/output/en/tbl_bck00001111101.png                                                         (00:00.000 / 02:15.164, 969Mb)
Check /work/output/en/tbl_bck000011111010.png                                                        (00:00.000 / 02:15.165, 969Mb)
Check /work/output/en/tbl_bck0000111110100.png                                                       (00:00.000 / 02:15.165, 969Mb)
Check /work/output/en/tbl_bck000011111011.png                                                        (00:00.000 / 02:15.165, 969Mb)
Check /work/output/en/tbl_bck0000111110110.png                                                       (00:00.000 / 02:15.166, 969Mb)
Check /work/output/en/tbl_bck0000111111.png                                                          (00:00.000 / 02:15.166, 969Mb)
Check /work/output/en/tbl_bck00001111110.png                                                         (00:00.000 / 02:15.166, 969Mb)
Check /work/output/en/tbl_bck000011111100.png                                                        (00:00.000 / 02:15.166, 969Mb)
Check /work/output/en/tbl_bck00001111111.png                                                         (00:00.000 / 02:15.167, 969Mb)
Check /work/output/en/tbl_bck000011111110.png                                                        (00:00.000 / 02:15.167, 969Mb)
Check /work/output/en/tbl_bck0001.png                                                                (00:00.000 / 02:15.167, 969Mb)
Check /work/output/en/tbl_bck00010.png                                                               (00:00.000 / 02:15.167, 969Mb)
Check /work/output/en/tbl_bck000100.png                                                              (00:00.000 / 02:15.167, 969Mb)
Check /work/output/en/tbl_bck00011.png                                                               (00:00.000 / 02:15.168, 969Mb)
Check /work/output/en/tbl_bck000110.png                                                              (00:00.000 / 02:15.168, 969Mb)
Check /work/output/en/tbl_bck001.png                                                                 (00:00.000 / 02:15.168, 969Mb)
Check /work/output/en/tbl_bck0010.png                                                                (00:00.000 / 02:15.169, 969Mb)
Check /work/output/en/tbl_bck00100.png                                                               (00:00.000 / 02:15.169, 969Mb)
Check /work/output/en/tbl_bck001000.png                                                              (00:00.000 / 02:15.169, 969Mb)
Check /work/output/en/tbl_bck0010000.png                                                             (00:00.000 / 02:15.170, 969Mb)
Check /work/output/en/tbl_bck001001.png                                                              (00:00.000 / 02:15.170, 969Mb)
Check /work/output/en/tbl_bck0010010.png                                                             (00:00.000 / 02:15.170, 969Mb)
Check /work/output/en/tbl_bck00101.png                                                               (00:00.000 / 02:15.170, 969Mb)
Check /work/output/en/tbl_bck001010.png                                                              (00:00.000 / 02:15.171, 969Mb)
Check /work/output/en/tbl_bck0011.png                                                                (00:00.000 / 02:15.171, 969Mb)
Check /work/output/en/tbl_bck00110.png                                                               (00:00.000 / 02:15.171, 969Mb)
Check /work/output/en/tbl_bck01.png                                                                  (00:00.000 / 02:15.171, 969Mb)
Check /work/output/en/tbl_bck010.png                                                                 (00:00.000 / 02:15.172, 969Mb)
Check /work/output/en/tbl_bck0100.png                                                                (00:00.000 / 02:15.172, 969Mb)
Check /work/output/en/tbl_bck01000.png                                                               (00:00.000 / 02:15.172, 969Mb)
Check /work/output/en/tbl_bck0101.png                                                                (00:00.000 / 02:15.172, 969Mb)
Check /work/output/en/tbl_bck01010.png                                                               (00:00.000 / 02:15.173, 969Mb)
Check /work/output/en/tbl_bck010100.png                                                              (00:00.000 / 02:15.173, 969Mb)
Check /work/output/en/tbl_bck01011.png                                                               (00:00.000 / 02:15.173, 969Mb)
Check /work/output/en/tbl_bck010110.png                                                              (00:00.000 / 02:15.173, 969Mb)
Check /work/output/en/tbl_bck011.png                                                                 (00:00.000 / 02:15.174, 969Mb)
Check /work/output/en/tbl_bck0110.png                                                                (00:00.000 / 02:15.174, 969Mb)
Check /work/output/en/tbl_bck01100.png                                                               (00:00.000 / 02:15.174, 969Mb)
Check /work/output/en/tbl_bck011000.png                                                              (00:00.000 / 02:15.175, 969Mb)
Check /work/output/en/tbl_bck0110000.png                                                             (00:00.000 / 02:15.175, 969Mb)
Check /work/output/en/tbl_bck011001.png                                                              (00:00.000 / 02:15.175, 969Mb)
Check /work/output/en/tbl_bck0110010.png                                                             (00:00.000 / 02:15.175, 969Mb)
Check /work/output/en/tbl_bck01101.png                                                               (00:00.000 / 02:15.176, 969Mb)
Check /work/output/en/tbl_bck011010.png                                                              (00:00.000 / 02:15.176, 969Mb)
Check /work/output/en/tbl_bck0110100.png                                                             (00:00.000 / 02:15.176, 969Mb)
Check /work/output/en/tbl_bck011011.png                                                              (00:00.000 / 02:15.176, 969Mb)
Check /work/output/en/tbl_bck0110110.png                                                             (00:00.000 / 02:15.177, 969Mb)
Check /work/output/en/tbl_bck01101100.png                                                            (00:00.000 / 02:15.177, 969Mb)
Check /work/output/en/tbl_bck0110111.png                                                             (00:00.000 / 02:15.177, 969Mb)
Check /work/output/en/tbl_bck01101110.png                                                            (00:00.000 / 02:15.177, 969Mb)
Check /work/output/en/tbl_bck0111.png                                                                (00:00.000 / 02:15.178, 969Mb)
Check /work/output/en/tbl_bck01110.png                                                               (00:00.000 / 02:15.178, 969Mb)
.Check /work/output/en/tbl_bck011100.png                                                              (00:00.000 / 02:15.179, 969Mb)
Check /work/output/en/tbl_bck01111.png                                                               (00:00.000 / 02:15.179, 969Mb)
Check /work/output/en/tbl_bck011110.png                                                              (00:00.000 / 02:15.180, 969Mb)
Check /work/output/en/tbl_bck0111100.png                                                             (00:00.000 / 02:15.180, 969Mb)
Check /work/output/en/tbl_bck011110000.png                                                           (00:00.000 / 02:15.181, 969Mb)
Check /work/output/en/tbl_bck01111001.png                                                            (00:00.000 / 02:15.181, 969Mb)
Check /work/output/en/tbl_bck011110010.png                                                           (00:00.000 / 02:15.181, 969Mb)
Check /work/output/en/tbl_bck0111101.png                                                             (00:00.000 / 02:15.182, 969Mb)
Check /work/output/en/tbl_bck01111010.png                                                            (00:00.000 / 02:15.182, 969Mb)
Check /work/output/en/tbl_bck011111.png                                                              (00:00.000 / 02:15.183, 969Mb)
Check /work/output/en/tbl_bck0111110.png                                                             (00:00.000 / 02:15.183, 969Mb)
Check /work/output/en/tbl_bck012.png                                                                 (00:00.000 / 02:15.184, 969Mb)
Check /work/output/en/tbl_bck0240.png                                                                (00:00.000 / 02:15.184, 969Mb)
Check /work/output/en/tbl_bck02400.png                                                               (00:00.000 / 02:15.184, 969Mb)
Check /work/output/en/tbl_bck0241.png                                                                (00:00.000 / 02:15.185, 969Mb)
Check /work/output/en/tbl_bck02410.png                                                               (00:00.000 / 02:15.185, 969Mb)
Check /work/output/en/tbl_bck025.png                                                                 (00:00.000 / 02:15.186, 969Mb)
Check /work/output/en/tbl_bck0250.png                                                                (00:00.000 / 02:15.186, 969Mb)
Check /work/output/en/tbl_bck02500.png                                                               (00:00.000 / 02:15.187, 969Mb)
Check /work/output/en/tbl_bck025000.png                                                              (00:00.000 / 02:15.187, 969Mb)
Check /work/output/en/tbl_bck02501.png                                                               (00:00.000 / 02:15.188, 969Mb)
Check /work/output/en/tbl_bck025010.png                                                              (00:00.000 / 02:15.188, 969Mb)
Check /work/output/en/tbl_bck0250240.png                                                             (00:00.000 / 02:15.188, 969Mb)
Check /work/output/en/tbl_bck025025.png                                                              (00:00.000 / 02:15.189, 969Mb)
Check /work/output/en/tbl_bck0250250.png                                                             (00:00.000 / 02:15.189, 969Mb)
Check /work/output/en/tbl_bck02503.png                                                               (00:00.000 / 02:15.189, 969Mb)
Check /work/output/en/tbl_bck0251.png                                                                (00:00.000 / 02:15.190, 969Mb)
Check /work/output/en/tbl_bck02510.png                                                               (00:00.000 / 02:15.190, 969Mb)
Check /work/output/en/tbl_bck02512.png                                                               (00:00.000 / 02:15.190, 969Mb)
Check /work/output/en/tbl_bck0251240.png                                                             (00:00.000 / 02:15.191, 969Mb)
Check /work/output/en/tbl_bck025125.png                                                              (00:00.000 / 02:15.191, 969Mb)
Check /work/output/en/tbl_bck0251250.png                                                             (00:00.000 / 02:15.191, 969Mb)
Check /work/output/en/tbl_bck0251252.png                                                             (00:00.000 / 02:15.191, 969Mb)
Check /work/output/en/tbl_bck02513.png                                                               (00:00.000 / 02:15.192, 969Mb)
Check /work/output/en/tbl_bck03.png                                                                  (00:00.000 / 02:15.192, 969Mb)
Check /work/output/en/tbl_bck0320.png                                                                (00:00.000 / 02:15.192, 969Mb)
Check /work/output/en/tbl_bck033.png                                                                 (00:00.000 / 02:15.193, 969Mb)
Check /work/output/en/tbl_bck0330.png                                                                (00:00.000 / 02:15.193, 969Mb)
Check /work/output/en/tbl_bck03300.png                                                               (00:00.000 / 02:15.193, 969Mb)
Check /work/output/en/tbl_bck0331.png                                                                (00:00.000 / 02:15.194, 969Mb)
Check /work/output/en/tbl_bck03310.png                                                               (00:00.000 / 02:15.194, 969Mb)
Check /work/output/en/tbl_bck0340.png                                                                (00:00.000 / 02:15.194, 969Mb)
Check /work/output/en/tbl_bck03400.png                                                               (00:00.000 / 02:15.195, 969Mb)
Check /work/output/en/tbl_bck0341.png                                                                (00:00.000 / 02:15.195, 969Mb)
Check /work/output/en/tbl_bck03410.png                                                               (00:00.000 / 02:15.195, 969Mb)
Check /work/output/en/tbl_bck035.png                                                                 (00:00.000 / 02:15.195, 969Mb)
Check /work/output/en/tbl_bck0350.png                                                                (00:00.000 / 02:15.196, 969Mb)
Check /work/output/en/tbl_bck03500.png                                                               (00:00.000 / 02:15.196, 969Mb)
Check /work/output/en/tbl_bck0350240.png                                                             (00:00.000 / 02:15.197, 969Mb)
Check /work/output/en/tbl_bck035025.png                                                              (00:00.000 / 02:15.197, 969Mb)
Check /work/output/en/tbl_bck0350250.png                                                             (00:00.000 / 02:15.197, 969Mb)
Check /work/output/en/tbl_bck03503.png                                                               (00:00.000 / 02:15.197, 969Mb)
Check /work/output/en/tbl_bck0351.png                                                                (00:00.000 / 02:15.198, 969Mb)
Check /work/output/en/tbl_bck03510.png                                                               (00:00.000 / 02:15.198, 969Mb)
Check /work/output/en/tbl_bck03512.png                                                               (00:00.000 / 02:15.198, 969Mb)
Check /work/output/en/tbl_bck0351240.png                                                             (00:00.000 / 02:15.198, 969Mb)
Check /work/output/en/tbl_bck035125.png                                                              (00:00.000 / 02:15.199, 969Mb)
.Check /work/output/en/tbl_bck0351250.png                                                             (00:00.000 / 02:15.199, 969Mb)
Check /work/output/en/tbl_bck0351252.png                                                             (00:00.000 / 02:15.199, 969Mb)
Check /work/output/en/tbl_bck03513.png                                                               (00:00.000 / 02:15.200, 969Mb)
Check /work/output/en/tbl_bck04.png                                                                  (00:00.000 / 02:15.200, 969Mb)
Check /work/output/en/tbl_bck040.png                                                                 (00:00.000 / 02:15.200, 969Mb)
Check /work/output/en/tbl_bck0400.png                                                                (00:00.000 / 02:15.201, 969Mb)
Check /work/output/en/tbl_bck041.png                                                                 (00:00.000 / 02:15.201, 969Mb)
Check /work/output/en/tbl_bck0410.png                                                                (00:00.000 / 02:15.202, 969Mb)
Check /work/output/en/tbl_bck05.png                                                                  (00:00.000 / 02:15.202, 969Mb)
Check /work/output/en/tbl_bck050.png                                                                 (00:00.000 / 02:15.202, 969Mb)
Check /work/output/en/tbl_bck0500.png                                                                (00:00.000 / 02:15.203, 969Mb)
Check /work/output/en/tbl_bck05040.png                                                               (00:00.000 / 02:15.203, 969Mb)
Check /work/output/en/tbl_bck0505.png                                                                (00:00.000 / 02:15.203, 969Mb)
Check /work/output/en/tbl_bck05050.png                                                               (00:00.000 / 02:15.203, 969Mb)
Check /work/output/en/tbl_bck051.png                                                                 (00:00.000 / 02:15.204, 969Mb)
Check /work/output/en/tbl_bck0510.png                                                                (00:00.000 / 02:15.204, 969Mb)
Check /work/output/en/tbl_bck0512.png                                                                (00:00.000 / 02:15.204, 969Mb)
Check /work/output/en/tbl_bck05140.png                                                               (00:00.000 / 02:15.205, 969Mb)
Check /work/output/en/tbl_bck0515.png                                                                (00:00.000 / 02:15.205, 969Mb)
Check /work/output/en/tbl_bck05150.png                                                               (00:00.000 / 02:15.205, 969Mb)
Check /work/output/en/tbl_bck05152.png                                                               (00:00.000 / 02:15.205, 969Mb)
Check /work/output/en/tbl_bck1.png                                                                   (00:00.000 / 02:15.206, 969Mb)
Check /work/output/en/tbl_bck10.png                                                                  (00:00.000 / 02:15.206, 969Mb)
Check /work/output/en/tbl_bck100.png                                                                 (00:00.000 / 02:15.206, 969Mb)
Check /work/output/en/tbl_bck1000.png                                                                (00:00.000 / 02:15.206, 969Mb)
Check /work/output/en/tbl_bck10000.png                                                               (00:00.000 / 02:15.207, 969Mb)
Check /work/output/en/tbl_bck100000.png                                                              (00:00.000 / 02:15.207, 969Mb)
Check /work/output/en/tbl_bck10001.png                                                               (00:00.000 / 02:15.207, 969Mb)
Check /work/output/en/tbl_bck100010.png                                                              (00:00.000 / 02:15.207, 969Mb)
Check /work/output/en/tbl_bck1001.png                                                                (00:00.000 / 02:15.207, 969Mb)
Check /work/output/en/tbl_bck10010.png                                                               (00:00.000 / 02:15.208, 969Mb)
Check /work/output/en/tbl_bck100100.png                                                              (00:00.000 / 02:15.208, 969Mb)
Check /work/output/en/tbl_bck1001000.png                                                             (00:00.000 / 02:15.208, 969Mb)
Check /work/output/en/tbl_bck10010000.png                                                            (00:00.000 / 02:15.209, 969Mb)
Check /work/output/en/tbl_bck1001001.png                                                             (00:00.000 / 02:15.209, 969Mb)
Check /work/output/en/tbl_bck10010010.png                                                            (00:00.000 / 02:15.209, 969Mb)
Check /work/output/en/tbl_bck100101.png                                                              (00:00.000 / 02:15.210, 969Mb)
Check /work/output/en/tbl_bck1001010.png                                                             (00:00.000 / 02:15.210, 969Mb)
Check /work/output/en/tbl_bck10011.png                                                               (00:00.000 / 02:15.210, 969Mb)
Check /work/output/en/tbl_bck100110.png                                                              (00:00.000 / 02:15.210, 969Mb)
Check /work/output/en/tbl_bck101.png                                                                 (00:00.000 / 02:15.211, 969Mb)
Check /work/output/en/tbl_bck1010.png                                                                (00:00.000 / 02:15.211, 969Mb)
Check /work/output/en/tbl_bck10100.png                                                               (00:00.000 / 02:15.211, 969Mb)
Check /work/output/en/tbl_bck101000.png                                                              (00:00.000 / 02:15.211, 969Mb)
Check /work/output/en/tbl_bck10101.png                                                               (00:00.000 / 02:15.212, 969Mb)
Check /work/output/en/tbl_bck101010.png                                                              (00:00.000 / 02:15.212, 969Mb)
Check /work/output/en/tbl_bck1011.png                                                                (00:00.000 / 02:15.212, 969Mb)
Check /work/output/en/tbl_bck10110.png                                                               (00:00.000 / 02:15.212, 969Mb)
Check /work/output/en/tbl_bck101100.png                                                              (00:00.000 / 02:15.213, 969Mb)
Check /work/output/en/tbl_bck1011000.png                                                             (00:00.000 / 02:15.213, 969Mb)
Check /work/output/en/tbl_bck10110000.png                                                            (00:00.000 / 02:15.213, 969Mb)
Check /work/output/en/tbl_bck1011001.png                                                             (00:00.000 / 02:15.214, 969Mb)
Check /work/output/en/tbl_bck10110010.png                                                            (00:00.000 / 02:15.214, 969Mb)
Check /work/output/en/tbl_bck101101.png                                                              (00:00.000 / 02:15.214, 969Mb)
Check /work/output/en/tbl_bck1011010.png                                                             (00:00.000 / 02:15.215, 969Mb)
Check /work/output/en/tbl_bck10111.png                                                               (00:00.000 / 02:15.215, 969Mb)
Check /work/output/en/tbl_bck101110.png                                                              (00:00.000 / 02:15.215, 969Mb)
.Check /work/output/en/tbl_bck1011100.png                                                             (00:00.000 / 02:15.215, 969Mb)
Check /work/output/en/tbl_bck101111.png                                                              (00:00.000 / 02:15.216, 969Mb)
Check /work/output/en/tbl_bck1011110.png                                                             (00:00.000 / 02:15.216, 969Mb)
Check /work/output/en/tbl_bck10240.png                                                               (00:00.000 / 02:15.216, 969Mb)
Check /work/output/en/tbl_bck1025.png                                                                (00:00.000 / 02:15.217, 969Mb)
Check /work/output/en/tbl_bck10250.png                                                               (00:00.000 / 02:15.217, 969Mb)
Check /work/output/en/tbl_bck103.png                                                                 (00:00.000 / 02:15.217, 969Mb)
Check /work/output/en/tbl_bck1040.png                                                                (00:00.000 / 02:15.218, 969Mb)
Check /work/output/en/tbl_bck105.png                                                                 (00:00.000 / 02:15.218, 969Mb)
Check /work/output/en/tbl_bck1050.png                                                                (00:00.000 / 02:15.218, 969Mb)
Check /work/output/en/tbl_bck11.png                                                                  (00:00.000 / 02:15.219, 969Mb)
Check /work/output/en/tbl_bck110.png                                                                 (00:00.000 / 02:15.219, 969Mb)
Check /work/output/en/tbl_bck1100.png                                                                (00:00.000 / 02:15.219, 969Mb)
Check /work/output/en/tbl_bck11000.png                                                               (00:00.000 / 02:15.219, 969Mb)
Check /work/output/en/tbl_bck110000.png                                                              (00:00.000 / 02:15.220, 969Mb)
Check /work/output/en/tbl_bck11001.png                                                               (00:00.000 / 02:15.220, 969Mb)
Check /work/output/en/tbl_bck110010.png                                                              (00:00.000 / 02:15.221, 969Mb)
Check /work/output/en/tbl_bck1101.png                                                                (00:00.000 / 02:15.221, 969Mb)
Check /work/output/en/tbl_bck11010.png                                                               (00:00.000 / 02:15.221, 969Mb)
Check /work/output/en/tbl_bck110100.png                                                              (00:00.000 / 02:15.221, 969Mb)
Check /work/output/en/tbl_bck11011.png                                                               (00:00.000 / 02:15.222, 969Mb)
Check /work/output/en/tbl_bck110110.png                                                              (00:00.000 / 02:15.222, 969Mb)
Check /work/output/en/tbl_bck111.png                                                                 (00:00.000 / 02:15.222, 969Mb)
Check /work/output/en/tbl_bck1110.png                                                                (00:00.000 / 02:15.223, 969Mb)
Check /work/output/en/tbl_bck11100.png                                                               (00:00.000 / 02:15.223, 969Mb)
Check /work/output/en/tbl_bck111000.png                                                              (00:00.000 / 02:15.223, 969Mb)
Check /work/output/en/tbl_bck11101.png                                                               (00:00.000 / 02:15.223, 969Mb)
Check /work/output/en/tbl_bck111010.png                                                              (00:00.000 / 02:15.223, 969Mb)
Check /work/output/en/tbl_bck1111.png                                                                (00:00.000 / 02:15.224, 969Mb)
Check /work/output/en/tbl_bck11110.png                                                               (00:00.000 / 02:15.224, 969Mb)
Check /work/output/en/tbl_bck111100.png                                                              (00:00.000 / 02:15.224, 969Mb)
Check /work/output/en/tbl_bck1111000.png                                                             (00:00.000 / 02:15.224, 969Mb)
Check /work/output/en/tbl_bck111101.png                                                              (00:00.000 / 02:15.225, 969Mb)
Check /work/output/en/tbl_bck1111010.png                                                             (00:00.000 / 02:15.225, 969Mb)
Check /work/output/en/tbl_bck11111.png                                                               (00:00.000 / 02:15.225, 969Mb)
Check /work/output/en/tbl_bck111110.png                                                              (00:00.000 / 02:15.226, 969Mb)
Check /work/output/en/tbl_bck112.png                                                                 (00:00.000 / 02:15.226, 969Mb)
Check /work/output/en/tbl_bck11240.png                                                               (00:00.000 / 02:15.226, 969Mb)
Check /work/output/en/tbl_bck1125.png                                                                (00:00.000 / 02:15.226, 969Mb)
Check /work/output/en/tbl_bck11250.png                                                               (00:00.000 / 02:15.227, 969Mb)
Check /work/output/en/tbl_bck11252.png                                                               (00:00.000 / 02:15.227, 969Mb)
Check /work/output/en/tbl_bck113.png                                                                 (00:00.000 / 02:15.227, 969Mb)
Check /work/output/en/tbl_bck1140.png                                                                (00:00.000 / 02:15.227, 969Mb)
Check /work/output/en/tbl_bck115.png                                                                 (00:00.000 / 02:15.228, 969Mb)
Check /work/output/en/tbl_bck1150.png                                                                (00:00.000 / 02:15.228, 969Mb)
Check /work/output/en/tbl_bck1152.png                                                                (00:00.000 / 02:15.228, 969Mb)
Check /work/output/en/tbl_bck12.png                                                                  (00:00.000 / 02:15.228, 969Mb)
Check /work/output/en/tbl_bck120.png                                                                 (00:00.000 / 02:15.229, 969Mb)
Check /work/output/en/tbl_bck124.png                                                                 (00:00.000 / 02:15.229, 969Mb)
Check /work/output/en/tbl_bck1240.png                                                                (00:00.000 / 02:15.229, 969Mb)
Check /work/output/en/tbl_bck12400.png                                                               (00:00.000 / 02:15.230, 969Mb)
Check /work/output/en/tbl_bck1241.png                                                                (00:00.000 / 02:15.230, 969Mb)
Check /work/output/en/tbl_bck12410.png                                                               (00:00.000 / 02:15.230, 969Mb)
Check /work/output/en/tbl_bck125.png                                                                 (00:00.000 / 02:15.230, 969Mb)
Check /work/output/en/tbl_bck1250.png                                                                (00:00.000 / 02:15.231, 969Mb)
Check /work/output/en/tbl_bck12500.png                                                               (00:00.000 / 02:15.231, 969Mb)
Check /work/output/en/tbl_bck1251.png                                                                (00:00.000 / 02:15.231, 969Mb)
.Check /work/output/en/tbl_bck12510.png                                                               (00:00.000 / 02:15.231, 969Mb)
Check /work/output/en/tbl_bck125100.png                                                              (00:00.000 / 02:15.231, 969Mb)
Check /work/output/en/tbl_bck12511.png                                                               (00:00.000 / 02:15.232, 969Mb)
Check /work/output/en/tbl_bck125110.png                                                              (00:00.000 / 02:15.232, 969Mb)
Check /work/output/en/tbl_bck12512.png                                                               (00:00.000 / 02:15.232, 969Mb)
Check /work/output/en/tbl_bck1252.png                                                                (00:00.000 / 02:15.232, 969Mb)
Check /work/output/en/tbl_bck13.png                                                                  (00:00.000 / 02:15.233, 969Mb)
Check /work/output/en/tbl_bck130.png                                                                 (00:00.000 / 02:15.233, 969Mb)
Check /work/output/en/tbl_bck1320.png                                                                (00:00.000 / 02:15.233, 969Mb)
Check /work/output/en/tbl_bck133.png                                                                 (00:00.000 / 02:15.233, 969Mb)
Check /work/output/en/tbl_bck1330.png                                                                (00:00.000 / 02:15.234, 969Mb)
Check /work/output/en/tbl_bck134.png                                                                 (00:00.000 / 02:15.234, 969Mb)
Check /work/output/en/tbl_bck14.png                                                                  (00:00.000 / 02:15.234, 969Mb)
Check /work/output/en/tbl_bck140.png                                                                 (00:00.000 / 02:15.234, 969Mb)
Check /work/output/en/tbl_bck1400.png                                                                (00:00.000 / 02:15.235, 969Mb)
Check /work/output/en/tbl_bck141.png                                                                 (00:00.000 / 02:15.235, 969Mb)
Check /work/output/en/tbl_bck1410.png                                                                (00:00.000 / 02:15.235, 969Mb)
Check /work/output/en/tbl_bck1424.png                                                                (00:00.000 / 02:15.235, 969Mb)
Check /work/output/en/tbl_bck143.png                                                                 (00:00.000 / 02:15.236, 969Mb)
Check /work/output/en/tbl_bck15.png                                                                  (00:00.000 / 02:15.236, 969Mb)
Check /work/output/en/tbl_bck150.png                                                                 (00:00.000 / 02:15.236, 969Mb)
Check /work/output/en/tbl_bck1500.png                                                                (00:00.000 / 02:15.236, 969Mb)
Check /work/output/en/tbl_bck15040.png                                                               (00:00.000 / 02:15.236, 969Mb)
Check /work/output/en/tbl_bck1505.png                                                                (00:00.000 / 02:15.237, 969Mb)
Check /work/output/en/tbl_bck15050.png                                                               (00:00.000 / 02:15.237, 969Mb)
Check /work/output/en/tbl_bck151.png                                                                 (00:00.000 / 02:15.237, 969Mb)
Check /work/output/en/tbl_bck1510.png                                                                (00:00.000 / 02:15.237, 969Mb)
Check /work/output/en/tbl_bck1512.png                                                                (00:00.000 / 02:15.237, 969Mb)
Check /work/output/en/tbl_bck15140.png                                                               (00:00.000 / 02:15.238, 969Mb)
Check /work/output/en/tbl_bck1515.png                                                                (00:00.000 / 02:15.238, 969Mb)
Check /work/output/en/tbl_bck15150.png                                                               (00:00.000 / 02:15.238, 969Mb)
Check /work/output/en/tbl_bck15152.png                                                               (00:00.000 / 02:15.238, 969Mb)
Check /work/output/en/tbl_bck152.png                                                                 (00:00.000 / 02:15.238, 969Mb)
Check /work/output/en/tbl_bck1540.png                                                                (00:00.000 / 02:15.239, 969Mb)
Check /work/output/en/tbl_bck15424.png                                                               (00:00.000 / 02:15.239, 969Mb)
Check /work/output/en/tbl_bck1543.png                                                                (00:00.000 / 02:15.239, 969Mb)
Check /work/output/en/tbl_bck155.png                                                                 (00:00.000 / 02:15.239, 969Mb)
Check /work/output/en/tbl_bck1550.png                                                                (00:00.000 / 02:15.239, 969Mb)
Check /work/output/en/tbl_bck1552.png                                                                (00:00.000 / 02:15.240, 969Mb)
Check /work/output/en/tbl_blank.png                                                                  (00:00.000 / 02:15.240, 969Mb)
Check /work/output/en/tbl_spacer.png                                                                 (00:00.000 / 02:15.240, 969Mb)
Check /work/output/en/tbl_vjoin-closed.png                                                           (00:00.000 / 02:15.240, 969Mb)
Check /work/output/en/tbl_vjoin-open.png                                                             (00:00.000 / 02:15.240, 969Mb)
Check /work/output/en/tbl_vjoin.png                                                                  (00:00.000 / 02:15.241, 969Mb)
Check /work/output/en/tbl_vjoin_end-closed.png                                                       (00:00.000 / 02:15.241, 969Mb)
Check /work/output/en/tbl_vjoin_end-open.png                                                         (00:00.000 / 02:15.241, 969Mb)
Check /work/output/en/tbl_vjoin_end.png                                                              (00:00.000 / 02:15.241, 969Mb)
Check /work/output/en/tbl_vjoin_end_slice-closed.png                                                 (00:00.000 / 02:15.242, 969Mb)
Check /work/output/en/tbl_vjoin_end_slice-open.png                                                   (00:00.000 / 02:15.242, 969Mb)
Check /work/output/en/tbl_vjoin_end_slice.png                                                        (00:00.000 / 02:15.242, 969Mb)
Check /work/output/en/tbl_vjoin_end_slicer-closed.png                                                (00:00.000 / 02:15.243, 969Mb)
Check /work/output/en/tbl_vjoin_end_slicer-open.png                                                  (00:00.000 / 02:15.243, 969Mb)
Check /work/output/en/tbl_vjoin_end_slicer.png                                                       (00:00.000 / 02:15.243, 969Mb)
Check /work/output/en/tbl_vjoin_slice-closed.png                                                     (00:00.000 / 02:15.243, 969Mb)
Check /work/output/en/tbl_vjoin_slice-open.png                                                       (00:00.000 / 02:15.244, 969Mb)
Check /work/output/en/tbl_vjoin_slice.png                                                            (00:00.000 / 02:15.244, 969Mb)
Check /work/output/en/tbl_vjoin_slicer-closed.png                                                    (00:00.000 / 02:15.244, 969Mb)
.Check /work/output/en/tbl_vjoin_slicer-open.png                                                      (00:00.000 / 02:15.244, 969Mb)
Check /work/output/en/tbl_vjoin_slicer.png                                                           (00:00.000 / 02:15.244, 969Mb)
Check /work/output/en/tbl_vline.png                                                                  (00:00.000 / 02:15.245, 969Mb)
Check /work/output/en/tbl_vline_slice.png                                                            (00:00.000 / 02:15.245, 969Mb)
Check /work/output/en/tbl_vline_slicer.png                                                           (00:00.000 / 02:15.245, 969Mb)
Check /work/output/en/terminology.html                                                               (00:00.000 / 02:15.245, 969Mb)
Check /work/output/en/terminology.md                                                                 (00:00.004 / 02:15.249, 977Mb)
Check /work/output/en/toc.html                                                                       (00:00.000 / 02:15.249, 977Mb)
Check /work/output/en/translationinfo.html                                                           (00:00.006 / 02:15.256, 991Mb)
Check /work/output/en/translationinfo.md                                                             (00:00.002 / 02:15.258, 999Mb)
Check /work/output/en/tree-filter.png                                                                (00:00.000 / 02:15.259, 999Mb)
Check /work/output/en/uml-diagrams.html                                                              (00:00.000 / 02:15.259, 999Mb)
Check /work/output/en/uml-diagrams.md                                                                (00:00.003 / 02:15.262, 1005Mb)
Check /work/output/en/version-history.html                                                           (00:00.000 / 02:15.262, 1005Mb)
Check /work/output/en/version-history.md                                                             (00:00.003 / 02:15.266, 1019Mb)
Check /work/output/examples.html                                                                     (00:00.000 / 02:15.266, 1019Mb)
Check /work/output/examples.json.zip                                                                 (00:00.000 / 02:15.267, 1019Mb)
Check /work/output/examples.xml.zip                                                                  (00:00.000 / 02:15.267, 1019Mb)
Check /work/output/excels.zip                                                                        (00:00.000 / 02:15.268, 1019Mb)
Check /work/output/expansions.json                                                                   (00:00.001 / 02:15.269, 1019Mb)
Check /work/output/expansions.json.zip                                                               (00:00.002 / 02:15.272, 1021Mb)
Check /work/output/expansions.xml                                                                    (00:00.000 / 02:15.272, 1021Mb)
Check /work/output/expansions.xml.zip                                                                (00:00.002 / 02:15.275, 1023Mb)
Check /work/output/external.png                                                                      (00:00.000 / 02:15.275, 1Gb)
Check /work/output/fhir-table-scripts.js                                                             (00:00.000 / 02:15.275, 1Gb)
Check /work/output/fhir.css                                                                          (00:00.000 / 02:15.276, 1Gb)
Check /work/output/general-requirements.html                                                         (00:00.000 / 02:15.276, 1Gb)
Check /work/output/guidance.html                                                                     (00:00.000 / 02:15.277, 1Gb)
Check /work/output/icon-administration.png                                                           (00:00.000 / 02:15.277, 1Gb)
Check /work/output/icon-change-add.png                                                               (00:00.000 / 02:15.278, 1Gb)
Check /work/output/icon-change-edit.png                                                              (00:00.000 / 02:15.278, 1Gb)
Check /work/output/icon-change-remove.png                                                            (00:00.000 / 02:15.278, 1Gb)
Check /work/output/icon-clinical.png                                                                 (00:00.000 / 02:15.279, 1Gb)
Check /work/output/icon-dictionary.png                                                               (00:00.000 / 02:15.279, 1Gb)
Check /work/output/icon-directory.gif                                                                (00:00.000 / 02:15.279, 1Gb)
Check /work/output/icon-documentation.png                                                            (00:00.000 / 02:15.280, 1Gb)
Check /work/output/icon-error.gif                                                                    (00:00.000 / 02:15.280, 1Gb)
Check /work/output/icon-example.png                                                                  (00:00.000 / 02:15.280, 1Gb)
Check /work/output/icon-fhir-1024.png                                                                (00:00.000 / 02:15.281, 1Gb)
Check /work/output/icon-fhir-128.png                                                                 (00:00.001 / 02:15.282, 1Gb)
Check /work/output/icon-fhir-16-grey.png                                                             (00:00.000 / 02:15.282, 1Gb)
Check /work/output/icon-fhir-16.png                                                                  (00:00.000 / 02:15.282, 1Gb)
Check /work/output/icon-fhir-24.png                                                                  (00:00.000 / 02:15.282, 1Gb)
Check /work/output/icon-fhir-32.png                                                                  (00:00.000 / 02:15.283, 1Gb)
Check /work/output/icon-fhir-48.png                                                                  (00:00.000 / 02:15.283, 1Gb)
Check /work/output/icon-fhir-64.png                                                                  (00:00.000 / 02:15.283, 1Gb)
Check /work/output/icon-fhir-720.png                                                                 (00:00.000 / 02:15.283, 1Gb)
Check /work/output/icon-implementation.png                                                           (00:00.000 / 02:15.284, 1Gb)
Check /work/output/icon-include.png                                                                  (00:00.000 / 02:15.284, 1Gb)
Check /work/output/icon-infrastructure.png                                                           (00:00.000 / 02:15.285, 1Gb)
Check /work/output/icon-key.png                                                                      (00:00.000 / 02:15.285, 1Gb)
Check /work/output/icon-list.gif                                                                     (00:00.000 / 02:15.286, 1Gb)
Check /work/output/icon-not-selected.png                                                             (00:00.000 / 02:15.286, 1Gb)
Check /work/output/icon-object-box.png                                                               (00:00.000 / 02:15.286, 1Gb)
Check /work/output/icon-page.png                                                                     (00:00.000 / 02:15.286, 1Gb)
Check /work/output/icon-q-attachment.png                                                             (00:00.000 / 02:15.286, 1Gb)
Check /work/output/icon-q-boolean.png                                                                (00:00.000 / 02:15.287, 1Gb)
.Check /work/output/icon-q-choice.png                                                                 (00:00.000 / 02:15.287, 1Gb)
Check /work/output/icon-q-coding.png                                                                 (00:00.000 / 02:15.287, 1Gb)
Check /work/output/icon-q-date.png                                                                   (00:00.000 / 02:15.287, 1Gb)
Check /work/output/icon-q-datetime.png                                                               (00:00.000 / 02:15.288, 1Gb)
Check /work/output/icon-q-decimal.png                                                                (00:00.000 / 02:15.288, 1Gb)
Check /work/output/icon-q-display.png                                                                (00:00.000 / 02:15.288, 1Gb)
Check /work/output/icon-q-group.png                                                                  (00:00.000 / 02:15.288, 1Gb)
Check /work/output/icon-q-integer.png                                                                (00:00.000 / 02:15.288, 1Gb)
Check /work/output/icon-q-item.png                                                                   (00:00.000 / 02:15.289, 1Gb)
Check /work/output/icon-q-open-choice.png                                                            (00:00.000 / 02:15.289, 1Gb)
Check /work/output/icon-q-quantity.png                                                               (00:00.000 / 02:15.289, 1Gb)
Check /work/output/icon-q-reference.png                                                              (00:00.000 / 02:15.289, 1Gb)
Check /work/output/icon-q-string.png                                                                 (00:00.000 / 02:15.290, 1Gb)
Check /work/output/icon-q-text.png                                                                   (00:00.000 / 02:15.290, 1Gb)
Check /work/output/icon-q-time.png                                                                   (00:00.000 / 02:15.290, 1Gb)
Check /work/output/icon-q-url.png                                                                    (00:00.000 / 02:15.290, 1Gb)
Check /work/output/icon-qi-help.png                                                                  (00:00.000 / 02:15.290, 1Gb)
Check /work/output/icon-qi-hidden.png                                                                (00:00.000 / 02:15.291, 1Gb)
Check /work/output/icon-qi-horizontal.png                                                            (00:00.000 / 02:15.291, 1Gb)
Check /work/output/icon-qi-instructions.png                                                          (00:00.000 / 02:15.291, 1Gb)
Check /work/output/icon-qi-observation.png                                                           (00:00.000 / 02:15.291, 1Gb)
Check /work/output/icon-qi-optional.png                                                              (00:00.000 / 02:15.291, 1Gb)
Check /work/output/icon-qi-readonly.png                                                              (00:00.000 / 02:15.292, 1Gb)
Check /work/output/icon-qi-security.bmp                                                              (00:00.000 / 02:15.292, 1Gb)
Check /work/output/icon-qi-security.png                                                              (00:00.000 / 02:15.292, 1Gb)
Check /work/output/icon-qi-subject.png                                                               (00:00.000 / 02:15.292, 1Gb)
Check /work/output/icon-qi-vertical.png                                                              (00:00.000 / 02:15.292, 1Gb)
Check /work/output/icon-resource.png                                                                 (00:00.000 / 02:15.293, 1Gb)
Check /work/output/icon-selected.png                                                                 (00:00.000 / 02:15.293, 1Gb)
Check /work/output/icon-toc.png                                                                      (00:00.000 / 02:15.293, 1Gb)
Check /work/output/icon-type-operation.png                                                           (00:00.000 / 02:15.293, 1Gb)
Check /work/output/icon-warning.png                                                                  (00:00.000 / 02:15.293, 1Gb)
Check /work/output/icon_bundle.png                                                                   (00:00.000 / 02:15.294, 1Gb)
Check /work/output/icon_choice.gif                                                                   (00:00.000 / 02:15.294, 1Gb)
Check /work/output/icon_datatype.gif                                                                 (00:00.000 / 02:15.294, 1Gb)
Check /work/output/icon_element.gif                                                                  (00:00.000 / 02:15.294, 1Gb)
Check /work/output/icon_entry_blue.png                                                               (00:00.000 / 02:15.295, 1Gb)
Check /work/output/icon_extension.png                                                                (00:00.000 / 02:15.295, 1Gb)
Check /work/output/icon_extension_complex.png                                                        (00:00.000 / 02:15.295, 1Gb)
Check /work/output/icon_extension_simple.png                                                         (00:00.000 / 02:15.295, 1Gb)
Check /work/output/icon_fixed.gif                                                                    (00:00.000 / 02:15.295, 1Gb)
Check /work/output/icon_group.png                                                                    (00:00.000 / 02:15.296, 1Gb)
Check /work/output/icon_latest.png                                                                   (00:00.000 / 02:15.296, 1Gb)
Check /work/output/icon_modifier_extension_complex.png                                               (00:00.000 / 02:15.296, 1Gb)
Check /work/output/icon_modifier_extension_simple.png                                                (00:00.000 / 02:15.296, 1Gb)
Check /work/output/icon_page-child.gif                                                               (00:00.000 / 02:15.296, 1Gb)
Check /work/output/icon_page.gif                                                                     (00:00.000 / 02:15.297, 1Gb)
Check /work/output/icon_page_n.gif                                                                   (00:00.000 / 02:15.297, 1Gb)
Check /work/output/icon_page_n_c.gif                                                                 (00:00.000 / 02:15.297, 1Gb)
Check /work/output/icon_page_n_i.gif                                                                 (00:00.000 / 02:15.297, 1Gb)
Check /work/output/icon_page_n_o.gif                                                                 (00:00.000 / 02:15.297, 1Gb)
Check /work/output/icon_page_n_p.gif                                                                 (00:00.000 / 02:15.298, 1Gb)
Check /work/output/icon_primitive.png                                                                (00:00.000 / 02:15.298, 1Gb)
Check /work/output/icon_profile.png                                                                  (00:00.000 / 02:15.298, 1Gb)
Check /work/output/icon_q_item.png                                                                   (00:00.000 / 02:15.298, 1Gb)
Check /work/output/icon_q_root.gif                                                                   (00:00.000 / 02:15.298, 1Gb)
Check /work/output/icon_reference.png                                                                (00:00.000 / 02:15.299, 1Gb)
.Check /work/output/icon_resource.png                                                                 (00:00.000 / 02:15.299, 1Gb)
Check /work/output/icon_reuse.png                                                                    (00:00.000 / 02:15.299, 1Gb)
Check /work/output/icon_slice.png                                                                    (00:00.000 / 02:15.299, 1Gb)
Check /work/output/icon_slice_item.png                                                               (00:00.000 / 02:15.299, 1Gb)
Check /work/output/icon_text.png                                                                     (00:00.000 / 02:15.300, 1Gb)
Check /work/output/icon_vd_col.png                                                                   (00:00.000 / 02:15.300, 1Gb)
Check /work/output/icon_vd_foreach.png                                                               (00:00.000 / 02:15.300, 1Gb)
Check /work/output/icon_vd_select.png                                                                (00:00.000 / 02:15.300, 1Gb)
Check /work/output/icon_vd_union.png                                                                 (00:00.000 / 02:15.301, 1Gb)
Check /work/output/icon_vd_view.png                                                                  (00:00.000 / 02:15.301, 1Gb)
Check /work/output/implementer-guidance.html                                                         (00:00.000 / 02:15.301, 1Gb)
Check /work/output/index.html                                                                        (00:00.000 / 02:15.301, 1Gb)
Check /work/output/information.png                                                                   (00:00.000 / 02:15.302, 1Gb)
Check /work/output/link.svg                                                                          (00:00.000 / 02:15.302, 1Gb)
Check /work/output/llms.txt                                                                          (00:00.000 / 02:15.303, 1Gb)
Check /work/output/lock.png                                                                          (00:00.000 / 02:15.303, 1Gb)
Check /work/output/logical-models.html                                                               (00:00.000 / 02:15.303, 1Gb)
Check /work/output/metadata.html                                                                     (00:00.000 / 02:15.304, 1Gb)
Check /work/output/missing-data.html                                                                 (00:00.000 / 02:15.304, 1Gb)
Check /work/output/modifier.png                                                                      (00:00.000 / 02:15.305, 1Gb)
Check /work/output/must-support.html                                                                 (00:00.000 / 02:15.305, 1Gb)
Check /work/output/mustsupport.png                                                                   (00:00.000 / 02:15.305, 1Gb)
Check /work/output/new.png                                                                           (00:00.000 / 02:15.305, 1Gb)
Check /work/output/observations-summary.xlsx                                                         (00:00.000 / 02:15.306, 1Gb)
Check /work/output/package.db                                                                        (00:00.000 / 02:15.306, 1Gb)
Check /work/output/package.manifest.json                                                             (00:00.009 / 02:15.316, 1Gb)
Check /work/output/package.r4.manifest.json                                                          (00:00.000 / 02:15.316, 1Gb)
Check /work/output/package.r4.tgz                                                                    (00:00.000 / 02:15.317, 1Gb)
Check /work/output/package.r4b.manifest.json                                                         (00:00.001 / 02:15.318, 1Gb)
Check /work/output/package.r4b.tgz                                                                   (00:00.000 / 02:15.318, 1Gb)
Check /work/output/package.tgz                                                                       (00:00.001 / 02:15.319, 1Gb)
Check /work/output/prism.css                                                                         (00:00.001 / 02:15.320, 1Gb)
Check /work/output/prism.js                                                                          (00:00.000 / 02:15.320, 1Gb)
Check /work/output/profiles-and-extensions.html                                                      (00:00.002 / 02:15.323, 1Gb)
Check /work/output/researcher-guidance.html                                                          (00:00.000 / 02:15.323, 1Gb)
Check /work/output/schematrons.zip                                                                   (00:00.000 / 02:15.324, 1Gb)
Check /work/output/search-parameters-and-operations.html                                             (00:00.000 / 02:15.324, 1Gb)
Check /work/output/searchform.html                                                                   (00:00.000 / 02:15.324, 1Gb)
Check /work/output/security-and-privacy.html                                                         (00:00.001 / 02:15.326, 1Gb)
Check /work/output/sub-package-list.json                                                             (00:00.000 / 02:15.326, 1Gb)
Check /work/output/summary.png                                                                       (00:00.000 / 02:15.327, 1Gb)
Check /work/output/target.png                                                                        (00:00.000 / 02:15.327, 1Gb)
Check /work/output/tbl-closed.png                                                                    (00:00.000 / 02:15.327, 1Gb)
Check /work/output/tbl-open.png                                                                      (00:00.000 / 02:15.327, 1Gb)
Check /work/output/tbl_bck0.png                                                                      (00:00.000 / 02:15.327, 1Gb)
Check /work/output/tbl_bck00.png                                                                     (00:00.000 / 02:15.328, 1Gb)
Check /work/output/tbl_bck000.png                                                                    (00:00.000 / 02:15.328, 1Gb)
Check /work/output/tbl_bck0000.png                                                                   (00:00.000 / 02:15.328, 1Gb)
Check /work/output/tbl_bck00000.png                                                                  (00:00.000 / 02:15.328, 1Gb)
Check /work/output/tbl_bck000000.png                                                                 (00:00.000 / 02:15.328, 1Gb)
Check /work/output/tbl_bck0000000.png                                                                (00:00.000 / 02:15.329, 1Gb)
Check /work/output/tbl_bck000001.png                                                                 (00:00.000 / 02:15.329, 1Gb)
Check /work/output/tbl_bck0000010.png                                                                (00:00.000 / 02:15.329, 1Gb)
Check /work/output/tbl_bck00001.png                                                                  (00:00.000 / 02:15.329, 1Gb)
Check /work/output/tbl_bck000010.png                                                                 (00:00.000 / 02:15.329, 1Gb)
Check /work/output/tbl_bck0000100.png                                                                (00:00.000 / 02:15.330, 1Gb)
Check /work/output/tbl_bck000010000.png                                                              (00:00.000 / 02:15.330, 1Gb)
.Check /work/output/tbl_bck00001001.png                                                               (00:00.000 / 02:15.330, 1Gb)
Check /work/output/tbl_bck000010010.png                                                              (00:00.000 / 02:15.330, 1Gb)
Check /work/output/tbl_bck0000101.png                                                                (00:00.000 / 02:15.330, 1Gb)
Check /work/output/tbl_bck00001010.png                                                               (00:00.000 / 02:15.331, 1Gb)
Check /work/output/tbl_bck000011.png                                                                 (00:00.000 / 02:15.331, 1Gb)
Check /work/output/tbl_bck0000110.png                                                                (00:00.000 / 02:15.331, 1Gb)
Check /work/output/tbl_bck00001100.png                                                               (00:00.000 / 02:15.331, 1Gb)
Check /work/output/tbl_bck0000111.png                                                                (00:00.000 / 02:15.331, 1Gb)
Check /work/output/tbl_bck00001110.png                                                               (00:00.000 / 02:15.332, 1Gb)
Check /work/output/tbl_bck000011100.png                                                              (00:00.000 / 02:15.332, 1Gb)
Check /work/output/tbl_bck0000111000.png                                                             (00:00.000 / 02:15.332, 1Gb)
Check /work/output/tbl_bck00001110000.png                                                            (00:00.000 / 02:15.332, 1Gb)
Check /work/output/tbl_bck0000111001.png                                                             (00:00.000 / 02:15.333, 1Gb)
Check /work/output/tbl_bck00001110010.png                                                            (00:00.000 / 02:15.333, 1Gb)
Check /work/output/tbl_bck000011101.png                                                              (00:00.000 / 02:15.333, 1Gb)
Check /work/output/tbl_bck0000111010.png                                                             (00:00.000 / 02:15.333, 1Gb)
Check /work/output/tbl_bck00001110100.png                                                            (00:00.000 / 02:15.334, 1Gb)
Check /work/output/tbl_bck0000111011.png                                                             (00:00.000 / 02:15.334, 1Gb)
Check /work/output/tbl_bck00001110110.png                                                            (00:00.000 / 02:15.334, 1Gb)
Check /work/output/tbl_bck00001111.png                                                               (00:00.000 / 02:15.335, 1Gb)
Check /work/output/tbl_bck000011110.png                                                              (00:00.000 / 02:15.335, 1Gb)
Check /work/output/tbl_bck0000111100.png                                                             (00:00.000 / 02:15.335, 1Gb)
Check /work/output/tbl_bck000011110000.png                                                           (00:00.000 / 02:15.336, 1Gb)
Check /work/output/tbl_bck00001111001.png                                                            (00:00.000 / 02:15.336, 1Gb)
Check /work/output/tbl_bck000011110010.png                                                           (00:00.000 / 02:15.336, 1Gb)
Check /work/output/tbl_bck0000111101.png                                                             (00:00.000 / 02:15.336, 1Gb)
Check /work/output/tbl_bck00001111010.png                                                            (00:00.000 / 02:15.337, 1Gb)
Check /work/output/tbl_bck000011111.png                                                              (00:00.000 / 02:15.337, 1Gb)
Check /work/output/tbl_bck0000111110.png                                                             (00:00.000 / 02:15.337, 1Gb)
Check /work/output/tbl_bck00001111100.png                                                            (00:00.000 / 02:15.337, 1Gb)
Check /work/output/tbl_bck000011111000.png                                                           (00:00.000 / 02:15.338, 1Gb)
Check /work/output/tbl_bck00001111101.png                                                            (00:00.000 / 02:15.338, 1Gb)
Check /work/output/tbl_bck000011111010.png                                                           (00:00.000 / 02:15.338, 1Gb)
Check /work/output/tbl_bck0000111110100.png                                                          (00:00.000 / 02:15.338, 1Gb)
Check /work/output/tbl_bck000011111011.png                                                           (00:00.000 / 02:15.339, 1Gb)
Check /work/output/tbl_bck0000111110110.png                                                          (00:00.000 / 02:15.339, 1Gb)
Check /work/output/tbl_bck0000111111.png                                                             (00:00.000 / 02:15.339, 1Gb)
Check /work/output/tbl_bck00001111110.png                                                            (00:00.000 / 02:15.339, 1Gb)
Check /work/output/tbl_bck000011111100.png                                                           (00:00.000 / 02:15.340, 1Gb)
Check /work/output/tbl_bck00001111111.png                                                            (00:00.000 / 02:15.340, 1Gb)
Check /work/output/tbl_bck000011111110.png                                                           (00:00.000 / 02:15.340, 1Gb)
Check /work/output/tbl_bck0001.png                                                                   (00:00.000 / 02:15.340, 1Gb)
Check /work/output/tbl_bck00010.png                                                                  (00:00.000 / 02:15.340, 1Gb)
Check /work/output/tbl_bck000100.png                                                                 (00:00.000 / 02:15.341, 1Gb)
Check /work/output/tbl_bck00011.png                                                                  (00:00.000 / 02:15.341, 1Gb)
Check /work/output/tbl_bck000110.png                                                                 (00:00.000 / 02:15.341, 1Gb)
Check /work/output/tbl_bck001.png                                                                    (00:00.000 / 02:15.341, 1Gb)
Check /work/output/tbl_bck0010.png                                                                   (00:00.000 / 02:15.342, 1Gb)
Check /work/output/tbl_bck00100.png                                                                  (00:00.000 / 02:15.342, 1Gb)
Check /work/output/tbl_bck001000.png                                                                 (00:00.000 / 02:15.342, 1Gb)
Check /work/output/tbl_bck0010000.png                                                                (00:00.000 / 02:15.342, 1Gb)
Check /work/output/tbl_bck001001.png                                                                 (00:00.000 / 02:15.342, 1Gb)
Check /work/output/tbl_bck0010010.png                                                                (00:00.000 / 02:15.343, 1Gb)
Check /work/output/tbl_bck00101.png                                                                  (00:00.000 / 02:15.343, 1Gb)
Check /work/output/tbl_bck001010.png                                                                 (00:00.000 / 02:15.343, 1Gb)
Check /work/output/tbl_bck0011.png                                                                   (00:00.000 / 02:15.343, 1Gb)
Check /work/output/tbl_bck00110.png                                                                  (00:00.000 / 02:15.344, 1Gb)
.Check /work/output/tbl_bck001100.png                                                                 (00:00.000 / 02:15.344, 1Gb)
Check /work/output/tbl_bck00111.png                                                                  (00:00.000 / 02:15.344, 1Gb)
Check /work/output/tbl_bck001110.png                                                                 (00:00.000 / 02:15.344, 1Gb)
Check /work/output/tbl_bck001112.png                                                                 (00:00.000 / 02:15.345, 1Gb)
Check /work/output/tbl_bck00112.png                                                                  (00:00.000 / 02:15.345, 1Gb)
Check /work/output/tbl_bck01.png                                                                     (00:00.000 / 02:15.345, 1Gb)
Check /work/output/tbl_bck010.png                                                                    (00:00.000 / 02:15.345, 1Gb)
Check /work/output/tbl_bck0100.png                                                                   (00:00.000 / 02:15.346, 1Gb)
Check /work/output/tbl_bck01000.png                                                                  (00:00.000 / 02:15.346, 1Gb)
Check /work/output/tbl_bck0101.png                                                                   (00:00.000 / 02:15.346, 1Gb)
Check /work/output/tbl_bck01010.png                                                                  (00:00.000 / 02:15.346, 1Gb)
Check /work/output/tbl_bck010100.png                                                                 (00:00.000 / 02:15.347, 1Gb)
Check /work/output/tbl_bck01011.png                                                                  (00:00.000 / 02:15.347, 1Gb)
Check /work/output/tbl_bck010110.png                                                                 (00:00.000 / 02:15.347, 1Gb)
Check /work/output/tbl_bck011.png                                                                    (00:00.000 / 02:15.347, 1Gb)
Check /work/output/tbl_bck0110.png                                                                   (00:00.000 / 02:15.347, 1Gb)
Check /work/output/tbl_bck01100.png                                                                  (00:00.000 / 02:15.348, 1Gb)
Check /work/output/tbl_bck011000.png                                                                 (00:00.000 / 02:15.348, 1Gb)
Check /work/output/tbl_bck0110000.png                                                                (00:00.000 / 02:15.348, 1Gb)
Check /work/output/tbl_bck011001.png                                                                 (00:00.000 / 02:15.348, 1Gb)
Check /work/output/tbl_bck0110010.png                                                                (00:00.000 / 02:15.349, 1Gb)
Check /work/output/tbl_bck01101.png                                                                  (00:00.000 / 02:15.349, 1Gb)
Check /work/output/tbl_bck011010.png                                                                 (00:00.000 / 02:15.349, 1Gb)
Check /work/output/tbl_bck0110100.png                                                                (00:00.000 / 02:15.349, 1Gb)
Check /work/output/tbl_bck011011.png                                                                 (00:00.000 / 02:15.350, 1Gb)
Check /work/output/tbl_bck0110110.png                                                                (00:00.000 / 02:15.350, 1Gb)
Check /work/output/tbl_bck01101100.png                                                               (00:00.000 / 02:15.350, 1Gb)
Check /work/output/tbl_bck0110111.png                                                                (00:00.000 / 02:15.350, 1Gb)
Check /work/output/tbl_bck01101110.png                                                               (00:00.000 / 02:15.351, 1Gb)
Check /work/output/tbl_bck0111.png                                                                   (00:00.000 / 02:15.351, 1Gb)
Check /work/output/tbl_bck01110.png                                                                  (00:00.000 / 02:15.351, 1Gb)
Check /work/output/tbl_bck011100.png                                                                 (00:00.000 / 02:15.352, 1Gb)
Check /work/output/tbl_bck01111.png                                                                  (00:00.000 / 02:15.352, 1Gb)
Check /work/output/tbl_bck011110.png                                                                 (00:00.000 / 02:15.352, 1Gb)
Check /work/output/tbl_bck0111100.png                                                                (00:00.000 / 02:15.352, 1Gb)
Check /work/output/tbl_bck011110000.png                                                              (00:00.000 / 02:15.353, 1Gb)
Check /work/output/tbl_bck01111001.png                                                               (00:00.000 / 02:15.353, 1Gb)
Check /work/output/tbl_bck011110010.png                                                              (00:00.000 / 02:15.353, 1Gb)
Check /work/output/tbl_bck0111101.png                                                                (00:00.000 / 02:15.354, 1Gb)
Check /work/output/tbl_bck01111010.png                                                               (00:00.000 / 02:15.354, 1Gb)
Check /work/output/tbl_bck011111.png                                                                 (00:00.000 / 02:15.354, 1Gb)
Check /work/output/tbl_bck0111110.png                                                                (00:00.000 / 02:15.354, 1Gb)
Check /work/output/tbl_bck0112.png                                                                   (00:00.000 / 02:15.355, 1Gb)
Check /work/output/tbl_bck012.png                                                                    (00:00.000 / 02:15.355, 1Gb)
Check /work/output/tbl_bck01240.png                                                                  (00:00.000 / 02:15.355, 1Gb)
Check /work/output/tbl_bck0125.png                                                                   (00:00.000 / 02:15.355, 1Gb)
Check /work/output/tbl_bck01250.png                                                                  (00:00.000 / 02:15.356, 1Gb)
Check /work/output/tbl_bck01252.png                                                                  (00:00.000 / 02:15.356, 1Gb)
Check /work/output/tbl_bck013.png                                                                    (00:00.000 / 02:15.356, 1Gb)
Check /work/output/tbl_bck0140.png                                                                   (00:00.000 / 02:15.357, 1Gb)
Check /work/output/tbl_bck015.png                                                                    (00:00.000 / 02:15.357, 1Gb)
Check /work/output/tbl_bck0240.png                                                                   (00:00.000 / 02:15.357, 1Gb)
Check /work/output/tbl_bck02400.png                                                                  (00:00.000 / 02:15.357, 1Gb)
Check /work/output/tbl_bck0241.png                                                                   (00:00.000 / 02:15.357, 1Gb)
Check /work/output/tbl_bck02410.png                                                                  (00:00.000 / 02:15.358, 1Gb)
Check /work/output/tbl_bck025.png                                                                    (00:00.000 / 02:15.358, 1Gb)
Check /work/output/tbl_bck0250.png                                                                   (00:00.000 / 02:15.358, 1Gb)
.Check /work/output/tbl_bck02500.png                                                                  (00:00.000 / 02:15.358, 1Gb)
Check /work/output/tbl_bck025000.png                                                                 (00:00.000 / 02:15.359, 1Gb)
Check /work/output/tbl_bck02501.png                                                                  (00:00.000 / 02:15.359, 1Gb)
Check /work/output/tbl_bck025010.png                                                                 (00:00.000 / 02:15.359, 1Gb)
Check /work/output/tbl_bck0250240.png                                                                (00:00.000 / 02:15.359, 1Gb)
Check /work/output/tbl_bck025025.png                                                                 (00:00.000 / 02:15.360, 1Gb)
Check /work/output/tbl_bck0250250.png                                                                (00:00.000 / 02:15.360, 1Gb)
Check /work/output/tbl_bck02503.png                                                                  (00:00.000 / 02:15.360, 1Gb)
Check /work/output/tbl_bck0251.png                                                                   (00:00.000 / 02:15.360, 1Gb)
Check /work/output/tbl_bck02510.png                                                                  (00:00.000 / 02:15.361, 1Gb)
Check /work/output/tbl_bck02512.png                                                                  (00:00.000 / 02:15.361, 1Gb)
Check /work/output/tbl_bck0251240.png                                                                (00:00.000 / 02:15.361, 1Gb)
Check /work/output/tbl_bck025125.png                                                                 (00:00.000 / 02:15.361, 1Gb)
Check /work/output/tbl_bck0251250.png                                                                (00:00.000 / 02:15.362, 1Gb)
Check /work/output/tbl_bck0251252.png                                                                (00:00.000 / 02:15.362, 1Gb)
Check /work/output/tbl_bck02513.png                                                                  (00:00.000 / 02:15.362, 1Gb)
Check /work/output/tbl_bck03.png                                                                     (00:00.000 / 02:15.362, 1Gb)
Check /work/output/tbl_bck0320.png                                                                   (00:00.000 / 02:15.363, 1Gb)
Check /work/output/tbl_bck033.png                                                                    (00:00.000 / 02:15.363, 1Gb)
Check /work/output/tbl_bck0330.png                                                                   (00:00.000 / 02:15.363, 1Gb)
Check /work/output/tbl_bck03300.png                                                                  (00:00.000 / 02:15.363, 1Gb)
Check /work/output/tbl_bck0331.png                                                                   (00:00.000 / 02:15.363, 1Gb)
Check /work/output/tbl_bck03310.png                                                                  (00:00.000 / 02:15.364, 1Gb)
Check /work/output/tbl_bck0340.png                                                                   (00:00.000 / 02:15.364, 1Gb)
Check /work/output/tbl_bck03400.png                                                                  (00:00.000 / 02:15.364, 1Gb)
Check /work/output/tbl_bck0341.png                                                                   (00:00.000 / 02:15.364, 1Gb)
Check /work/output/tbl_bck03410.png                                                                  (00:00.000 / 02:15.365, 1Gb)
Check /work/output/tbl_bck035.png                                                                    (00:00.000 / 02:15.365, 1Gb)
Check /work/output/tbl_bck0350.png                                                                   (00:00.000 / 02:15.365, 1Gb)
Check /work/output/tbl_bck03500.png                                                                  (00:00.000 / 02:15.365, 1Gb)
Check /work/output/tbl_bck0350240.png                                                                (00:00.000 / 02:15.366, 1Gb)
Check /work/output/tbl_bck035025.png                                                                 (00:00.000 / 02:15.366, 1Gb)
Check /work/output/tbl_bck0350250.png                                                                (00:00.000 / 02:15.366, 1Gb)
Check /work/output/tbl_bck03503.png                                                                  (00:00.000 / 02:15.366, 1Gb)
Check /work/output/tbl_bck0351.png                                                                   (00:00.000 / 02:15.367, 1Gb)
Check /work/output/tbl_bck03510.png                                                                  (00:00.000 / 02:15.367, 1Gb)
Check /work/output/tbl_bck03512.png                                                                  (00:00.000 / 02:15.367, 1Gb)
Check /work/output/tbl_bck0351240.png                                                                (00:00.000 / 02:15.367, 1Gb)
Check /work/output/tbl_bck035125.png                                                                 (00:00.000 / 02:15.367, 1Gb)
Check /work/output/tbl_bck0351250.png                                                                (00:00.000 / 02:15.368, 1Gb)
Check /work/output/tbl_bck0351252.png                                                                (00:00.000 / 02:15.368, 1Gb)
Check /work/output/tbl_bck03513.png                                                                  (00:00.000 / 02:15.368, 1Gb)
Check /work/output/tbl_bck04.png                                                                     (00:00.000 / 02:15.368, 1Gb)
Check /work/output/tbl_bck040.png                                                                    (00:00.000 / 02:15.368, 1Gb)
Check /work/output/tbl_bck0400.png                                                                   (00:00.000 / 02:15.369, 1Gb)
Check /work/output/tbl_bck041.png                                                                    (00:00.000 / 02:15.369, 1Gb)
Check /work/output/tbl_bck0410.png                                                                   (00:00.000 / 02:15.369, 1Gb)
Check /work/output/tbl_bck05.png                                                                     (00:00.000 / 02:15.369, 1Gb)
Check /work/output/tbl_bck050.png                                                                    (00:00.000 / 02:15.370, 1Gb)
Check /work/output/tbl_bck0500.png                                                                   (00:00.000 / 02:15.370, 1Gb)
Check /work/output/tbl_bck05040.png                                                                  (00:00.000 / 02:15.370, 1Gb)
Check /work/output/tbl_bck0505.png                                                                   (00:00.000 / 02:15.370, 1Gb)
Check /work/output/tbl_bck05050.png                                                                  (00:00.000 / 02:15.371, 1Gb)
Check /work/output/tbl_bck051.png                                                                    (00:00.000 / 02:15.371, 1Gb)
Check /work/output/tbl_bck0510.png                                                                   (00:00.000 / 02:15.371, 1Gb)
Check /work/output/tbl_bck0512.png                                                                   (00:00.000 / 02:15.371, 1Gb)
Check /work/output/tbl_bck05140.png                                                                  (00:00.000 / 02:15.371, 1Gb)
.Check /work/output/tbl_bck0515.png                                                                   (00:00.000 / 02:15.372, 1Gb)
Check /work/output/tbl_bck05150.png                                                                  (00:00.000 / 02:15.372, 1Gb)
Check /work/output/tbl_bck05152.png                                                                  (00:00.000 / 02:15.372, 1Gb)
Check /work/output/tbl_bck1.png                                                                      (00:00.000 / 02:15.372, 1Gb)
Check /work/output/tbl_bck10.png                                                                     (00:00.000 / 02:15.373, 1Gb)
Check /work/output/tbl_bck100.png                                                                    (00:00.000 / 02:15.373, 1Gb)
Check /work/output/tbl_bck1000.png                                                                   (00:00.000 / 02:15.373, 1Gb)
Check /work/output/tbl_bck10000.png                                                                  (00:00.000 / 02:15.373, 1Gb)
Check /work/output/tbl_bck100000.png                                                                 (00:00.000 / 02:15.374, 1Gb)
Check /work/output/tbl_bck10001.png                                                                  (00:00.000 / 02:15.374, 1Gb)
Check /work/output/tbl_bck100010.png                                                                 (00:00.000 / 02:15.374, 1Gb)
Check /work/output/tbl_bck1001.png                                                                   (00:00.000 / 02:15.374, 1Gb)
Check /work/output/tbl_bck10010.png                                                                  (00:00.000 / 02:15.375, 1Gb)
Check /work/output/tbl_bck100100.png                                                                 (00:00.000 / 02:15.375, 1Gb)
Check /work/output/tbl_bck1001000.png                                                                (00:00.000 / 02:15.375, 1Gb)
Check /work/output/tbl_bck10010000.png                                                               (00:00.000 / 02:15.375, 1Gb)
Check /work/output/tbl_bck1001001.png                                                                (00:00.000 / 02:15.375, 1Gb)
Check /work/output/tbl_bck10010010.png                                                               (00:00.000 / 02:15.376, 1Gb)
Check /work/output/tbl_bck100101.png                                                                 (00:00.000 / 02:15.376, 1Gb)
Check /work/output/tbl_bck1001010.png                                                                (00:00.000 / 02:15.376, 1Gb)
Check /work/output/tbl_bck10011.png                                                                  (00:00.000 / 02:15.376, 1Gb)
Check /work/output/tbl_bck100110.png                                                                 (00:00.000 / 02:15.377, 1Gb)
Check /work/output/tbl_bck101.png                                                                    (00:00.000 / 02:15.377, 1Gb)
Check /work/output/tbl_bck1010.png                                                                   (00:00.000 / 02:15.377, 1Gb)
Check /work/output/tbl_bck10100.png                                                                  (00:00.000 / 02:15.377, 1Gb)
Check /work/output/tbl_bck101000.png                                                                 (00:00.000 / 02:15.378, 1Gb)
Check /work/output/tbl_bck10101.png                                                                  (00:00.000 / 02:15.378, 1Gb)
Check /work/output/tbl_bck101010.png                                                                 (00:00.000 / 02:15.378, 1Gb)
Check /work/output/tbl_bck1011.png                                                                   (00:00.000 / 02:15.379, 1Gb)
Check /work/output/tbl_bck10110.png                                                                  (00:00.000 / 02:15.379, 1Gb)
Check /work/output/tbl_bck101100.png                                                                 (00:00.000 / 02:15.379, 1Gb)
Check /work/output/tbl_bck1011000.png                                                                (00:00.000 / 02:15.379, 1Gb)
Check /work/output/tbl_bck10110000.png                                                               (00:00.000 / 02:15.380, 1Gb)
Check /work/output/tbl_bck1011001.png                                                                (00:00.000 / 02:15.380, 1Gb)
Check /work/output/tbl_bck10110010.png                                                               (00:00.000 / 02:15.380, 1Gb)
Check /work/output/tbl_bck101101.png                                                                 (00:00.000 / 02:15.381, 1Gb)
Check /work/output/tbl_bck1011010.png                                                                (00:00.000 / 02:15.381, 1Gb)
Check /work/output/tbl_bck10111.png                                                                  (00:00.000 / 02:15.381, 1Gb)
Check /work/output/tbl_bck101110.png                                                                 (00:00.000 / 02:15.381, 1Gb)
Check /work/output/tbl_bck1011100.png                                                                (00:00.000 / 02:15.382, 1Gb)
Check /work/output/tbl_bck101111.png                                                                 (00:00.000 / 02:15.382, 1Gb)
Check /work/output/tbl_bck1011110.png                                                                (00:00.000 / 02:15.382, 1Gb)
Check /work/output/tbl_bck1024.png                                                                   (00:00.000 / 02:15.382, 1Gb)
Check /work/output/tbl_bck10240.png                                                                  (00:00.000 / 02:15.383, 1Gb)
Check /work/output/tbl_bck1025.png                                                                   (00:00.000 / 02:15.383, 1Gb)
Check /work/output/tbl_bck10250.png                                                                  (00:00.000 / 02:15.383, 1Gb)
Check /work/output/tbl_bck103.png                                                                    (00:00.000 / 02:15.383, 1Gb)
Check /work/output/tbl_bck104.png                                                                    (00:00.000 / 02:15.384, 1Gb)
Check /work/output/tbl_bck1040.png                                                                   (00:00.000 / 02:15.384, 1Gb)
Check /work/output/tbl_bck105.png                                                                    (00:00.000 / 02:15.384, 1Gb)
Check /work/output/tbl_bck1050.png                                                                   (00:00.000 / 02:15.384, 1Gb)
Check /work/output/tbl_bck11.png                                                                     (00:00.000 / 02:15.385, 1Gb)
Check /work/output/tbl_bck110.png                                                                    (00:00.000 / 02:15.385, 1Gb)
Check /work/output/tbl_bck1100.png                                                                   (00:00.000 / 02:15.385, 1Gb)
Check /work/output/tbl_bck11000.png                                                                  (00:00.000 / 02:15.385, 1Gb)
Check /work/output/tbl_bck110000.png                                                                 (00:00.000 / 02:15.386, 1Gb)
Check /work/output/tbl_bck11001.png                                                                  (00:00.000 / 02:15.386, 1Gb)
.Check /work/output/tbl_bck110010.png                                                                 (00:00.000 / 02:15.386, 1Gb)
Check /work/output/tbl_bck1101.png                                                                   (00:00.000 / 02:15.386, 1Gb)
Check /work/output/tbl_bck11010.png                                                                  (00:00.000 / 02:15.387, 1Gb)
Check /work/output/tbl_bck110100.png                                                                 (00:00.000 / 02:15.387, 1Gb)
Check /work/output/tbl_bck11011.png                                                                  (00:00.000 / 02:15.387, 1Gb)
Check /work/output/tbl_bck110110.png                                                                 (00:00.000 / 02:15.387, 1Gb)
Check /work/output/tbl_bck111.png                                                                    (00:00.000 / 02:15.388, 1Gb)
Check /work/output/tbl_bck1110.png                                                                   (00:00.000 / 02:15.388, 1Gb)
Check /work/output/tbl_bck11100.png                                                                  (00:00.000 / 02:15.388, 1Gb)
Check /work/output/tbl_bck111000.png                                                                 (00:00.000 / 02:15.388, 1Gb)
Check /work/output/tbl_bck11101.png                                                                  (00:00.000 / 02:15.388, 1Gb)
Check /work/output/tbl_bck111010.png                                                                 (00:00.000 / 02:15.389, 1Gb)
Check /work/output/tbl_bck1111.png                                                                   (00:00.000 / 02:15.389, 1Gb)
Check /work/output/tbl_bck11110.png                                                                  (00:00.000 / 02:15.389, 1Gb)
Check /work/output/tbl_bck111100.png                                                                 (00:00.000 / 02:15.389, 1Gb)
Check /work/output/tbl_bck1111000.png                                                                (00:00.000 / 02:15.390, 1Gb)
Check /work/output/tbl_bck111101.png                                                                 (00:00.000 / 02:15.390, 1Gb)
Check /work/output/tbl_bck1111010.png                                                                (00:00.000 / 02:15.390, 1Gb)
Check /work/output/tbl_bck11111.png                                                                  (00:00.000 / 02:15.390, 1Gb)
Check /work/output/tbl_bck111110.png                                                                 (00:00.000 / 02:15.391, 1Gb)
Check /work/output/tbl_bck1112.png                                                                   (00:00.000 / 02:15.391, 1Gb)
Check /work/output/tbl_bck112.png                                                                    (00:00.000 / 02:15.391, 1Gb)
Check /work/output/tbl_bck1124.png                                                                   (00:00.000 / 02:15.391, 1Gb)
Check /work/output/tbl_bck11240.png                                                                  (00:00.000 / 02:15.391, 1Gb)
Check /work/output/tbl_bck1125.png                                                                   (00:00.000 / 02:15.392, 1Gb)
Check /work/output/tbl_bck11250.png                                                                  (00:00.000 / 02:15.392, 1Gb)
Check /work/output/tbl_bck11252.png                                                                  (00:00.000 / 02:15.392, 1Gb)
Check /work/output/tbl_bck113.png                                                                    (00:00.000 / 02:15.392, 1Gb)
Check /work/output/tbl_bck1140.png                                                                   (00:00.000 / 02:15.393, 1Gb)
Check /work/output/tbl_bck115.png                                                                    (00:00.000 / 02:15.393, 1Gb)
Check /work/output/tbl_bck1150.png                                                                   (00:00.000 / 02:15.393, 1Gb)
Check /work/output/tbl_bck1152.png                                                                   (00:00.000 / 02:15.393, 1Gb)
Check /work/output/tbl_bck12.png                                                                     (00:00.000 / 02:15.393, 1Gb)
Check /work/output/tbl_bck120.png                                                                    (00:00.000 / 02:15.394, 1Gb)
Check /work/output/tbl_bck124.png                                                                    (00:00.000 / 02:15.394, 1Gb)
Check /work/output/tbl_bck1240.png                                                                   (00:00.000 / 02:15.394, 1Gb)
Check /work/output/tbl_bck12400.png                                                                  (00:00.000 / 02:15.394, 1Gb)
Check /work/output/tbl_bck1241.png                                                                   (00:00.000 / 02:15.395, 1Gb)
Check /work/output/tbl_bck12410.png                                                                  (00:00.000 / 02:15.395, 1Gb)
Check /work/output/tbl_bck12424.png                                                                  (00:00.000 / 02:15.395, 1Gb)
Check /work/output/tbl_bck1243.png                                                                   (00:00.000 / 02:15.395, 1Gb)
Check /work/output/tbl_bck125.png                                                                    (00:00.000 / 02:15.395, 1Gb)
Check /work/output/tbl_bck1250.png                                                                   (00:00.000 / 02:15.396, 1Gb)
Check /work/output/tbl_bck12500.png                                                                  (00:00.000 / 02:15.396, 1Gb)
Check /work/output/tbl_bck1251.png                                                                   (00:00.000 / 02:15.396, 1Gb)
Check /work/output/tbl_bck12510.png                                                                  (00:00.000 / 02:15.396, 1Gb)
Check /work/output/tbl_bck125100.png                                                                 (00:00.000 / 02:15.397, 1Gb)
Check /work/output/tbl_bck12511.png                                                                  (00:00.000 / 02:15.397, 1Gb)
Check /work/output/tbl_bck125110.png                                                                 (00:00.000 / 02:15.397, 1Gb)
Check /work/output/tbl_bck12512.png                                                                  (00:00.000 / 02:15.397, 1Gb)
Check /work/output/tbl_bck1252.png                                                                   (00:00.000 / 02:15.398, 1Gb)
Check /work/output/tbl_bck1252400.png                                                                (00:00.000 / 02:15.398, 1Gb)
Check /work/output/tbl_bck125241.png                                                                 (00:00.000 / 02:15.398, 1Gb)
Check /work/output/tbl_bck1252410.png                                                                (00:00.000 / 02:15.398, 1Gb)
Check /work/output/tbl_bck1252412.png                                                                (00:00.000 / 02:15.399, 1Gb)
Check /work/output/tbl_bck12525.png                                                                  (00:00.000 / 02:15.399, 1Gb)
Check /work/output/tbl_bck125250.png                                                                 (00:00.000 / 02:15.399, 1Gb)
.Check /work/output/tbl_bck125252.png                                                                 (00:00.000 / 02:15.399, 1Gb)
Check /work/output/tbl_bck1253.png                                                                   (00:00.000 / 02:15.399, 1Gb)
Check /work/output/tbl_bck125340.png                                                                 (00:00.000 / 02:15.400, 1Gb)
Check /work/output/tbl_bck12535.png                                                                  (00:00.000 / 02:15.400, 1Gb)
Check /work/output/tbl_bck125350.png                                                                 (00:00.000 / 02:15.400, 1Gb)
Check /work/output/tbl_bck125352.png                                                                 (00:00.000 / 02:15.400, 1Gb)
Check /work/output/tbl_bck13.png                                                                     (00:00.000 / 02:15.401, 1Gb)
Check /work/output/tbl_bck130.png                                                                    (00:00.000 / 02:15.401, 1Gb)
Check /work/output/tbl_bck1320.png                                                                   (00:00.000 / 02:15.401, 1Gb)
Check /work/output/tbl_bck133.png                                                                    (00:00.000 / 02:15.401, 1Gb)
Check /work/output/tbl_bck1330.png                                                                   (00:00.000 / 02:15.401, 1Gb)
Check /work/output/tbl_bck134.png                                                                    (00:00.000 / 02:15.402, 1Gb)
Check /work/output/tbl_bck1340.png                                                                   (00:00.000 / 02:15.402, 1Gb)
Check /work/output/tbl_bck13400.png                                                                  (00:00.000 / 02:15.402, 1Gb)
Check /work/output/tbl_bck1341.png                                                                   (00:00.000 / 02:15.402, 1Gb)
Check /work/output/tbl_bck13410.png                                                                  (00:00.000 / 02:15.403, 1Gb)
Check /work/output/tbl_bck135.png                                                                    (00:00.000 / 02:15.403, 1Gb)
Check /work/output/tbl_bck1350.png                                                                   (00:00.000 / 02:15.403, 1Gb)
Check /work/output/tbl_bck13500.png                                                                  (00:00.000 / 02:15.403, 1Gb)
Check /work/output/tbl_bck1351.png                                                                   (00:00.000 / 02:15.404, 1Gb)
Check /work/output/tbl_bck13510.png                                                                  (00:00.000 / 02:15.404, 1Gb)
Check /work/output/tbl_bck13512.png                                                                  (00:00.000 / 02:15.404, 1Gb)
Check /work/output/tbl_bck1352.png                                                                   (00:00.000 / 02:15.404, 1Gb)
Check /work/output/tbl_bck14.png                                                                     (00:00.000 / 02:15.404, 1Gb)
Check /work/output/tbl_bck140.png                                                                    (00:00.000 / 02:15.405, 1Gb)
Check /work/output/tbl_bck1400.png                                                                   (00:00.000 / 02:15.405, 1Gb)
Check /work/output/tbl_bck141.png                                                                    (00:00.000 / 02:15.405, 1Gb)
Check /work/output/tbl_bck1410.png                                                                   (00:00.000 / 02:15.405, 1Gb)
Check /work/output/tbl_bck1424.png                                                                   (00:00.000 / 02:15.406, 1Gb)
Check /work/output/tbl_bck143.png                                                                    (00:00.000 / 02:15.406, 1Gb)
Check /work/output/tbl_bck144.png                                                                    (00:00.000 / 02:15.406, 1Gb)
Check /work/output/tbl_bck15.png                                                                     (00:00.000 / 02:15.406, 1Gb)
Check /work/output/tbl_bck150.png                                                                    (00:00.000 / 02:15.407, 1Gb)
Check /work/output/tbl_bck1500.png                                                                   (00:00.000 / 02:15.407, 1Gb)
Check /work/output/tbl_bck15040.png                                                                  (00:00.000 / 02:15.407, 1Gb)
Check /work/output/tbl_bck1505.png                                                                   (00:00.000 / 02:15.407, 1Gb)
Check /work/output/tbl_bck15050.png                                                                  (00:00.000 / 02:15.407, 1Gb)
Check /work/output/tbl_bck151.png                                                                    (00:00.000 / 02:15.408, 1Gb)
Check /work/output/tbl_bck1510.png                                                                   (00:00.000 / 02:15.408, 1Gb)
Check /work/output/tbl_bck1512.png                                                                   (00:00.000 / 02:15.408, 1Gb)
Check /work/output/tbl_bck15140.png                                                                  (00:00.000 / 02:15.408, 1Gb)
Check /work/output/tbl_bck1515.png                                                                   (00:00.000 / 02:15.409, 1Gb)
Check /work/output/tbl_bck15150.png                                                                  (00:00.000 / 02:15.409, 1Gb)
Check /work/output/tbl_bck15152.png                                                                  (00:00.000 / 02:15.409, 1Gb)
Check /work/output/tbl_bck152.png                                                                    (00:00.000 / 02:15.409, 1Gb)
Check /work/output/tbl_bck1540.png                                                                   (00:00.000 / 02:15.410, 1Gb)
Check /work/output/tbl_bck15424.png                                                                  (00:00.000 / 02:15.410, 1Gb)
Check /work/output/tbl_bck1543.png                                                                   (00:00.000 / 02:15.410, 1Gb)
Check /work/output/tbl_bck155.png                                                                    (00:00.000 / 02:15.410, 1Gb)
Check /work/output/tbl_bck1550.png                                                                   (00:00.000 / 02:15.410, 1Gb)
Check /work/output/tbl_bck1552.png                                                                   (00:00.000 / 02:15.411, 1Gb)
Check /work/output/tbl_blank.png                                                                     (00:00.000 / 02:15.411, 1Gb)
Check /work/output/tbl_spacer.png                                                                    (00:00.000 / 02:15.411, 1Gb)
Check /work/output/tbl_vjoin-closed.png                                                              (00:00.000 / 02:15.411, 1Gb)
Check /work/output/tbl_vjoin-open.png                                                                (00:00.000 / 02:15.412, 1Gb)
Check /work/output/tbl_vjoin.png                                                                     (00:00.000 / 02:15.412, 1Gb)
Check /work/output/tbl_vjoin_end-closed.png                                                          (00:00.000 / 02:15.412, 1Gb)
.Check /work/output/tbl_vjoin_end-open.png                                                            (00:00.000 / 02:15.412, 1Gb)
Check /work/output/tbl_vjoin_end.png                                                                 (00:00.000 / 02:15.413, 1Gb)
Check /work/output/tbl_vjoin_end_slice-closed.png                                                    (00:00.000 / 02:15.413, 1Gb)
Check /work/output/tbl_vjoin_end_slice-open.png                                                      (00:00.000 / 02:15.413, 1Gb)
Check /work/output/tbl_vjoin_end_slice.png                                                           (00:00.000 / 02:15.413, 1Gb)
Check /work/output/tbl_vjoin_end_slicer-closed.png                                                   (00:00.000 / 02:15.413, 1Gb)
Check /work/output/tbl_vjoin_end_slicer-open.png                                                     (00:00.000 / 02:15.414, 1Gb)
Check /work/output/tbl_vjoin_end_slicer.png                                                          (00:00.000 / 02:15.414, 1Gb)
Check /work/output/tbl_vjoin_slice-closed.png                                                        (00:00.000 / 02:15.414, 1Gb)
Check /work/output/tbl_vjoin_slice-open.png                                                          (00:00.000 / 02:15.414, 1Gb)
Check /work/output/tbl_vjoin_slice.png                                                               (00:00.000 / 02:15.415, 1Gb)
Check /work/output/tbl_vjoin_slicer-closed.png                                                       (00:00.000 / 02:15.415, 1Gb)
Check /work/output/tbl_vjoin_slicer-open.png                                                         (00:00.000 / 02:15.415, 1Gb)
Check /work/output/tbl_vjoin_slicer.png                                                              (00:00.000 / 02:15.416, 1Gb)
Check /work/output/tbl_vline.png                                                                     (00:00.000 / 02:15.416, 1Gb)
Check /work/output/tbl_vline_slice.png                                                               (00:00.000 / 02:15.416, 1Gb)
Check /work/output/tbl_vline_slicer.png                                                              (00:00.000 / 02:15.416, 1Gb)
Check /work/output/terminology.html                                                                  (00:00.000 / 02:15.416, 1Gb)
Check /work/output/toc.html                                                                          (00:00.000 / 02:15.417, 1Gb)
Check /work/output/translationinfo.html                                                              (00:00.000 / 02:15.417, 1Gb)
Check /work/output/tree-filter.png                                                                   (00:00.000 / 02:15.418, 1Gb)
Check /work/output/uml-diagrams.html                                                                 (00:00.000 / 02:15.418, 1Gb)
Check /work/output/url-literals.json                                                                 (00:00.000 / 02:15.419, 1Gb)
Check /work/output/usage-stats.json                                                                  (00:00.000 / 02:15.419, 1Gb)
Check /work/output/validator-mii-ig-consent.pack                                                     (00:00.000 / 02:15.419, 1Gb)
Check /work/output/validator.pack                                                                    (00:00.001 / 02:15.420, 1Gb)
Check /work/output/valueset-list.csv                                                                 (00:00.000 / 02:15.421, 1Gb)
Check /work/output/valueset-list.json                                                                (00:00.000 / 02:15.421, 1Gb)
Check /work/output/valueset-ref-all-list.csv                                                         (00:00.000 / 02:15.422, 1Gb)
Check /work/output/valueset-ref-all-list.json                                                        (00:00.000 / 02:15.422, 1Gb)
Check /work/output/valueset-ref-list.csv                                                             (00:00.000 / 02:15.422, 1Gb)
Check /work/output/valueset-ref-list.json                                                            (00:00.000 / 02:15.423, 1Gb)
Check /work/output/version-history.html                                                              (00:00.000 / 02:15.423, 1Gb)

Checking Other Links                                                                                 (00:00.001 / 02:15.424, 1Gb)
Sorting Conformance Clauses                                                                          (00:00.001 / 02:15.425, 1Gb)
Done checking                                                                                        (00:00.015 / 02:15.441, 1Gb)
  ... 2314 html files, 0 pages invalid xhtml (0%)                                                    (00:00.015 / 02:15.456, 1Gb)
  ... 115826 links, 4 broken links (0%)                                                              (00:00.000 / 02:15.457, 1Gb)
Generate fragment-usage-analysis.csv                                                                 (00:00.000 / 02:15.457, 1Gb)
Build final .zip                                                                                     (00:00.004 / 02:15.462, 1Gb)
Final .zip built                                                                                     (00:01.679 / 02:17.141, 1Gb)
Built. Times: loading: 00:02.698, generate: 01:49.118, narrative generation: 00:01.592, realm-rules: 00:00.001, previous-version: 00:00.005, jekyll: 00:04.865, validation: 00:21.643 (#22), template: 00:05.535 (#3) (00:03.530 / 02:20.671, 641Mb)
Generating QA                                                                                        (00:00.000 / 02:20.671, 641Mb)
Validation output in /work/output/qa.html
Errors: 84, Warnings: 157, Info: 543, Broken Links: 4     (00:00.473 / 02:21.145, 823Mb)
Finished @ 8/6/26, 10:33 AM. Max Memory Used = 2Gb. Log file saved in /tmp/fhir-ig-publisher-tmp.log (00:00.023 / 02:21.168, 825Mb)
