FHIR IG Publisher Version 2.2.11 (Git# 0ec4807574e3). Built 2026-07-15T17:53:55.408Z (21 days old)  
Detected Java version: 17.0.19 from /usr/lib/jvm/msopenjdk-current on Linux/aarch64 (64bit). 6144MB available
dir = /work, path = /usr/local/share/nvm/current/bin:/usr/local/sdkman/bin:/usr/local/sdkman/candidates/java/current/bin:/usr/local/sdkman/candidates/gradle/current/bin:/usr/local/sdkman/candidates/maven/current/bin:/usr/local/sdkman/candidates/ant/current/bin:/usr/lib/jvm/msopenjdk-current/bin:/usr/local/sbin:/usr/local/bin:/usr/sbin:/usr/bin:/sbin:/bin
Parameters: -ig ig.ini -tx n/a                                                                      
Character encoding = UTF-8 / UTF-8                                                                  
Start Clock @ Thursday, August 6, 2026 at 1:09:53 PM Coordinated Universal Time (2026-08-06T13:09:53Z)
                                                                                                    
Build FHIR IG from /work/ig.ini                                                                      (00:00.031 / 00:00.032, 26Mb)
No FHIR settings file at /root/.fhir/fhir-settings.json; using defaults (no API keys or npm path)    (00:00.001 / 00:00.033, 26Mb)
Package Cache: /root/.fhir/packages                                                                  (00:00.002 / 00:00.036, 26Mb)
Run Sushi on /work                                                                                   (00:00.012 / 00:00.048, 26Mb)
Sushi: info  Running SUSHI v3.20.0 (implements FHIR Shorthand specification v3.0.0)                  (00:00.730 / 00:00.779, 28Mb)
Sushi: info  Arguments:                                                                              (00:00.000 / 00:00.779, 28Mb)
Sushi: info    --out /work                                                                           (00:00.000 / 00:00.779, 28Mb)
Sushi: info    /work                                                                                 (00:00.000 / 00:00.780, 28Mb)
Sushi: info  Using configuration file: /work/sushi-config.yaml                                       (00:00.656 / 00:01.436, 28Mb)
Sushi: info  Importing FSH text...                                                                   (00:00.060 / 00:01.497, 28Mb)
Sushi: info  Preprocessed 32 documents with 13 aliases.                                              (00:00.222 / 00:01.720, 28Mb)
Sushi: info  Imported 9 definitions and 11 instances.                                                (00:00.015 / 00:01.736, 28Mb)
Sushi: info  Loaded virtual package sushi-r5forR4#1.0.0 with 7 resources                             (00:00.157 / 00:01.893, 28Mb)
Sushi: info  Resolved hl7.fhir.uv.tools.r4#latest to concrete version 1.1.2                          (00:00.291 / 00:02.184, 28Mb)
Sushi: info  Loaded hl7.fhir.uv.tools.r4#1.1.2 with 119 resources                                    (00:00.206 / 00:02.390, 28Mb)
Sushi: info  Resolved hl7.terminology.r4#latest to concrete version 7.3.0                            (00:00.049 / 00:02.439, 28Mb)
Sushi: info  Loaded hl7.terminology.r4#7.3.0 with 4176 resources                                     (00:03.355 / 00:05.795, 28Mb)
Sushi: info  Loaded de.einwilligungsmanagement#2.0.2-snapshots with 32 resources                     (00:00.021 / 00:05.816, 28Mb)
Sushi: info  Loaded hl7.fhir.uv.crmi#2.0.0 with 123 resources                                        (00:00.193 / 00:06.010, 28Mb)
Sushi: info  Loaded hl7.fhir.r4.core#4.0.1 with 4581 resources                                       (00:01.981 / 00:07.991, 28Mb)
Sushi: info  Resolved hl7.fhir.uv.extensions.r4#latest to concrete version 5.3.0                     (00:00.057 / 00:08.048, 28Mb)
Sushi: info  Loaded hl7.fhir.uv.extensions.r4#5.3.0 with 885 resources                               (00:00.364 / 00:08.413, 28Mb)
Sushi: info  Found 1 non-JSON / non-XML file(s) in directory: /work/input/resources. Only resource files with JSON or XML extensions are supported. To see the skipped files in the logs, use debug logging. (00:00.012 / 00:08.425, 28Mb)
Sushi: info  Loaded virtual package sushi-local#LOCAL with 1 resources                               (00:00.000 / 00:08.425, 28Mb)
Sushi: info  Converting FSH to FHIR resources...                                                     (00:00.015 / 00:08.441, 28Mb)
Sushi: info  Converted 3 FHIR StructureDefinitions.                                                  (00:00.276 / 00:08.717, 28Mb)
Sushi: warn  The name "MII CS Consent Policy" may not be suitable for machine processing applications such as code generation. Valid names start with an upper-case ASCII letter ('A'..'Z') followed by any combination of upper- or lower-case ASCII letters ('A'..'Z', and 'a'..'z'), numerals ('0'..'9') and '_', with a length limit of 255 characters. (00:00.600 / 00:09.318, 28Mb)
Sushi:   File: /work/input/fsh/codesystems/MII_CS_Consent_Policy.fsh                                 (00:00.000 / 00:09.318, 28Mb)
Sushi:   Line: 5                                                                                     (00:00.000 / 00:09.319, 28Mb)
Sushi: warn  The user-specified ^count (101) does not match the specified number of concepts (124). If this is not a "complete" CodeSystem, set the ^content property to the appropriate value; otherwise fix or remove the ^count. (00:00.920 / 00:10.239, 28Mb)
Sushi:   File: /work/input/fsh/codesystems/MII_CS_Consent_Policy.fsh                                 (00:00.001 / 00:10.240, 28Mb)
Sushi:   Line: 20                                                                                    (00:00.000 / 00:10.241, 28Mb)
Sushi: info  Converted 3 FHIR CodeSystems.                                                           (00:00.000 / 00:10.241, 28Mb)
Sushi: info  Converted 3 FHIR ValueSets.                                                             (00:00.244 / 00:10.485, 28Mb)
Sushi: warn  34150a23-b1c8-404f-874f-e042a30435d2 has an array item that is exactly the same as a required slice, but does not use the slice name in its path. This may result in unexpected items in your array. Usually you can remove this item from your FSH, since FSH instances inherit required assigned values from their profile. Alternately, you can modify your FSH to use the slice name in the item's path.  See: https://hl7.org/fhir/uv/shorthand/reference.html#sliced-array-paths (00:00.146 / 00:10.631, 28Mb)
Sushi:   Path:  Consent.category                                                                     (00:00.001 / 00:10.632, 28Mb)
Sushi:   Slice: loinc                                                                                (00:00.000 / 00:10.633, 28Mb)
Sushi:   Value: {"coding":[{"code":"57016-8","system":"http://loinc.org"}]}                          (00:00.000 / 00:10.634, 28Mb)
Sushi:   File: /work/input/fsh/instances/34150a23-b1c8-404f-874f-e042a30435d2.fsh                    (00:00.000 / 00:10.634, 28Mb)
Sushi:   Line: 1 - 76                                                                                (00:00.000 / 00:10.634, 28Mb)
Sushi: warn  5143266b-8d60-4b28-8ee9-635140ffa5bb has an array item that is exactly the same as a required slice, but does not use the slice name in its path. This may result in unexpected items in your array. Usually you can remove this item from your FSH, since FSH instances inherit required assigned values from their profile. Alternately, you can modify your FSH to use the slice name in the item's path.  See: https://hl7.org/fhir/uv/shorthand/reference.html#sliced-array-paths (00:00.279 / 00:10.914, 28Mb)
Sushi:   Path:  Consent.category                                                                     (00:00.000 / 00:10.915, 28Mb)
Sushi:   Slice: loinc                                                                                (00:00.000 / 00:10.915, 28Mb)
Sushi:   Value: {"coding":[{"code":"57016-8","system":"http://loinc.org"}]}                          (00:00.000 / 00:10.916, 28Mb)
Sushi:   File: /work/input/fsh/instances/5143266b-8d60-4b28-8ee9-635140ffa5bb.fsh                    (00:00.000 / 00:10.916, 28Mb)
Sushi:   Line: 1 - 129                                                                               (00:00.000 / 00:10.916, 28Mb)
Sushi: warn  Example-MII-Consent-ResultType-document has an array item that is exactly the same as a required slice, but does not use the slice name in its path. This may result in unexpected items in your array. Usually you can remove this item from your FSH, since FSH instances inherit required assigned values from their profile. Alternately, you can modify your FSH to use the slice name in the item's path.  See: https://hl7.org/fhir/uv/shorthand/reference.html#sliced-array-paths (00:00.196 / 00:11.113, 28Mb)
Sushi:   Path:  Consent.category                                                                     (00:00.000 / 00:11.113, 28Mb)
Sushi:   Slice: loinc                                                                                (00:00.000 / 00:11.113, 28Mb)
Sushi:   Value: {"coding":[{"code":"57016-8","system":"http://loinc.org"}]}                          (00:00.000 / 00:11.114, 28Mb)
Sushi:   File: /work/input/fsh/instances/Example-MII-Consent-ResultType-document.fsh                 (00:00.000 / 00:11.114, 28Mb)
Sushi:   Line: 1 - 53                                                                                (00:00.000 / 00:11.114, 28Mb)
Sushi: info  Converted 11 FHIR instances.                                                            (00:00.059 / 00:11.174, 28Mb)
Sushi: info  Exporting FHIR resources as JSON...                                                     (00:00.000 / 00:11.174, 28Mb)
Sushi: info  Exported 20 FHIR resources as JSON.                                                     (00:00.030 / 00:11.204, 28Mb)
Sushi: info  Assembling Implementation Guide sources...                                              (00:00.003 / 00:11.208, 28Mb)
Sushi: info  Generated ImplementationGuide-mii-ig-consent.json                                       (00:00.069 / 00:11.277, 28Mb)
Sushi: info  Assembled Implementation Guide sources; ready for IG Publisher.                         (00:00.000 / 00:11.277, 28Mb)
Sushi: info  The _build script hosted at https://github.com/HL7/ig-publisher-scripts is useful for downloading and running the IG Publisher. (00:00.004 / 00:11.282, 28Mb)
Sushi: ========================= SUSHI RESULTS ===========================                           (00:00.001 / 00:11.283, 28Mb)
Sushi: |  -------------------------------------------------------------  |                           (00:00.000 / 00:11.283, 28Mb)
Sushi: | |    Profiles   |  Extensions  |   Logicals   |   Resources   | |                           (00:00.000 / 00:11.283, 28Mb)
Sushi: | |-------------------------------------------------------------| |                           (00:00.000 / 00:11.284, 28Mb)
Sushi: | |       3       |      0       |      0       |       0       | |                           (00:00.000 / 00:11.284, 28Mb)
Sushi: |  -------------------------------------------------------------  |                           (00:00.000 / 00:11.284, 28Mb)
Sushi: |  -------------------------------------------------------------  |                           (00:00.000 / 00:11.284, 28Mb)
Sushi: | |      ValueSets     |    CodeSystems    |     Instances      | |                           (00:00.000 / 00:11.284, 28Mb)
Sushi: | |-------------------------------------------------------------| |                           (00:00.000 / 00:11.285, 28Mb)
Sushi: | |         3          |         3         |         11         | |                           (00:00.000 / 00:11.285, 28Mb)
Sushi: |  -------------------------------------------------------------  |                           (00:00.000 / 00:11.285, 28Mb)
Sushi: |                                                                 |                           (00:00.000 / 00:11.285, 28Mb)
Sushi: ===================================================================                           (00:00.000 / 00:11.288, 28Mb)
Sushi: | Don't get stuck in the doldrums.       0 Errors      5 Warnings |                           (00:00.002 / 00:11.288, 28Mb)
Sushi: ===================================================================                           (00:00.000 / 00:11.288, 28Mb)
Root directory: /work                                                                                (00:00.017 / 00:11.306, 28Mb)
Unable to load IG as an r5 IG - try R4 (property code is a class com.google.gson.JsonPrimitive looking for an object) (00:00.400 / 00:11.706, 52Mb)
Load Template from #ig-template                                                                      (00:00.393 / 00:12.099, 73Mb)
 Load Template from fhir2.base.template#0.1.0                                                        (00:00.025 / 00:12.125, 73Mb)
Scanning directory: /work/template
======================================================================
Check folders                                                                                        (00:02.966 / 00:15.092, 119Mb)
Source: /work/input/predefined-resources                                                             (00:00.000 / 00:15.092, 119Mb)
Source: /work/input/capabilities                                                                     (00:00.000 / 00:15.092, 119Mb)
Source: /work/input/examples                                                                         (00:00.000 / 00:15.093, 119Mb)
Source: /work/input/extensions                                                                       (00:00.000 / 00:15.093, 119Mb)
Source: /work/input/models                                                                           (00:00.000 / 00:15.093, 119Mb)
Source: /work/input/operations                                                                       (00:00.000 / 00:15.094, 119Mb)
Source: /work/input/profiles                                                                         (00:00.000 / 00:15.094, 119Mb)
Source: /work/input/resources                                                                        (00:00.000 / 00:15.094, 119Mb)
Source: /work/input/vocabulary                                                                       (00:00.000 / 00:15.095, 119Mb)
Source: /work/input/testing                                                                          (00:00.000 / 00:15.095, 119Mb)
Source: /work/input/history                                                                          (00:00.000 / 00:15.095, 119Mb)
Source: /work/fsh-generated/resources                                                                (00:00.000 / 00:15.096, 119Mb)
Pages: /work/input/intro-notes                                                                       (00:00.030 / 00:15.127, 125Mb)
Pages: /work/template/config                                                                         (00:00.000 / 00:15.127, 125Mb)
Pages: /work/input/images                                                                            (00:00.000 / 00:15.127, 125Mb)
Output: /work/output                                                                                 (00:00.001 / 00:15.129, 125Mb)
QA Dir: /work/temp/qa                                                                                (00:00.001 / 00:15.130, 125Mb)
Terminology Cache is at /work/input-cache/txcache. 0 files in cache                                  (00:00.003 / 00:15.134, 125Mb)
Load Terminology Cache from /work/input-cache/txcache                                                (00:00.000 / 00:15.134, 125Mb)
Core Package hl7.fhir.r4.core#4.0.1                                                                  (00:00.000 / 00:15.134, 125Mb)
Load hl7.fhir.core-4.0.1 package from /root/.fhir/packages/hl7.fhir.r4.core#4.0.1                    (00:00.080 / 00:15.215, 146Mb)
Running Terminology Log: /tmp/ohfu-fhir-ig-11755215247015767774.html
WARNING: Running without terminology server - terminology content will likely not publish correctly  (00:04.672 / 00:19.887, 369Mb)
[39mLoad Package hl7.fhir.pubpack#0.2.5
[0;39m[39mLoad Package hl7.fhir.xver-extensions#0.1.0
[0;39mLoad hl7tx (http://terminology.hl7.org) from hl7.terminology.r4#7.3.0                                (00:02.061 / 00:21.949, 415Mb)
[39mLoad Package hl7.terminology.r4#7.3.0
[0;39mLoad hl7ext (http://hl7.org/fhir/extensions) from hl7.fhir.uv.extensions.r4#5.3.0                    (00:01.385 / 00:23.335, 495Mb)
[39mLoad Package hl7.fhir.uv.extensions.r4#5.3.0
[0;39mLoad de_einwilligungsmanagement (http://fhir.org/packages/de.einwilligungsmanagement) from de.einwilligungsmanagement#2.0.2-snapshots (00:00.819 / 00:24.154, 578Mb)
[39mLoad Package de.einwilligungsmanagement#2.0.2-snapshots
[0;39mLoad hl7_fhir_uv_crmi (http://hl7.org/fhir/uv/crmi) from hl7.fhir.uv.crmi#2.0.0                      (00:00.041 / 00:24.196, 582Mb)
Load package dependency hl7.terminology.r4#7.2.0                                                     (00:00.321 / 00:24.518, 600Mb)
[39mLoad Package hl7.terminology.r4#7.2.0
[0;39m[39mLoad Package hl7.fhir.uv.crmi#2.0.0
[0;39mLoad igtools (http://hl7.org/fhir/tools) from hl7.fhir.uv.tools.r4#1.1.2                             (00:00.909 / 00:25.427, 355Mb)
[39mLoad Package hl7.fhir.uv.tools.r4#1.1.2
[0;39mLoad R5 Specials
[1;31mThe element Questionnaire.item.text.extension:renderingMarkdown.value[x]:valueMarkdown launches straight into slicing without the slicing being set up properly first
[0;39m[1;31mThe element Questionnaire.item.text.extension:renderingXhtml.value[x]:valueString launches straight into slicing without the slicing being set up properly first
[0;39m[1;31mThe slice definition for Questionnaire.item.extension:xacmlTemplate.extension has a minimum of 0 but the slices add up to a minimum of 1
[0;39m[1;31mThe element Questionnaire.item.text.extension:renderingMarkdown.value[x]:valueMarkdown launches straight into slicing without the slicing being set up properly first
[0;39m[1;31mThe element Questionnaire.item.text.extension:renderingXhtml.value[x]:valueString launches straight into slicing without the slicing being set up properly first
[0;39m[1;31mThe element Questionnaire.item.text.extension:renderingMarkdown.value[x]:valueMarkdown launches straight into slicing without the slicing being set up properly first
[0;39m[1;31mThe element Questionnaire.item.text.extension:renderingXhtml.value[x]:valueString launches straight into slicing without the slicing being set up properly first
[0;39mInitialization complete                                                                              (00:01.346 / 00:26.774, 488Mb)
Load IG                                                                                              (00:00.000 / 00:26.774, 488Mb)
Load Translations                                                                                    (00:00.003 / 00:26.778, 489Mb)
Load Content                                                                                         (00:00.000 / 00:26.778, 489Mb)
-force-language=null defaultTranslationLang=en sourceIg.language=en sourceIg.jurisdiction=DE         (00:00.028 / 00:26.807, 498Mb)
Using en as the default narrative language. (Implementation Guide param i18n-default-lang)           (00:00.000 / 00:26.807, 498Mb)
Loaded 21 files from /work/fsh-generated/resources                                                   (00:00.081 / 00:26.889, 516Mb)
Loaded 1 files from /work/input/resources                                                            (00:00.001 / 00:26.890, 518Mb)
load /work/fsh-generated/resources/CodeSystem-2.16.840.1.113883.3.1937.777.24.5.2--20210423105554.json (00:00.000 / 00:26.891, 518Mb)
load /work/fsh-generated/resources/CodeSystem-2.16.840.1.113883.3.1937.777.24.5.3--20251211153003.json (00:00.005 / 00:26.896, 518Mb)
load /work/fsh-generated/resources/CodeSystem-mii-cs-consent-version-modules.json                    (00:00.005 / 00:26.901, 520Mb)
load /work/fsh-generated/resources/Consent-34150a23-b1c8-404f-874f-e042a30435d2.json                 (00:00.002 / 00:26.904, 522Mb)
load /work/fsh-generated/resources/Consent-5143266b-8d60-4b28-8ee9-635140ffa5bb.json                 (00:00.002 / 00:26.907, 524Mb)
load /work/fsh-generated/resources/Consent-Example-MII-Consent-ResultType-document.json              (00:00.002 / 00:26.909, 524Mb)
load /work/fsh-generated/resources/DocumentReference-8a3d1799-2463-405e-b49c-6a16c8692b01.json       (00:00.001 / 00:26.911, 526Mb)
load /work/fsh-generated/resources/Provenance-55219d12-6245-4de4-8b50-ddf6f16a789b.json              (00:00.001 / 00:26.913, 526Mb)
load /work/fsh-generated/resources/SearchParameter-MII-SP-Consent-PolicyUri.json                     (00:00.000 / 00:26.914, 526Mb)
load /work/fsh-generated/resources/SearchParameter-MII-SP-Consent-ProvisionCode.json                 (00:00.000 / 00:26.914, 526Mb)
load /work/fsh-generated/resources/SearchParameter-MII-SP-Consent-ProvisionCodePeriod.json           (00:00.000 / 00:26.915, 526Mb)
load /work/fsh-generated/resources/SearchParameter-MII-SP-Consent-ProvisionCodeType.json             (00:00.000 / 00:26.916, 526Mb)
load /work/fsh-generated/resources/SearchParameter-MII-SP-Consent-ProvisionPeriod.json               (00:00.000 / 00:26.917, 526Mb)
load /work/fsh-generated/resources/SearchParameter-MII-SP-Consent-ProvisionType.json                 (00:00.001 / 00:26.918, 526Mb)
load /work/fsh-generated/resources/StructureDefinition-56375452-bfa1-4111-af7c-5b5ba9a1857c.json     (00:00.001 / 00:26.919, 528Mb)
load /work/fsh-generated/resources/StructureDefinition-e0e166b4-0f77-478d-9062-de0034d98ce0.json     (00:00.001 / 00:26.921, 528Mb)
load /work/fsh-generated/resources/StructureDefinition-f675b1e8-9f3f-44e8-bb59-9681f78eb464.json     (00:00.005 / 00:26.927, 530Mb)
load /work/fsh-generated/resources/ValueSet-2.16.840.1.113883.3.1937.777.24.11.30--20210323234509.json (00:00.001 / 00:26.928, 530Mb)
load /work/fsh-generated/resources/ValueSet-2.16.840.1.113883.3.1937.777.24.11.36--20230331232804.json (00:00.001 / 00:26.930, 530Mb)
load /work/fsh-generated/resources/ValueSet-88464c5b-5338-4c2b-9c07-b42fef2ada64.json                (00:00.001 / 00:26.931, 530Mb)
load /work/input/resources/Parameters-expansion-manifest.json                                        (00:00.001 / 00:26.933, 532Mb)
Ignoring file /work/input/translations/de/ImplementationGuide-mii-ig-consent.po - resource type 'ImplementationGuide' is not supported for translation supplements
Process Loaded Resources                                                                             (00:00.004 / 00:26.937, 532Mb)
process res: CodeSystem/2.16.840.1.113883.3.1937.777.24.5.2--20210423105554                          (00:00.000 / 00:26.937, 532Mb)
process res: CodeSystem/2.16.840.1.113883.3.1937.777.24.5.3--20251211153003                          (00:00.019 / 00:26.956, 532Mb)
process res: CodeSystem/mii-cs-consent-version-modules                                               (00:00.014 / 00:26.971, 538Mb)
process res: ValueSet/2.16.840.1.113883.3.1937.777.24.11.30--20210323234509                          (00:00.007 / 00:26.978, 542Mb)
process res: ValueSet/2.16.840.1.113883.3.1937.777.24.11.36--20230331232804                          (00:00.004 / 00:26.982, 544Mb)
process res: ValueSet/88464c5b-5338-4c2b-9c07-b42fef2ada64                                           (00:00.002 / 00:26.985, 544Mb)
process res: StructureDefinition/56375452-bfa1-4111-af7c-5b5ba9a1857c                                (00:00.001 / 00:26.986, 544Mb)
process res: StructureDefinition/e0e166b4-0f77-478d-9062-de0034d98ce0                                (00:00.002 / 00:26.989, 546Mb)
process res: StructureDefinition/f675b1e8-9f3f-44e8-bb59-9681f78eb464                                (00:00.012 / 00:27.002, 550Mb)
process res: SearchParameter/MII-SP-Consent-PolicyUri                                                (00:00.004 / 00:27.006, 550Mb)
process res: SearchParameter/MII-SP-Consent-ProvisionCode                                            (00:00.009 / 00:27.015, 550Mb)
process res: SearchParameter/MII-SP-Consent-ProvisionCodePeriod                                      (00:00.001 / 00:27.017, 552Mb)
process res: SearchParameter/MII-SP-Consent-ProvisionCodeType                                        (00:00.002 / 00:27.019, 552Mb)
process res: SearchParameter/MII-SP-Consent-ProvisionPeriod                                          (00:00.001 / 00:27.021, 552Mb)
process res: SearchParameter/MII-SP-Consent-ProvisionType                                            (00:00.001 / 00:27.022, 552Mb)
process res: ImplementationGuide/mii-ig-consent                                                      (00:00.001 / 00:27.023, 554Mb)
process res: SearchParameter/MII-SP-Consent-PolicyUri                                                (00:00.165 / 00:27.188, 714Mb)
process res: SearchParameter/MII-SP-Consent-ProvisionCode                                            (00:00.002 / 00:27.191, 714Mb)
process res: SearchParameter/MII-SP-Consent-ProvisionCodePeriod                                      (00:00.000 / 00:27.192, 714Mb)
process res: SearchParameter/MII-SP-Consent-ProvisionCodeType                                        (00:00.001 / 00:27.193, 716Mb)
process res: SearchParameter/MII-SP-Consent-ProvisionPeriod                                          (00:00.001 / 00:27.194, 716Mb)
process res: SearchParameter/MII-SP-Consent-ProvisionType                                            (00:00.000 / 00:27.195, 716Mb)
Generating Snapshots                                                                                 (00:00.002 / 00:27.197, 716Mb)
Generate Snapshots                                                                                   (00:00.000 / 00:27.198, 716Mb)
Check Snapshot for https://www.medizininformatik-initiative.de/fhir/modul-consent/StructureDefinition/mii-pr-consent-documentreference (00:00.000 / 00:27.199, 716Mb)
Generate Snapshot for https://www.medizininformatik-initiative.de/fhir/modul-consent/StructureDefinition/mii-pr-consent-documentreference (00:00.000 / 00:27.199, 716Mb)
Context.See https://www.medizininformatik-initiative.de/fhir/modul-consent/StructureDefinition/mii-pr-consent-documentreference (00:00.107 / 00:27.307, 331Mb)
Check Snapshot for https://www.medizininformatik-initiative.de/fhir/modul-consent/StructureDefinition/mii-pr-consent-einwilligung (00:00.057 / 00:27.364, 339Mb)
Generate Snapshot for https://www.medizininformatik-initiative.de/fhir/modul-consent/StructureDefinition/mii-pr-consent-einwilligung (00:00.000 / 00:27.364, 339Mb)
Context.See https://www.medizininformatik-initiative.de/fhir/modul-consent/StructureDefinition/mii-pr-consent-einwilligung (00:00.183 / 00:27.548, 379Mb)
Check Snapshot for https://www.medizininformatik-initiative.de/fhir/modul-consent/StructureDefinition/mii-pr-consent-provenance (00:00.123 / 00:27.672, 409Mb)
Generate Snapshot for https://www.medizininformatik-initiative.de/fhir/modul-consent/StructureDefinition/mii-pr-consent-provenance (00:00.000 / 00:27.672, 409Mb)
Context.See https://www.medizininformatik-initiative.de/fhir/modul-consent/StructureDefinition/mii-pr-consent-provenance (00:00.071 / 00:27.743, 423Mb)

Signing Certificate: RSA key for Subject: OU=IG Publisher, L=Ann Arbor, CN=hl7.org, O=HL7, ST=Missouri, C=us from: OU=IG Publisher, L=Ann Arbor, CN=hl7.org, O=HL7, ST=Missouri, C=us
Fetch https://www.medizininformatik-initiative.de/fhir/modul-consent/package-list.json for version check (00:00.224 / 00:27.968, 445Mb)
Loaded Files: 65                                                                                     (00:00.148 / 00:28.116, 455Mb)
  /work/fsh-generated/resources/ImplementationGuide-mii-ig-consent - 1 Resources                     (00:00.000 / 00:28.117, 455Mb)
    ImplementationGuide/mii-ig-consent                                                               (00:00.000 / 00:28.118, 455Mb)
  /work/fsh-generated/resources/CodeSystem-2.16.840.1.113883.3.1937.777.24.5.2--20210423105554 - 1 Resources (00:00.000 / 00:28.118, 455Mb)
    CodeSystem/2.16.840.1.113883.3.1937.777.24.5.2--20210423105554                                   (00:00.000 / 00:28.118, 455Mb)
  /work/fsh-generated/resources/CodeSystem-2.16.840.1.113883.3.1937.777.24.5.3--20251211153003 - 1 Resources (00:00.000 / 00:28.119, 455Mb)
    CodeSystem/2.16.840.1.113883.3.1937.777.24.5.3--20251211153003                                   (00:00.000 / 00:28.119, 455Mb)
  /work/fsh-generated/resources/CodeSystem-mii-cs-consent-version-modules - 1 Resources              (00:00.000 / 00:28.119, 455Mb)
    CodeSystem/mii-cs-consent-version-modules                                                        (00:00.000 / 00:28.119, 455Mb)
  /work/fsh-generated/resources/Consent-34150a23-b1c8-404f-874f-e042a30435d2 - 1 Resources           (00:00.000 / 00:28.119, 455Mb)
    Consent/34150a23-b1c8-404f-874f-e042a30435d2                                                     (00:00.000 / 00:28.120, 455Mb)
  /work/fsh-generated/resources/Consent-5143266b-8d60-4b28-8ee9-635140ffa5bb - 1 Resources           (00:00.000 / 00:28.120, 455Mb)
    Consent/5143266b-8d60-4b28-8ee9-635140ffa5bb                                                     (00:00.000 / 00:28.120, 455Mb)
  /work/fsh-generated/resources/Consent-Example-MII-Consent-ResultType-document - 1 Resources        (00:00.000 / 00:28.120, 455Mb)
    Consent/Example-MII-Consent-ResultType-document                                                  (00:00.000 / 00:28.120, 455Mb)
  /work/fsh-generated/resources/DocumentReference-8a3d1799-2463-405e-b49c-6a16c8692b01 - 1 Resources (00:00.000 / 00:28.121, 455Mb)
    DocumentReference/8a3d1799-2463-405e-b49c-6a16c8692b01                                           (00:00.000 / 00:28.121, 455Mb)
  /work/fsh-generated/resources/Provenance-55219d12-6245-4de4-8b50-ddf6f16a789b - 1 Resources        (00:00.000 / 00:28.121, 455Mb)
    Provenance/55219d12-6245-4de4-8b50-ddf6f16a789b                                                  (00:00.000 / 00:28.121, 455Mb)
  /work/fsh-generated/resources/SearchParameter-MII-SP-Consent-PolicyUri - 1 Resources               (00:00.000 / 00:28.121, 455Mb)
    SearchParameter/MII-SP-Consent-PolicyUri                                                         (00:00.000 / 00:28.122, 455Mb)
  /work/fsh-generated/resources/SearchParameter-MII-SP-Consent-ProvisionCode - 1 Resources           (00:00.000 / 00:28.122, 455Mb)
    SearchParameter/MII-SP-Consent-ProvisionCode                                                     (00:00.000 / 00:28.122, 455Mb)
  /work/fsh-generated/resources/SearchParameter-MII-SP-Consent-ProvisionCodePeriod - 1 Resources     (00:00.000 / 00:28.122, 455Mb)
    SearchParameter/MII-SP-Consent-ProvisionCodePeriod                                               (00:00.000 / 00:28.122, 455Mb)
  /work/fsh-generated/resources/SearchParameter-MII-SP-Consent-ProvisionCodeType - 1 Resources       (00:00.000 / 00:28.122, 455Mb)
    SearchParameter/MII-SP-Consent-ProvisionCodeType                                                 (00:00.000 / 00:28.123, 455Mb)
  /work/fsh-generated/resources/SearchParameter-MII-SP-Consent-ProvisionPeriod - 1 Resources         (00:00.000 / 00:28.123, 455Mb)
    SearchParameter/MII-SP-Consent-ProvisionPeriod                                                   (00:00.000 / 00:28.123, 455Mb)
  /work/fsh-generated/resources/SearchParameter-MII-SP-Consent-ProvisionType - 1 Resources           (00:00.000 / 00:28.123, 455Mb)
    SearchParameter/MII-SP-Consent-ProvisionType                                                     (00:00.000 / 00:28.123, 455Mb)
  /work/fsh-generated/resources/StructureDefinition-56375452-bfa1-4111-af7c-5b5ba9a1857c - 1 Resources (00:00.000 / 00:28.123, 455Mb)
    StructureDefinition/56375452-bfa1-4111-af7c-5b5ba9a1857c                                         (00:00.000 / 00:28.123, 455Mb)
  /work/fsh-generated/resources/StructureDefinition-e0e166b4-0f77-478d-9062-de0034d98ce0 - 1 Resources (00:00.000 / 00:28.124, 455Mb)
    StructureDefinition/e0e166b4-0f77-478d-9062-de0034d98ce0                                         (00:00.000 / 00:28.124, 455Mb)
  /work/fsh-generated/resources/StructureDefinition-f675b1e8-9f3f-44e8-bb59-9681f78eb464 - 1 Resources (00:00.000 / 00:28.124, 455Mb)
    StructureDefinition/f675b1e8-9f3f-44e8-bb59-9681f78eb464                                         (00:00.000 / 00:28.124, 455Mb)
  /work/fsh-generated/resources/ValueSet-2.16.840.1.113883.3.1937.777.24.11.30--20210323234509 - 1 Resources (00:00.000 / 00:28.124, 455Mb)
    ValueSet/2.16.840.1.113883.3.1937.777.24.11.30--20210323234509                                   (00:00.000 / 00:28.124, 455Mb)
  /work/fsh-generated/resources/ValueSet-2.16.840.1.113883.3.1937.777.24.11.36--20230331232804 - 1 Resources (00:00.000 / 00:28.125, 455Mb)
    ValueSet/2.16.840.1.113883.3.1937.777.24.11.36--20230331232804                                   (00:00.000 / 00:28.125, 455Mb)
  /work/fsh-generated/resources/ValueSet-88464c5b-5338-4c2b-9c07-b42fef2ada64 - 1 Resources          (00:00.000 / 00:28.125, 455Mb)
    ValueSet/88464c5b-5338-4c2b-9c07-b42fef2ada64                                                    (00:00.000 / 00:28.125, 455Mb)
  /work/input/resources/Parameters-expansion-manifest - 1 Resources                                  (00:00.000 / 00:28.126, 455Mb)
    Parameters/mii-param-consent-manifest                                                            (00:00.000 / 00:28.126, 455Mb)
  /work/input/includes/menu - 0 Resources                                                            (00:00.000 / 00:28.126, 455Mb)
  /work/fsh-generated/includes/fsh-link-references - 0 Resources                                     (00:00.000 / 00:28.126, 455Mb)
  /work/input/intro-notes/StructureDefinition-56375452-bfa1-4111-af7c-5b5ba9a1857c-notes - 0 Resources (00:00.000 / 00:28.126, 455Mb)
  /work/input/intro-notes/StructureDefinition-e0e166b4-0f77-478d-9062-de0034d98ce0-intro - 0 Resources (00:00.000 / 00:28.127, 455Mb)
  /work/input/intro-notes/StructureDefinition-f675b1e8-9f3f-44e8-bb59-9681f78eb464-intro - 0 Resources (00:00.000 / 00:28.127, 455Mb)
  /work/input/intro-notes/StructureDefinition-56375452-bfa1-4111-af7c-5b5ba9a1857c-intro - 0 Resources (00:00.000 / 00:28.127, 455Mb)
  /work/input/intro-notes/StructureDefinition-e0e166b4-0f77-478d-9062-de0034d98ce0-notes - 0 Resources (00:00.000 / 00:28.127, 455Mb)
  /work/input/intro-notes/StructureDefinition-f675b1e8-9f3f-44e8-bb59-9681f78eb464-notes - 0 Resources (00:00.000 / 00:28.127, 455Mb)
  /work/input/pagecontent/logical-models - 0 Resources                                               (00:00.000 / 00:28.127, 455Mb)
  /work/input/pagecontent/profiles-and-extensions - 0 Resources                                      (00:00.000 / 00:28.128, 455Mb)
  /work/input/pagecontent/examples - 0 Resources                                                     (00:00.000 / 00:28.128, 455Mb)
  /work/input/pagecontent/conformance - 0 Resources                                                  (00:00.000 / 00:28.128, 455Mb)
  /work/input/pagecontent/uml-diagrams - 0 Resources                                                 (00:00.000 / 00:28.128, 455Mb)
  /work/input/pagecontent/guidance - 0 Resources                                                     (00:00.000 / 00:28.128, 455Mb)
  /work/input/pagecontent/implementer-guidance - 0 Resources                                         (00:00.000 / 00:28.128, 455Mb)
  /work/input/pagecontent/security-and-privacy - 0 Resources                                         (00:00.000 / 00:28.129, 455Mb)
  /work/input/pagecontent/capability-statements - 0 Resources                                        (00:00.000 / 00:28.129, 455Mb)
  /work/input/pagecontent/missing-data - 0 Resources                                                 (00:00.000 / 00:28.129, 455Mb)
  /work/input/pagecontent/terminology - 0 Resources                                                  (00:00.000 / 00:28.129, 455Mb)
  /work/input/pagecontent/metadata - 0 Resources                                                     (00:00.000 / 00:28.129, 455Mb)
  /work/input/pagecontent/researcher-guidance - 0 Resources                                          (00:00.000 / 00:28.130, 455Mb)
  /work/input/pagecontent/datasets-and-descriptions - 0 Resources                                    (00:00.000 / 00:28.130, 455Mb)
  /work/input/pagecontent/must-support - 0 Resources                                                 (00:00.000 / 00:28.130, 455Mb)
  /work/input/pagecontent/index - 0 Resources                                                        (00:00.000 / 00:28.130, 455Mb)
  /work/input/pagecontent/version-history - 0 Resources                                              (00:00.000 / 00:28.131, 455Mb)
  /work/input/pagecontent/search-parameters-and-operations - 0 Resources                             (00:00.000 / 00:28.131, 455Mb)
  /work/input/pagecontent/translationinfo - 0 Resources                                              (00:00.000 / 00:28.131, 455Mb)
  /work/input/pagecontent/changes - 0 Resources                                                      (00:00.000 / 00:28.131, 455Mb)
  /work/input/pagecontent/downloads - 0 Resources                                                    (00:00.000 / 00:28.131, 455Mb)
  /work/input/pagecontent/general-requirements - 0 Resources                                         (00:00.001 / 00:28.133, 455Mb)
  /work/input/intro-notes - 0 Resources                                                              (00:00.000 / 00:28.133, 455Mb)
  /work/input/intro-notes/StructureDefinition-56375452-bfa1-4111-af7c-5b5ba9a1857c-notes - 0 Resources (00:00.000 / 00:28.133, 455Mb)
  /work/input/intro-notes/StructureDefinition-e0e166b4-0f77-478d-9062-de0034d98ce0-intro - 0 Resources (00:00.000 / 00:28.134, 455Mb)
  /work/input/intro-notes/StructureDefinition-f675b1e8-9f3f-44e8-bb59-9681f78eb464-intro - 0 Resources (00:00.000 / 00:28.134, 455Mb)
  /work/input/intro-notes/StructureDefinition-56375452-bfa1-4111-af7c-5b5ba9a1857c-intro - 0 Resources (00:00.000 / 00:28.134, 455Mb)
  /work/input/intro-notes/StructureDefinition-e0e166b4-0f77-478d-9062-de0034d98ce0-notes - 0 Resources (00:00.000 / 00:28.134, 455Mb)
  /work/input/intro-notes/StructureDefinition-f675b1e8-9f3f-44e8-bb59-9681f78eb464-notes - 0 Resources (00:00.000 / 00:28.135, 455Mb)
  /work/template/config - 0 Resources                                                                (00:00.000 / 00:28.135, 455Mb)
  /work/template/config/_config - 0 Resources                                                        (00:00.000 / 00:28.135, 455Mb)
  /work/input/images - 0 Resources                                                                   (00:00.000 / 00:28.135, 455Mb)
  /work/input/images/MII-KDS_en_Consent - 0 Resources                                                (00:00.000 / 00:28.135, 455Mb)
  /work/input/images/MII-KDS_de_Consent - 0 Resources                                                (00:00.000 / 00:28.136, 455Mb)
  /work/input/images/information-model_UML-Diagramm_MII-spez - 0 Resources                           (00:00.000 / 00:28.136, 455Mb)
Checking Language                                                                                    (00:00.036 / 00:28.172, 457Mb)
process type: NamingSystem                                                                           (00:00.000 / 00:28.172, 457Mb)
process type: CodeSystem                                                                             (00:00.000 / 00:28.172, 457Mb)
process type: ValueSet                                                                               (00:00.000 / 00:28.173, 457Mb)
process type: ConceptMap                                                                             (00:00.000 / 00:28.173, 457Mb)
process type: DataElement                                                                            (00:00.000 / 00:28.173, 457Mb)
process type: StructureDefinition                                                                    (00:00.000 / 00:28.173, 457Mb)
process type: OperationDefinition                                                                    (00:00.000 / 00:28.174, 457Mb)
process type: SearchParameter                                                                        (00:00.000 / 00:28.174, 457Mb)
process type: CapabilityStatement                                                                    (00:00.000 / 00:28.174, 457Mb)
process type: Conformance                                                                            (00:00.000 / 00:28.174, 457Mb)
process type: StructureMap                                                                           (00:00.000 / 00:28.174, 457Mb)
process type: ActivityDefinition                                                                     (00:00.004 / 00:28.179, 459Mb)
process type: Citation                                                                               (00:00.000 / 00:28.179, 459Mb)
process type: ChargeItemDefinition                                                                   (00:00.000 / 00:28.180, 459Mb)
process type: CompartmentDefinition                                                                  (00:00.000 / 00:28.180, 459Mb)
process type: ConceptMap                                                                             (00:00.000 / 00:28.180, 459Mb)
process type: ConditionDefinition                                                                    (00:00.000 / 00:28.180, 459Mb)
process type: EffectEvidenceSynthesis                                                                (00:00.000 / 00:28.180, 459Mb)
process type: EventDefinition                                                                        (00:00.000 / 00:28.181, 459Mb)
process type: Evidence                                                                               (00:00.000 / 00:28.181, 459Mb)
process type: EvidenceVariable                                                                       (00:00.000 / 00:28.181, 459Mb)
process type: ExampleScenario                                                                        (00:00.000 / 00:28.181, 459Mb)
process type: GraphDefinition                                                                        (00:00.001 / 00:28.183, 459Mb)
process type: ImplementationGuide                                                                    (00:00.000 / 00:28.183, 459Mb)
process type: Library                                                                                (00:00.000 / 00:28.184, 459Mb)
process type: Measure                                                                                (00:00.000 / 00:28.184, 459Mb)
process type: MessageDefinition                                                                      (00:00.000 / 00:28.184, 459Mb)
process type: PlanDefinition                                                                         (00:00.000 / 00:28.185, 459Mb)
process type: Questionnaire                                                                          (00:00.000 / 00:28.185, 459Mb)
process type: ResearchDefinition                                                                     (00:00.000 / 00:28.185, 459Mb)
process type: ResearchElementDefinition                                                              (00:00.000 / 00:28.185, 459Mb)
process type: RiskEvidenceSynthesis                                                                  (00:00.000 / 00:28.185, 459Mb)
process type: SearchParameter                                                                        (00:00.000 / 00:28.186, 459Mb)
process type: Statistic                                                                              (00:00.000 / 00:28.186, 459Mb)
process type: TerminologyCapabilities                                                                (00:00.000 / 00:28.186, 459Mb)
process type: TestPlan                                                                               (00:00.000 / 00:28.186, 459Mb)
process type: TestScript                                                                             (00:00.000 / 00:28.187, 459Mb)
process type: ActorDefinition                                                                        (00:00.000 / 00:28.187, 459Mb)
process type: SubscriptionTopic                                                                      (00:00.000 / 00:28.187, 459Mb)
process type: Requirements                                                                           (00:00.000 / 00:28.187, 459Mb)
Load Dependency Info                                                                                 (00:00.000 / 00:28.187, 459Mb)
Load Info                                                                                            (00:00.000 / 00:28.188, 459Mb)
Load Paths                                                                                           (00:00.000 / 00:28.188, 461Mb)
Check R4 / R4B                                                                                       (00:00.000 / 00:28.188, 461Mb)
R4/R4B Check                                                                                         (00:00.000 / 00:28.189, 461Mb)
Assign Comparison Ids                                                                                (00:00.041 / 00:28.230, 469Mb)
Propagating status                                                                                   (00:00.000 / 00:28.230, 469Mb)
propagating status                                                                                   (00:00.000 / 00:28.230, 469Mb)
Generating Narratives                                                                                (00:00.000 / 00:28.230, 469Mb)
gen narratives                                                                                       (00:00.000 / 00:28.231, 469Mb)
generate narrative for ImplementationGuide-mii-ig-consent.json : mii-ig-consent                      (00:00.000 / 00:28.231, 469Mb)
generate narrative for CodeSystem-2.16.840.1.113883.3.1937.777.24.5.2--20210423105554.json : 2.16.840.1.113883.3.1937.777.24.5.2--20210423105554 (00:00.109 / 00:28.341, 483Mb)
generate narrative for CodeSystem-2.16.840.1.113883.3.1937.777.24.5.3--20251211153003.json : 2.16.840.1.113883.3.1937.777.24.5.3--20251211153003 (00:00.014 / 00:28.355, 485Mb)
generate narrative for CodeSystem-mii-cs-consent-version-modules.json : mii-cs-consent-version-modules (00:00.073 / 00:28.429, 503Mb)
generate narrative for Consent-34150a23-b1c8-404f-874f-e042a30435d2.json : 34150a23-b1c8-404f-874f-e042a30435d2 (00:00.018 / 00:28.447, 507Mb)
generate narrative for Consent-5143266b-8d60-4b28-8ee9-635140ffa5bb.json : 5143266b-8d60-4b28-8ee9-635140ffa5bb (00:00.095 / 00:28.542, 521Mb)
generate narrative for Consent-Example-MII-Consent-ResultType-document.json : Example-MII-Consent-ResultType-document (00:00.029 / 00:28.572, 527Mb)
generate narrative for DocumentReference-8a3d1799-2463-405e-b49c-6a16c8692b01.json : 8a3d1799-2463-405e-b49c-6a16c8692b01 (00:00.003 / 00:28.575, 527Mb)
generate narrative for Provenance-55219d12-6245-4de4-8b50-ddf6f16a789b.json : 55219d12-6245-4de4-8b50-ddf6f16a789b (00:00.021 / 00:28.596, 529Mb)
generate narrative for SearchParameter-MII-SP-Consent-PolicyUri.json : MII-SP-Consent-PolicyUri      (00:00.042 / 00:28.639, 531Mb)
generate narrative for SearchParameter-MII-SP-Consent-ProvisionCode.json : MII-SP-Consent-ProvisionCode (00:00.003 / 00:28.642, 531Mb)
generate narrative for SearchParameter-MII-SP-Consent-ProvisionCodePeriod.json : MII-SP-Consent-ProvisionCodePeriod (00:00.007 / 00:28.649, 533Mb)
generate narrative for SearchParameter-MII-SP-Consent-ProvisionCodeType.json : MII-SP-Consent-ProvisionCodeType (00:00.001 / 00:28.651, 533Mb)
generate narrative for SearchParameter-MII-SP-Consent-ProvisionPeriod.json : MII-SP-Consent-ProvisionPeriod (00:00.007 / 00:28.658, 535Mb)
generate narrative for SearchParameter-MII-SP-Consent-ProvisionType.json : MII-SP-Consent-ProvisionType (00:00.002 / 00:28.660, 535Mb)
generate narrative for StructureDefinition-56375452-bfa1-4111-af7c-5b5ba9a1857c.json : 56375452-bfa1-4111-af7c-5b5ba9a1857c (00:00.008 / 00:28.669, 537Mb)
generate narrative for StructureDefinition-e0e166b4-0f77-478d-9062-de0034d98ce0.json : e0e166b4-0f77-478d-9062-de0034d98ce0 (00:00.062 / 00:28.731, 549Mb)
generate narrative for StructureDefinition-f675b1e8-9f3f-44e8-bb59-9681f78eb464.json : f675b1e8-9f3f-44e8-bb59-9681f78eb464 (00:00.208 / 00:28.940, 611Mb)
generate narrative for ValueSet-2.16.840.1.113883.3.1937.777.24.11.30--20210323234509.json : 2.16.840.1.113883.3.1937.777.24.11.30--20210323234509 (00:00.019 / 00:28.960, 623Mb)
generate narrative for ValueSet-2.16.840.1.113883.3.1937.777.24.11.36--20230331232804.json : 2.16.840.1.113883.3.1937.777.24.11.36--20230331232804 (00:00.069 / 00:29.029, 633Mb)
generate narrative for ValueSet-88464c5b-5338-4c2b-9c07-b42fef2ada64.json : 88464c5b-5338-4c2b-9c07-b42fef2ada64 (00:00.004 / 00:29.034, 635Mb)
generate narrative for resources/Parameters-expansion-manifest.json : mii-param-consent-manifest     (00:00.004 / 00:29.038, 635Mb)
Validating Conformance Resources                                                                     (00:00.000 / 00:29.039, 635Mb)
validate res: CodeSystem/2.16.840.1.113883.3.1937.777.24.5.2--20210423105554                         (00:00.000 / 00:29.039, 635Mb)
==============!! Running without terminology server !! ==============                                (00:00.685 / 00:29.725, 384Mb)
=====================================================================                                (00:00.000 / 00:29.725, 384Mb)
validate res: CodeSystem/2.16.840.1.113883.3.1937.777.24.5.3--20251211153003                         (00:00.045 / 00:29.771, 478Mb)
validate res: CodeSystem/mii-cs-consent-version-modules                                              (00:00.163 / 00:29.935, 532Mb)
validate res: ValueSet/2.16.840.1.113883.3.1937.777.24.11.30--20210323234509                         (00:00.116 / 00:30.051, 384Mb)
validate res: ValueSet/2.16.840.1.113883.3.1937.777.24.11.36--20230331232804                         (00:00.041 / 00:30.092, 578Mb)
validate res: ValueSet/88464c5b-5338-4c2b-9c07-b42fef2ada64                                          (00:00.014 / 00:30.107, 670Mb)
validate res: StructureDefinition/56375452-bfa1-4111-af7c-5b5ba9a1857c                               (00:00.017 / 00:30.124, 770Mb)
validate res: StructureDefinition/e0e166b4-0f77-478d-9062-de0034d98ce0                               (00:02.116 / 00:32.241, 1Gb)
validate res: StructureDefinition/f675b1e8-9f3f-44e8-bb59-9681f78eb464                               (00:04.923 / 00:37.165, 1Gb)
validate res: SearchParameter/MII-SP-Consent-PolicyUri                                               (00:00.583 / 00:37.748, 1Gb)
validate res: SearchParameter/MII-SP-Consent-ProvisionCode                                           (00:00.018 / 00:37.767, 1Gb)
validate res: SearchParameter/MII-SP-Consent-ProvisionCodePeriod                                     (00:00.026 / 00:37.793, 387Mb)
validate res: SearchParameter/MII-SP-Consent-ProvisionCodeType                                       (00:00.014 / 00:37.808, 469Mb)
validate res: SearchParameter/MII-SP-Consent-ProvisionPeriod                                         (00:00.015 / 00:37.824, 551Mb)
validate res: SearchParameter/MII-SP-Consent-ProvisionType                                           (00:00.014 / 00:37.838, 629Mb)
validate res: ImplementationGuide/mii-ig-consent                                                     (00:00.021 / 00:37.860, 707Mb)
validate res: SearchParameter/MII-SP-Consent-PolicyUri                                               (00:12.692 / 00:50.552, 759Mb)
validate res: SearchParameter/MII-SP-Consent-ProvisionCode                                           (00:00.000 / 00:50.553, 759Mb)
validate res: SearchParameter/MII-SP-Consent-ProvisionCodePeriod                                     (00:00.000 / 00:50.553, 759Mb)
validate res: SearchParameter/MII-SP-Consent-ProvisionCodeType                                       (00:00.000 / 00:50.553, 759Mb)
validate res: SearchParameter/MII-SP-Consent-ProvisionPeriod                                         (00:00.000 / 00:50.553, 759Mb)
validate res: SearchParameter/MII-SP-Consent-ProvisionType                                           (00:00.000 / 00:50.554, 759Mb)
Check profiles & code systems                                                                        (00:00.000 / 00:50.555, 759Mb)
process CodeSystem: 2.16.840.1.113883.3.1937.777.24.5.2--20210423105554                              (00:00.000 / 00:50.555, 759Mb)
process CodeSystem: 2.16.840.1.113883.3.1937.777.24.5.3--20251211153003                              (00:00.003 / 00:50.559, 759Mb)
process CodeSystem: mii-cs-consent-version-modules                                                   (00:00.000 / 00:50.559, 759Mb)
process profile: 56375452-bfa1-4111-af7c-5b5ba9a1857c                                                (00:00.000 / 00:50.559, 759Mb)
process profile: e0e166b4-0f77-478d-9062-de0034d98ce0                                                (00:00.000 / 00:50.560, 760Mb)
process profile: f675b1e8-9f3f-44e8-bb59-9681f78eb464                                                (00:00.000 / 00:50.561, 760Mb)
Check realm rules                                                                                    (00:00.000 / 00:50.561, 760Mb)
Previous Version Comparison                                                                          (00:00.000 / 00:50.561, 760Mb)
.. loaded. Process                                                                                   (00:00.000 / 00:50.561, 760Mb)
  ...ImplementationGuide mii-ig-consent                                                              (00:00.000 / 00:50.562, 760Mb)
  ...CodeSystem 2.16.840.1.113883.3.1937.777.24.5.2--20210423105554                                  (00:00.000 / 00:50.562, 760Mb)
  ...CodeSystem 2.16.840.1.113883.3.1937.777.24.5.3--20251211153003                                  (00:00.000 / 00:50.562, 760Mb)
  ...CodeSystem mii-cs-consent-version-modules                                                       (00:00.000 / 00:50.562, 760Mb)
  ...SearchParameter MII-SP-Consent-PolicyUri                                                        (00:00.000 / 00:50.562, 760Mb)
  ...SearchParameter MII-SP-Consent-ProvisionCode                                                    (00:00.000 / 00:50.562, 760Mb)
  ...SearchParameter MII-SP-Consent-ProvisionCodePeriod                                              (00:00.000 / 00:50.563, 760Mb)
  ...SearchParameter MII-SP-Consent-ProvisionCodeType                                                (00:00.000 / 00:50.563, 760Mb)
  ...SearchParameter MII-SP-Consent-ProvisionPeriod                                                  (00:00.000 / 00:50.563, 760Mb)
  ...SearchParameter MII-SP-Consent-ProvisionType                                                    (00:00.000 / 00:50.563, 760Mb)
  ...StructureDefinition 56375452-bfa1-4111-af7c-5b5ba9a1857c                                        (00:00.000 / 00:50.563, 760Mb)
  ...StructureDefinition e0e166b4-0f77-478d-9062-de0034d98ce0                                        (00:00.000 / 00:50.563, 760Mb)
  ...StructureDefinition f675b1e8-9f3f-44e8-bb59-9681f78eb464                                        (00:00.000 / 00:50.563, 760Mb)
  ...ValueSet 2.16.840.1.113883.3.1937.777.24.11.30--20210323234509                                  (00:00.000 / 00:50.563, 760Mb)
  ...ValueSet 2.16.840.1.113883.3.1937.777.24.11.36--20230331232804                                  (00:00.000 / 00:50.564, 760Mb)
  ...ValueSet 88464c5b-5338-4c2b-9c07-b42fef2ada64                                                   (00:00.000 / 00:50.564, 760Mb)
finish previous version comparison                                                                   (00:00.000 / 00:50.564, 760Mb)
finish ipa version                                                                                   (00:00.000 / 00:50.564, 760Mb)
finish ips version                                                                                   (00:00.000 / 00:50.564, 760Mb)
comparisons done                                                                                     (00:00.000 / 00:50.564, 760Mb)
Validate Expressions                                                                                 (00:00.014 / 00:50.579, 760Mb)
scanForUsageStats                                                                                    (00:00.000 / 00:50.579, 760Mb)
Checking for Bundles to sign                                                                         (00:00.004 / 00:50.584, 762Mb)
Validating Resources                                                                                 (00:00.000 / 00:50.584, 762Mb)
 .. validate /work/fsh-generated/resources/ImplementationGuide-mii-ig-consent                        (00:00.000 / 00:50.585, 762Mb)
 .. /work/fsh-generated/resources/ImplementationGuide-mii-ig-consent                                 (00:00.000 / 00:50.585, 762Mb)
 .. validate /work/fsh-generated/resources/CodeSystem-2.16.840.1.113883.3.1937.777.24.5.2--20210423105554 (00:00.000 / 00:50.585, 762Mb)
 .. /work/fsh-generated/resources/CodeSystem-2.16.840.1.113883.3.1937.777.24.5.2--20210423105554     (00:00.000 / 00:50.585, 762Mb)
 .. validate /work/fsh-generated/resources/CodeSystem-2.16.840.1.113883.3.1937.777.24.5.3--20251211153003 (00:00.000 / 00:50.585, 762Mb)
 .. /work/fsh-generated/resources/CodeSystem-2.16.840.1.113883.3.1937.777.24.5.3--20251211153003     (00:00.000 / 00:50.586, 762Mb)
 .. validate /work/fsh-generated/resources/CodeSystem-mii-cs-consent-version-modules                 (00:00.000 / 00:50.586, 762Mb)
 .. /work/fsh-generated/resources/CodeSystem-mii-cs-consent-version-modules                          (00:00.000 / 00:50.586, 762Mb)
 .. validate /work/fsh-generated/resources/Consent-34150a23-b1c8-404f-874f-e042a30435d2              (00:00.000 / 00:50.586, 762Mb)
 .. /work/fsh-generated/resources/Consent-34150a23-b1c8-404f-874f-e042a30435d2                       (00:00.000 / 00:50.586, 762Mb)
     validating Consent/34150a23-b1c8-404f-874f-e042a30435d2                                         (00:00.000 / 00:50.587, 762Mb)
 .. validate /work/fsh-generated/resources/Consent-5143266b-8d60-4b28-8ee9-635140ffa5bb              (00:00.092 / 00:50.679, 1Gb)
 .. /work/fsh-generated/resources/Consent-5143266b-8d60-4b28-8ee9-635140ffa5bb                       (00:00.000 / 00:50.680, 1Gb)
     validating Consent/5143266b-8d60-4b28-8ee9-635140ffa5bb                                         (00:00.000 / 00:50.680, 1Gb)
 .. validate /work/fsh-generated/resources/Consent-Example-MII-Consent-ResultType-document           (00:00.142 / 00:50.822, 760Mb)
 .. /work/fsh-generated/resources/Consent-Example-MII-Consent-ResultType-document                    (00:00.000 / 00:50.823, 760Mb)
     validating Consent/Example-MII-Consent-ResultType-document                                      (00:00.000 / 00:50.823, 760Mb)
 .. validate /work/fsh-generated/resources/DocumentReference-8a3d1799-2463-405e-b49c-6a16c8692b01    (00:00.064 / 00:50.887, 1Gb)
 .. /work/fsh-generated/resources/DocumentReference-8a3d1799-2463-405e-b49c-6a16c8692b01             (00:00.000 / 00:50.888, 1Gb)
     validating DocumentReference/8a3d1799-2463-405e-b49c-6a16c8692b01                               (00:00.000 / 00:50.888, 1Gb)
 .. validate /work/fsh-generated/resources/Provenance-55219d12-6245-4de4-8b50-ddf6f16a789b           (00:00.005 / 00:50.893, 1Gb)
 .. /work/fsh-generated/resources/Provenance-55219d12-6245-4de4-8b50-ddf6f16a789b                    (00:00.000 / 00:50.893, 1Gb)
     validating Provenance/55219d12-6245-4de4-8b50-ddf6f16a789b                                      (00:00.000 / 00:50.894, 1Gb)
 .. validate /work/fsh-generated/resources/SearchParameter-MII-SP-Consent-PolicyUri                  (00:00.011 / 00:50.905, 1Gb)
 .. /work/fsh-generated/resources/SearchParameter-MII-SP-Consent-PolicyUri                           (00:00.000 / 00:50.905, 1Gb)
 .. validate /work/fsh-generated/resources/SearchParameter-MII-SP-Consent-ProvisionCode              (00:00.000 / 00:50.905, 1Gb)
 .. /work/fsh-generated/resources/SearchParameter-MII-SP-Consent-ProvisionCode                       (00:00.000 / 00:50.906, 1Gb)
 .. validate /work/fsh-generated/resources/SearchParameter-MII-SP-Consent-ProvisionCodePeriod        (00:00.000 / 00:50.906, 1Gb)
 .. /work/fsh-generated/resources/SearchParameter-MII-SP-Consent-ProvisionCodePeriod                 (00:00.000 / 00:50.906, 1Gb)
 .. validate /work/fsh-generated/resources/SearchParameter-MII-SP-Consent-ProvisionCodeType          (00:00.000 / 00:50.906, 1Gb)
 .. /work/fsh-generated/resources/SearchParameter-MII-SP-Consent-ProvisionCodeType                   (00:00.000 / 00:50.906, 1Gb)
 .. validate /work/fsh-generated/resources/SearchParameter-MII-SP-Consent-ProvisionPeriod            (00:00.000 / 00:50.907, 1Gb)
 .. /work/fsh-generated/resources/SearchParameter-MII-SP-Consent-ProvisionPeriod                     (00:00.000 / 00:50.907, 1Gb)
 .. validate /work/fsh-generated/resources/SearchParameter-MII-SP-Consent-ProvisionType              (00:00.000 / 00:50.907, 1Gb)
 .. /work/fsh-generated/resources/SearchParameter-MII-SP-Consent-ProvisionType                       (00:00.000 / 00:50.907, 1Gb)
 .. validate /work/fsh-generated/resources/StructureDefinition-56375452-bfa1-4111-af7c-5b5ba9a1857c  (00:00.000 / 00:50.907, 1Gb)
 .. /work/fsh-generated/resources/StructureDefinition-56375452-bfa1-4111-af7c-5b5ba9a1857c           (00:00.000 / 00:50.907, 1Gb)
 .. validate /work/fsh-generated/resources/StructureDefinition-e0e166b4-0f77-478d-9062-de0034d98ce0  (00:00.000 / 00:50.907, 1Gb)
 .. /work/fsh-generated/resources/StructureDefinition-e0e166b4-0f77-478d-9062-de0034d98ce0           (00:00.000 / 00:50.908, 1Gb)
 .. validate /work/fsh-generated/resources/StructureDefinition-f675b1e8-9f3f-44e8-bb59-9681f78eb464  (00:00.000 / 00:50.908, 1Gb)
 .. /work/fsh-generated/resources/StructureDefinition-f675b1e8-9f3f-44e8-bb59-9681f78eb464           (00:00.000 / 00:50.908, 1Gb)
 .. validate /work/fsh-generated/resources/ValueSet-2.16.840.1.113883.3.1937.777.24.11.30--20210323234509 (00:00.000 / 00:50.908, 1Gb)
 .. /work/fsh-generated/resources/ValueSet-2.16.840.1.113883.3.1937.777.24.11.30--20210323234509     (00:00.000 / 00:50.909, 1Gb)
 .. validate /work/fsh-generated/resources/ValueSet-2.16.840.1.113883.3.1937.777.24.11.36--20230331232804 (00:00.000 / 00:50.909, 1Gb)
 .. /work/fsh-generated/resources/ValueSet-2.16.840.1.113883.3.1937.777.24.11.36--20230331232804     (00:00.000 / 00:50.909, 1Gb)
 .. validate /work/fsh-generated/resources/ValueSet-88464c5b-5338-4c2b-9c07-b42fef2ada64             (00:00.000 / 00:50.909, 1Gb)
 .. /work/fsh-generated/resources/ValueSet-88464c5b-5338-4c2b-9c07-b42fef2ada64                      (00:00.000 / 00:50.909, 1Gb)
 .. validate /work/input/resources/Parameters-expansion-manifest                                     (00:00.000 / 00:50.910, 1Gb)
 .. /work/input/resources/Parameters-expansion-manifest                                              (00:00.000 / 00:50.910, 1Gb)
     validating Parameters/mii-param-consent-manifest                                                (00:00.000 / 00:50.910, 1Gb)
 .. validate /work/input/includes                                                                    (00:00.029 / 00:50.939, 1Gb)
 .. /work/input/includes                                                                             (00:00.000 / 00:50.940, 1Gb)
 .. validate /work/input/includes/menu                                                               (00:00.000 / 00:50.940, 1Gb)
 .. /work/input/includes/menu                                                                        (00:00.000 / 00:50.940, 1Gb)
 .. validate /work/fsh-generated/includes                                                            (00:00.000 / 00:50.940, 1Gb)
 .. /work/fsh-generated/includes                                                                     (00:00.000 / 00:50.940, 1Gb)
 .. validate /work/fsh-generated/includes/fsh-link-references                                        (00:00.000 / 00:50.941, 1Gb)
 .. /work/fsh-generated/includes/fsh-link-references                                                 (00:00.000 / 00:50.941, 1Gb)
 .. validate /work/input/intro-notes                                                                 (00:00.000 / 00:50.941, 1Gb)
 .. /work/input/intro-notes                                                                          (00:00.000 / 00:50.941, 1Gb)
 .. validate /work/input/intro-notes/StructureDefinition-56375452-bfa1-4111-af7c-5b5ba9a1857c-notes  (00:00.000 / 00:50.942, 1Gb)
 .. /work/input/intro-notes/StructureDefinition-56375452-bfa1-4111-af7c-5b5ba9a1857c-notes           (00:00.000 / 00:50.942, 1Gb)
 .. validate /work/input/intro-notes/StructureDefinition-e0e166b4-0f77-478d-9062-de0034d98ce0-intro  (00:00.000 / 00:50.942, 1Gb)
 .. /work/input/intro-notes/StructureDefinition-e0e166b4-0f77-478d-9062-de0034d98ce0-intro           (00:00.000 / 00:50.942, 1Gb)
 .. validate /work/input/intro-notes/StructureDefinition-f675b1e8-9f3f-44e8-bb59-9681f78eb464-intro  (00:00.000 / 00:50.942, 1Gb)
 .. /work/input/intro-notes/StructureDefinition-f675b1e8-9f3f-44e8-bb59-9681f78eb464-intro           (00:00.000 / 00:50.943, 1Gb)
 .. validate /work/input/intro-notes/StructureDefinition-56375452-bfa1-4111-af7c-5b5ba9a1857c-intro  (00:00.000 / 00:50.943, 1Gb)
 .. /work/input/intro-notes/StructureDefinition-56375452-bfa1-4111-af7c-5b5ba9a1857c-intro           (00:00.000 / 00:50.943, 1Gb)
 .. validate /work/input/intro-notes/StructureDefinition-e0e166b4-0f77-478d-9062-de0034d98ce0-notes  (00:00.000 / 00:50.943, 1Gb)
 .. /work/input/intro-notes/StructureDefinition-e0e166b4-0f77-478d-9062-de0034d98ce0-notes           (00:00.000 / 00:50.943, 1Gb)
 .. validate /work/input/intro-notes/StructureDefinition-f675b1e8-9f3f-44e8-bb59-9681f78eb464-notes  (00:00.000 / 00:50.944, 1Gb)
 .. /work/input/intro-notes/StructureDefinition-f675b1e8-9f3f-44e8-bb59-9681f78eb464-notes           (00:00.000 / 00:50.944, 1Gb)
 .. validate /work/input/pagecontent                                                                 (00:00.000 / 00:50.944, 1Gb)
 .. /work/input/pagecontent                                                                          (00:00.000 / 00:50.944, 1Gb)
 .. validate /work/input/pagecontent/logical-models                                                  (00:00.000 / 00:50.944, 1Gb)
 .. /work/input/pagecontent/logical-models                                                           (00:00.000 / 00:50.944, 1Gb)
 .. validate /work/input/pagecontent/profiles-and-extensions                                         (00:00.000 / 00:50.945, 1Gb)
 .. /work/input/pagecontent/profiles-and-extensions                                                  (00:00.000 / 00:50.945, 1Gb)
 .. validate /work/input/pagecontent/examples                                                        (00:00.000 / 00:50.945, 1Gb)
 .. /work/input/pagecontent/examples                                                                 (00:00.000 / 00:50.945, 1Gb)
 .. validate /work/input/pagecontent/conformance                                                     (00:00.000 / 00:50.945, 1Gb)
 .. /work/input/pagecontent/conformance                                                              (00:00.000 / 00:50.945, 1Gb)
 .. validate /work/input/pagecontent/uml-diagrams                                                    (00:00.000 / 00:50.946, 1Gb)
 .. /work/input/pagecontent/uml-diagrams                                                             (00:00.000 / 00:50.946, 1Gb)
 .. validate /work/input/pagecontent/guidance                                                        (00:00.000 / 00:50.947, 1Gb)
 .. /work/input/pagecontent/guidance                                                                 (00:00.000 / 00:50.947, 1Gb)
 .. validate /work/input/pagecontent/implementer-guidance                                            (00:00.000 / 00:50.948, 1Gb)
 .. /work/input/pagecontent/implementer-guidance                                                     (00:00.000 / 00:50.948, 1Gb)
 .. validate /work/input/pagecontent/security-and-privacy                                            (00:00.000 / 00:50.948, 1Gb)
 .. /work/input/pagecontent/security-and-privacy                                                     (00:00.000 / 00:50.948, 1Gb)
 .. validate /work/input/pagecontent/capability-statements                                           (00:00.000 / 00:50.949, 1Gb)
 .. /work/input/pagecontent/capability-statements                                                    (00:00.000 / 00:50.949, 1Gb)
 .. validate /work/input/pagecontent/missing-data                                                    (00:00.000 / 00:50.949, 1Gb)
 .. /work/input/pagecontent/missing-data                                                             (00:00.000 / 00:50.949, 1Gb)
 .. validate /work/input/pagecontent/terminology                                                     (00:00.000 / 00:50.950, 1Gb)
 .. /work/input/pagecontent/terminology                                                              (00:00.000 / 00:50.950, 1Gb)
 .. validate /work/input/pagecontent/metadata                                                        (00:00.000 / 00:50.950, 1Gb)
 .. /work/input/pagecontent/metadata                                                                 (00:00.000 / 00:50.950, 1Gb)
 .. validate /work/input/pagecontent/researcher-guidance                                             (00:00.000 / 00:50.950, 1Gb)
 .. /work/input/pagecontent/researcher-guidance                                                      (00:00.000 / 00:50.951, 1Gb)
 .. validate /work/input/pagecontent/datasets-and-descriptions                                       (00:00.000 / 00:50.951, 1Gb)
 .. /work/input/pagecontent/datasets-and-descriptions                                                (00:00.000 / 00:50.951, 1Gb)
 .. validate /work/input/pagecontent/must-support                                                    (00:00.000 / 00:50.951, 1Gb)
 .. /work/input/pagecontent/must-support                                                             (00:00.000 / 00:50.952, 1Gb)
 .. validate /work/input/pagecontent/index                                                           (00:00.000 / 00:50.952, 1Gb)
 .. /work/input/pagecontent/index                                                                    (00:00.000 / 00:50.952, 1Gb)
 .. validate /work/input/pagecontent/version-history                                                 (00:00.000 / 00:50.952, 1Gb)
 .. /work/input/pagecontent/version-history                                                          (00:00.000 / 00:50.952, 1Gb)
 .. validate /work/input/pagecontent/search-parameters-and-operations                                (00:00.000 / 00:50.953, 1Gb)
 .. /work/input/pagecontent/search-parameters-and-operations                                         (00:00.000 / 00:50.953, 1Gb)
 .. validate /work/input/pagecontent/translationinfo                                                 (00:00.000 / 00:50.953, 1Gb)
 .. /work/input/pagecontent/translationinfo                                                          (00:00.000 / 00:50.953, 1Gb)
 .. validate /work/input/pagecontent/changes                                                         (00:00.000 / 00:50.953, 1Gb)
 .. /work/input/pagecontent/changes                                                                  (00:00.000 / 00:50.954, 1Gb)
 .. validate /work/input/pagecontent/downloads                                                       (00:00.000 / 00:50.954, 1Gb)
 .. /work/input/pagecontent/downloads                                                                (00:00.000 / 00:50.954, 1Gb)
 .. validate /work/input/pagecontent/general-requirements                                            (00:00.000 / 00:50.954, 1Gb)
 .. /work/input/pagecontent/general-requirements                                                     (00:00.000 / 00:50.954, 1Gb)
 .. validate /work/input/intro-notes                                                                 (00:00.000 / 00:50.954, 1Gb)
 .. /work/input/intro-notes                                                                          (00:00.000 / 00:50.954, 1Gb)
 .. validate /work/input/intro-notes/StructureDefinition-56375452-bfa1-4111-af7c-5b5ba9a1857c-notes  (00:00.000 / 00:50.955, 1Gb)
 .. /work/input/intro-notes/StructureDefinition-56375452-bfa1-4111-af7c-5b5ba9a1857c-notes           (00:00.000 / 00:50.955, 1Gb)
 .. validate /work/input/intro-notes/StructureDefinition-e0e166b4-0f77-478d-9062-de0034d98ce0-intro  (00:00.000 / 00:50.955, 1Gb)
 .. /work/input/intro-notes/StructureDefinition-e0e166b4-0f77-478d-9062-de0034d98ce0-intro           (00:00.000 / 00:50.955, 1Gb)
 .. validate /work/input/intro-notes/StructureDefinition-f675b1e8-9f3f-44e8-bb59-9681f78eb464-intro  (00:00.000 / 00:50.955, 1Gb)
 .. /work/input/intro-notes/StructureDefinition-f675b1e8-9f3f-44e8-bb59-9681f78eb464-intro           (00:00.000 / 00:50.955, 1Gb)
 .. validate /work/input/intro-notes/StructureDefinition-56375452-bfa1-4111-af7c-5b5ba9a1857c-intro  (00:00.000 / 00:50.956, 1Gb)
 .. /work/input/intro-notes/StructureDefinition-56375452-bfa1-4111-af7c-5b5ba9a1857c-intro           (00:00.000 / 00:50.956, 1Gb)
 .. validate /work/input/intro-notes/StructureDefinition-e0e166b4-0f77-478d-9062-de0034d98ce0-notes  (00:00.000 / 00:50.956, 1Gb)
 .. /work/input/intro-notes/StructureDefinition-e0e166b4-0f77-478d-9062-de0034d98ce0-notes           (00:00.000 / 00:50.956, 1Gb)
 .. validate /work/input/intro-notes/StructureDefinition-f675b1e8-9f3f-44e8-bb59-9681f78eb464-notes  (00:00.000 / 00:50.956, 1Gb)
 .. /work/input/intro-notes/StructureDefinition-f675b1e8-9f3f-44e8-bb59-9681f78eb464-notes           (00:00.000 / 00:50.957, 1Gb)
 .. validate /work/template/config                                                                   (00:00.000 / 00:50.957, 1Gb)
 .. /work/template/config                                                                            (00:00.000 / 00:50.957, 1Gb)
 .. validate /work/template/config/_config                                                           (00:00.000 / 00:50.957, 1Gb)
 .. /work/template/config/_config                                                                    (00:00.000 / 00:50.957, 1Gb)
 .. validate /work/input/images                                                                      (00:00.000 / 00:50.957, 1Gb)
 .. /work/input/images                                                                               (00:00.000 / 00:50.957, 1Gb)
 .. validate /work/input/images/MII-KDS_en_Consent                                                   (00:00.000 / 00:50.958, 1Gb)
 .. /work/input/images/MII-KDS_en_Consent                                                            (00:00.000 / 00:50.958, 1Gb)
 .. validate /work/input/images/MII-KDS_de_Consent                                                   (00:00.000 / 00:50.958, 1Gb)
 .. /work/input/images/MII-KDS_de_Consent                                                            (00:00.000 / 00:50.958, 1Gb)
 .. validate /work/input/images/information-model_UML-Diagramm_MII-spez                              (00:00.000 / 00:50.958, 1Gb)
 .. /work/input/images/information-model_UML-Diagramm_MII-spez                                       (00:00.000 / 00:50.959, 1Gb)
 .. check Profile Examples                                                                           (00:00.000 / 00:50.959, 1Gb)
gen narratives                                                                                       (00:00.000 / 00:50.959, 1Gb)
Processing Provenance Records                                                                        (00:00.000 / 00:50.959, 1Gb)
Generating Translation artifacts                                                                     (00:00.000 / 00:50.960, 1Gb)
Generating Outputs in /work/output                                                                   (00:00.154 / 00:51.114, 1Gb)
Generate Native Outputs                                                                              (00:01.398 / 00:52.512, 1Gb)
Produce resources for ImplementationGuide/mii-ig-consent                                             (00:00.000 / 00:52.513, 1Gb)
Produce resources for CodeSystem/2.16.840.1.113883.3.1937.777.24.5.2--20210423105554                 (00:01.270 / 00:53.783, 1Gb)
Produce resources for CodeSystem/2.16.840.1.113883.3.1937.777.24.5.3--20251211153003                 (00:00.182 / 00:53.965, 1Gb)
Produce resources for CodeSystem/mii-cs-consent-version-modules                                      (00:02.441 / 00:56.406, 1Gb)
Produce resources for Consent/34150a23-b1c8-404f-874f-e042a30435d2                                   (00:00.789 / 00:57.196, 1Gb)
Produce resources for Consent/5143266b-8d60-4b28-8ee9-635140ffa5bb                                   (00:00.921 / 00:58.117, 1Gb)
Produce resources for Consent/Example-MII-Consent-ResultType-document                                (00:02.543 / 01:00.661, 1Gb)
Produce resources for DocumentReference/8a3d1799-2463-405e-b49c-6a16c8692b01                         (00:00.664 / 01:01.325, 1Gb)
Produce resources for Provenance/55219d12-6245-4de4-8b50-ddf6f16a789b                                (00:00.082 / 01:01.408, 1Gb)
Produce resources for SearchParameter/MII-SP-Consent-PolicyUri                                       (00:00.100 / 01:01.508, 1Gb)
Produce resources for SearchParameter/MII-SP-Consent-ProvisionCode                                   (00:00.075 / 01:01.584, 1Gb)
Produce resources for SearchParameter/MII-SP-Consent-ProvisionCodePeriod                             (00:00.073 / 01:01.657, 1Gb)
Produce resources for SearchParameter/MII-SP-Consent-ProvisionCodeType                               (00:00.106 / 01:01.763, 1Gb)
Produce resources for SearchParameter/MII-SP-Consent-ProvisionPeriod                                 (00:00.128 / 01:01.892, 1Gb)
Produce resources for SearchParameter/MII-SP-Consent-ProvisionType                                   (00:00.095 / 01:01.987, 1Gb)
Produce resources for StructureDefinition/56375452-bfa1-4111-af7c-5b5ba9a1857c                       (00:00.083 / 01:02.070, 1Gb)
Produce resources for StructureDefinition/e0e166b4-0f77-478d-9062-de0034d98ce0                       (00:02.836 / 01:04.906, 1Gb)
Produce resources for StructureDefinition/f675b1e8-9f3f-44e8-bb59-9681f78eb464                       (00:12.027 / 01:16.934, 456Mb)
Produce resources for ValueSet/2.16.840.1.113883.3.1937.777.24.11.30--20210323234509                 (00:02.893 / 01:19.827, 494Mb)
Produce resources for ValueSet/2.16.840.1.113883.3.1937.777.24.11.36--20230331232804                 (00:00.207 / 01:20.035, 496Mb)
Produce resources for ValueSet/88464c5b-5338-4c2b-9c07-b42fef2ada64                                  (00:00.158 / 01:20.193, 498Mb)
Produce resources for Parameters/mii-param-consent-manifest                                          (00:00.145 / 01:20.338, 498Mb)
Run Template                                                                                         (00:01.880 / 01:22.219, 826Mb)
Template Done                                                                                        (00:05.647 / 01:27.867, 884Mb)
Generate HTML Outputs                                                                                (00:00.162 / 01:28.029, 891Mb)
Produce outputs for ImplementationGuide/mii-ig-consent                                               (00:00.002 / 01:28.032, 892Mb)
Produce outputs for ImplementationGuide/mii-ig-consent                                               (00:00.123 / 01:28.156, 910Mb)
Produce outputs for ImplementationGuide/mii-ig-consent                                               (00:00.096 / 01:28.252, 929Mb)
Produce outputs for CodeSystem/2.16.840.1.113883.3.1937.777.24.5.2--20210423105554                   (00:00.069 / 01:28.322, 946Mb)
Produce outputs for CodeSystem/2.16.840.1.113883.3.1937.777.24.5.2--20210423105554                   (00:00.079 / 01:28.402, 952Mb)
Produce outputs for CodeSystem/2.16.840.1.113883.3.1937.777.24.5.2--20210423105554                   (00:00.051 / 01:28.453, 958Mb)
Produce outputs for CodeSystem/2.16.840.1.113883.3.1937.777.24.5.3--20251211153003                   (00:00.038 / 01:28.492, 962Mb)
Produce outputs for CodeSystem/2.16.840.1.113883.3.1937.777.24.5.3--20251211153003                   (00:00.120 / 01:28.612, 992Mb)
Produce outputs for CodeSystem/2.16.840.1.113883.3.1937.777.24.5.3--20251211153003                   (00:00.094 / 01:28.706, 1020Mb)
Produce outputs for CodeSystem/mii-cs-consent-version-modules                                        (00:00.081 / 01:28.788, 1Gb)
Produce outputs for CodeSystem/mii-cs-consent-version-modules                                        (00:00.076 / 01:28.864, 1Gb)
Produce outputs for CodeSystem/mii-cs-consent-version-modules                                        (00:00.071 / 01:28.935, 1Gb)
Produce outputs for Consent/34150a23-b1c8-404f-874f-e042a30435d2                                     (00:00.067 / 01:29.003, 1Gb)
Produce outputs for Consent/34150a23-b1c8-404f-874f-e042a30435d2                                     (00:00.036 / 01:29.039, 1Gb)
Produce outputs for Consent/34150a23-b1c8-404f-874f-e042a30435d2                                     (00:00.031 / 01:29.070, 1Gb)
Produce outputs for Consent/5143266b-8d60-4b28-8ee9-635140ffa5bb                                     (00:00.036 / 01:29.107, 1Gb)
Produce outputs for Consent/5143266b-8d60-4b28-8ee9-635140ffa5bb                                     (00:00.089 / 01:29.196, 1Gb)
Produce outputs for Consent/5143266b-8d60-4b28-8ee9-635140ffa5bb                                     (00:00.038 / 01:29.235, 1Gb)
Produce outputs for Consent/Example-MII-Consent-ResultType-document                                  (00:00.035 / 01:29.271, 1Gb)
Produce outputs for Consent/Example-MII-Consent-ResultType-document                                  (00:00.026 / 01:29.297, 1Gb)
Produce outputs for Consent/Example-MII-Consent-ResultType-document                                  (00:00.021 / 01:29.319, 1Gb)
Produce outputs for DocumentReference/8a3d1799-2463-405e-b49c-6a16c8692b01                           (00:00.014 / 01:29.334, 1Gb)
Produce outputs for DocumentReference/8a3d1799-2463-405e-b49c-6a16c8692b01                           (00:00.016 / 01:29.350, 1Gb)
Produce outputs for DocumentReference/8a3d1799-2463-405e-b49c-6a16c8692b01                           (00:00.013 / 01:29.364, 1Gb)
Produce outputs for Provenance/55219d12-6245-4de4-8b50-ddf6f16a789b                                  (00:00.012 / 01:29.376, 1Gb)
Produce outputs for Provenance/55219d12-6245-4de4-8b50-ddf6f16a789b                                  (00:00.015 / 01:29.392, 1Gb)
Produce outputs for Provenance/55219d12-6245-4de4-8b50-ddf6f16a789b                                  (00:00.014 / 01:29.406, 1Gb)
Produce outputs for SearchParameter/MII-SP-Consent-PolicyUri                                         (00:00.012 / 01:29.419, 1Gb)
Produce outputs for SearchParameter/MII-SP-Consent-PolicyUri                                         (00:00.017 / 01:29.436, 1Gb)
Produce outputs for SearchParameter/MII-SP-Consent-PolicyUri                                         (00:00.033 / 01:29.470, 1Gb)
Produce outputs for SearchParameter/MII-SP-Consent-ProvisionCode                                     (00:00.073 / 01:29.543, 1Gb)
Produce outputs for SearchParameter/MII-SP-Consent-ProvisionCode                                     (00:00.047 / 01:29.591, 1Gb)
Produce outputs for SearchParameter/MII-SP-Consent-ProvisionCode                                     (00:00.059 / 01:29.650, 1Gb)
Produce outputs for SearchParameter/MII-SP-Consent-ProvisionCodePeriod                               (00:00.036 / 01:29.687, 1Gb)
Produce outputs for SearchParameter/MII-SP-Consent-ProvisionCodePeriod                               (00:00.027 / 01:29.714, 1Gb)
Produce outputs for SearchParameter/MII-SP-Consent-ProvisionCodePeriod                               (00:00.023 / 01:29.738, 1Gb)
Produce outputs for SearchParameter/MII-SP-Consent-ProvisionCodeType                                 (00:00.033 / 01:29.771, 1Gb)
Produce outputs for SearchParameter/MII-SP-Consent-ProvisionCodeType                                 (00:00.017 / 01:29.789, 1Gb)
Produce outputs for SearchParameter/MII-SP-Consent-ProvisionCodeType                                 (00:00.015 / 01:29.804, 1Gb)
Produce outputs for SearchParameter/MII-SP-Consent-ProvisionPeriod                                   (00:00.016 / 01:29.820, 1Gb)
Produce outputs for SearchParameter/MII-SP-Consent-ProvisionPeriod                                   (00:00.022 / 01:29.843, 1Gb)
Produce outputs for SearchParameter/MII-SP-Consent-ProvisionPeriod                                   (00:00.014 / 01:29.857, 1Gb)
Produce outputs for SearchParameter/MII-SP-Consent-ProvisionType                                     (00:00.014 / 01:29.872, 1Gb)
Produce outputs for SearchParameter/MII-SP-Consent-ProvisionType                                     (00:00.015 / 01:29.887, 1Gb)
Produce outputs for SearchParameter/MII-SP-Consent-ProvisionType                                     (00:00.015 / 01:29.903, 1Gb)
Produce outputs for StructureDefinition/56375452-bfa1-4111-af7c-5b5ba9a1857c                         (00:00.015 / 01:29.918, 1Gb)
Produce outputs for StructureDefinition/56375452-bfa1-4111-af7c-5b5ba9a1857c                         (00:01.311 / 01:31.230, 1Gb)
Produce outputs for StructureDefinition/56375452-bfa1-4111-af7c-5b5ba9a1857c                         (00:00.380 / 01:31.610, 1Gb)
Produce outputs for StructureDefinition/e0e166b4-0f77-478d-9062-de0034d98ce0                         (00:00.289 / 01:31.900, 1Gb)
Produce outputs for StructureDefinition/e0e166b4-0f77-478d-9062-de0034d98ce0                         (00:01.198 / 01:33.098, 634Mb)
Produce outputs for StructureDefinition/e0e166b4-0f77-478d-9062-de0034d98ce0                         (00:00.723 / 01:33.821, 1Gb)
Produce outputs for StructureDefinition/f675b1e8-9f3f-44e8-bb59-9681f78eb464                         (00:00.853 / 01:34.675, 1Gb)
Produce outputs for StructureDefinition/f675b1e8-9f3f-44e8-bb59-9681f78eb464                         (00:00.344 / 01:35.020, 1Gb)
Produce outputs for StructureDefinition/f675b1e8-9f3f-44e8-bb59-9681f78eb464                         (00:00.296 / 01:35.316, 1Gb)
Produce outputs for ValueSet/2.16.840.1.113883.3.1937.777.24.11.30--20210323234509                   (00:00.314 / 01:35.631, 416Mb)
Produce outputs for ValueSet/2.16.840.1.113883.3.1937.777.24.11.30--20210323234509                   (00:00.130 / 01:35.761, 396Mb)
Produce outputs for ValueSet/2.16.840.1.113883.3.1937.777.24.11.30--20210323234509                   (00:00.096 / 01:35.857, 402Mb)
Produce outputs for ValueSet/2.16.840.1.113883.3.1937.777.24.11.36--20230331232804                   (00:00.064 / 01:35.922, 408Mb)
Produce outputs for ValueSet/2.16.840.1.113883.3.1937.777.24.11.36--20230331232804                   (00:00.123 / 01:36.046, 430Mb)
Produce outputs for ValueSet/2.16.840.1.113883.3.1937.777.24.11.36--20230331232804                   (00:00.069 / 01:36.115, 450Mb)
Produce outputs for ValueSet/88464c5b-5338-4c2b-9c07-b42fef2ada64                                    (00:00.065 / 01:36.181, 470Mb)
Produce outputs for ValueSet/88464c5b-5338-4c2b-9c07-b42fef2ada64                                    (00:00.053 / 01:36.234, 474Mb)
Produce outputs for ValueSet/88464c5b-5338-4c2b-9c07-b42fef2ada64                                    (00:00.034 / 01:36.268, 480Mb)
Produce outputs for Parameters/mii-param-consent-manifest                                            (00:00.030 / 01:36.299, 484Mb)
Produce outputs for Parameters/mii-param-consent-manifest                                            (00:00.050 / 01:36.349, 486Mb)
Produce outputs for Parameters/mii-param-consent-manifest                                            (00:00.012 / 01:36.361, 488Mb)
Generate Spreadsheets                                                                                (00:00.096 / 01:36.458, 498Mb)
Generate Summaries                                                                                   (00:01.024 / 01:37.483, 996Mb)
Generating Summary Outputs (en)                                                                      (00:00.000 / 01:37.483, 996Mb)
Generating Summary Outputs (de)                                                                      (00:08.541 / 01:46.025, 1Gb)
DB Cumulative Time invested: 00:00:00.132
Sending Usage Stats to Server                                                                        (00:07.044 / 01:53.069, 502Mb)
## Memory (MB): Use = 504, Free = 895, Total = 1400, Max = 6144                                      (00:00.004 / 01:53.073, 504Mb)
Reclaiming memory...                                                                                 (00:00.000 / 01:53.074, 504Mb)
Generating combined package                                                                          (00:00.004 / 01:53.078, 506Mb)
Error generating combined package: /work/output/package.tgz (No such file or directory)              (00:00.004 / 01:53.082, 506Mb)
## Memory (MB): Use = 363, Free = 916, Total = 1280, Max = 6144                                      (00:00.149 / 01:53.232, 365Mb)
Run jekyll: jekyll build --destination "/work/output" (in folder /work/temp/pages)                   (00:00.004 / 01:53.236, 367Mb)
Troubleshooting Note: usual cases for Jekyll to fail are:                                            (00:00.000 / 01:53.236, 367Mb)
* A failure to produce a fragment that is already logged in the output above                         (00:00.000 / 01:53.236, 367Mb)
* A reference to a manually edited file that hasn't been provided                                    (00:00.000 / 01:53.236, 367Mb)
Jekyll: Source: /work/temp/pages                                                                     (00:00.333 / 01:53.570, 373Mb)
Jekyll: Generating...                                                                                (00:00.000 / 01:53.571, 373Mb)
Jekyll: done in 4.756 seconds.                                                                       (00:04.758 / 01:58.329, 373Mb)
[39m
[0;39m[39mInstalling de.medizininformatikinitiative.kerndatensatz.consent#dev
[0;39m[39m done.
[0;39m[39m loaded @ /root/.fhir/packages/de.medizininformatikinitiative.kerndatensatz.consent#dev
[0;39mChecking Output HTML                                                                                 (00:01.340 / 01:59.669, 737Mb)
AI format for /work/output/en - % reduction = 98
AI format for /work/output/de - % reduction = 98
CheckHTML: List files                                                                                (00:01.138 / 02:00.808, 1Gb)
found 2341 files                                                                                     (00:00.147 / 02:00.955, 1Gb)
Loading Files                                                                                        (00:00.000 / 02:00.955, 1Gb)
Load /work/output/tbl_bck01111.png                                                                   (00:00.000 / 02:00.955, 1Gb)
Load /work/output/StructureDefinition-f675b1e8-9f3f-44e8-bb59-9681f78eb464.xlsx                      (00:00.003 / 02:00.958, 1Gb)
Load /work/output/Consent-5143266b-8d60-4b28-8ee9-635140ffa5bb.json                                  (00:00.000 / 02:00.958, 1Gb)
Load /work/output/icon_page_n_i.gif                                                                  (00:00.000 / 02:00.959, 1Gb)
Load /work/output/researcher-guidance.html                                                           (00:00.000 / 02:00.959, 1Gb)
Load /work/output/tbl_bck0111.png                                                                    (00:00.001 / 02:00.961, 1Gb)
Load /work/output/SearchParameter-MII-SP-Consent-ProvisionType.json.html                             (00:00.000 / 02:00.961, 1Gb)
Load /work/output/tbl_bck11100.png                                                                   (00:00.000 / 02:00.962, 1Gb)
Load /work/output/tbl_bck03510.png                                                                   (00:00.000 / 02:00.962, 1Gb)
Load /work/output/ValueSet-2.16.840.1.113883.3.1937.777.24.11.36--20230331232804.xml.html            (00:00.000 / 02:00.962, 1Gb)
Load /work/output/tbl_bck1025.png                                                                    (00:00.003 / 02:00.966, 1Gb)
Load /work/output/icon-administration.png                                                            (00:00.000 / 02:00.966, 1Gb)
Load /work/output/tbl_bck150.png                                                                     (00:00.000 / 02:00.966, 1Gb)
Load /work/output/tbl_bck144.png                                                                     (00:00.000 / 02:00.967, 1Gb)
Load /work/output/llms.txt                                                                           (00:00.000 / 02:00.967, 1Gb)
Load /work/output/translationinfo.html                                                               (00:00.000 / 02:00.967, 1Gb)
Load /work/output/tbl_bck0000111101.png                                                              (00:00.023 / 02:00.991, 1Gb)
Load /work/output/searchform.html                                                                    (00:00.000 / 02:00.991, 1Gb)
Load /work/output/SearchParameter-MII-SP-Consent-ProvisionCodePeriod.change.history.html             (00:00.001 / 02:00.993, 1Gb)
Load /work/output/tbl_bck1001010.png                                                                 (00:00.001 / 02:00.995, 1Gb)
Load /work/output/tbl_bck0515.png                                                                    (00:00.000 / 02:00.995, 1Gb)
Load /work/output/icon-fhir-16-grey.png                                                              (00:00.000 / 02:00.995, 1Gb)
Load /work/output/CodeSystem-2.16.840.1.113883.3.1937.777.24.5.3--20251211153003.xlsx                (00:00.000 / 02:00.996, 1Gb)
Load /work/output/tbl_bck1011001.png                                                                 (00:00.000 / 02:00.996, 1Gb)
Load /work/output/tbl_bck1111000.png                                                                 (00:00.000 / 02:00.996, 1Gb)
Load /work/output/CodeSystem-2.16.840.1.113883.3.1937.777.24.5.3--20251211153003.html                (00:00.000 / 02:00.996, 1Gb)
Load /work/output/tbl_bck1011000.png                                                                 (00:00.000 / 02:00.997, 1Gb)
Load /work/output/tbl_bck1352.png                                                                    (00:00.000 / 02:00.998, 1Gb)
Load /work/output/StructureDefinition-e0e166b4-0f77-478d-9062-de0034d98ce0-testing.html              (00:00.000 / 02:00.998, 1Gb)
Load /work/output/ValueSet-2.16.840.1.113883.3.1937.777.24.11.30--20210323234509-testing.html        (00:00.000 / 02:00.999, 1Gb)
Load /work/output/icon-qi-help.png                                                                   (00:00.000 / 02:00.999, 1Gb)
Load /work/output/icon_profile.png                                                                   (00:00.000 / 02:01.000, 1Gb)
Load /work/output/tbl_bck025.png                                                                     (00:00.000 / 02:01.000, 1Gb)
Load /work/output/tbl_bck0500.png                                                                    (00:00.000 / 02:01.000, 1Gb)
Load /work/output/tbl_bck1150.png                                                                    (00:00.000 / 02:01.000, 1Gb)
Load /work/output/StructureDefinition-e0e166b4-0f77-478d-9062-de0034d98ce0-mappings.html             (00:00.000 / 02:01.001, 1Gb)
Load /work/output/tbl_bck0000111100.png                                                              (00:00.000 / 02:01.001, 1Gb)
Load /work/output/SearchParameter-MII-SP-Consent-ProvisionCode.json                                  (00:00.000 / 02:01.002, 1Gb)
Load /work/output/tbl_bck151.png                                                                     (00:00.000 / 02:01.002, 1Gb)
Load /work/output/icon_page_n.gif                                                                    (00:00.000 / 02:01.003, 1Gb)
Load /work/output/icon-fhir-16.png                                                                   (00:00.000 / 02:01.003, 1Gb)
Load /work/output/tbl_bck1024.png                                                                    (00:00.000 / 02:01.003, 1Gb)
Load /work/output/tbl_bck125241.png                                                                  (00:00.000 / 02:01.003, 1Gb)
Load /work/output/external.png                                                                       (00:00.000 / 02:01.004, 1Gb)
Load /work/output/definitions.json.zip                                                               (00:00.000 / 02:01.004, 1Gb)
Load /work/output/tbl_bck11101.png                                                                   (00:00.000 / 02:01.004, 1Gb)
Load /work/output/SearchParameter-MII-SP-Consent-ProvisionPeriod.xml                                 (00:00.000 / 02:01.004, 1Gb)
Load /work/output/StructureDefinition-56375452-bfa1-4111-af7c-5b5ba9a1857c-notes.md                  (00:00.000 / 02:01.005, 1Gb)
Load /work/output/tbl_bck0110.png                                                                    (00:00.000 / 02:01.005, 1Gb)
Load /work/output/de.medizininformatikinitiative.kerndatensatz.consent.en.manifest.json              (00:00.000 / 02:01.006, 1Gb)
Load /work/output/tbl_bck1540.png                                                                    (00:00.000 / 02:01.006, 1Gb)
Load /work/output/artifacts.html                                                                     (00:00.000 / 02:01.007, 1Gb)
Load /work/output/tbl_bck13500.png                                                                   (00:00.001 / 02:01.008, 1Gb)
Load /work/output/StructureDefinition-f675b1e8-9f3f-44e8-bb59-9681f78eb464.html                      (00:00.000 / 02:01.008, 1Gb)
Load /work/output/tbl_bck01110.png                                                                   (00:00.000 / 02:01.009, 1Gb)
Load /work/output/tbl_bck0350250.png                                                                 (00:00.000 / 02:01.009, 1Gb)
Load /work/output/tbl_bck0250250.png                                                                 (00:00.000 / 02:01.009, 1Gb)
Load /work/output/CodeSystem-2.16.840.1.113883.3.1937.777.24.5.2--20210423105554.json.html           (00:00.000 / 02:01.009, 1Gb)
Load /work/output/icon_reference.png                                                                 (00:00.003 / 02:01.013, 1Gb)
.Load /work/output/tbl_bck0112.png                                                                    (00:00.000 / 02:01.014, 1Gb)
Load /work/output/tbl_bck03513.png                                                                   (00:00.000 / 02:01.014, 1Gb)
Load /work/output/CodeSystem-mii-cs-consent-version-modules.xlsx                                     (00:00.000 / 02:01.014, 1Gb)
Load /work/output/tbl_bck100000.png                                                                  (00:00.000 / 02:01.015, 1Gb)
Load /work/output/tbl_bck000000.png                                                                  (00:00.000 / 02:01.015, 1Gb)
Load /work/output/ImplementationGuide-mii-ig-consent.json                                            (00:00.000 / 02:01.015, 1Gb)
Load /work/output/tbl_bck000011110000.png                                                            (00:00.000 / 02:01.015, 1Gb)
Load /work/output/tbl_vjoin-closed.png                                                               (00:00.000 / 02:01.015, 1Gb)
Load /work/output/CodeSystem-mii-cs-consent-version-modules-testing.html                             (00:00.000 / 02:01.016, 1Gb)
Load /work/output/tbl_bck1152.png                                                                    (00:00.001 / 02:01.017, 1Gb)
Load /work/output/tbl_bck0111101.png                                                                 (00:00.000 / 02:01.017, 1Gb)
Load /work/output/SearchParameter-MII-SP-Consent-ProvisionCode.xml                                   (00:00.000 / 02:01.018, 1Gb)
Load /work/output/tbl_bck033.png                                                                     (00:00.000 / 02:01.019, 1Gb)
Load /work/output/Consent-34150a23-b1c8-404f-874f-e042a30435d2.change.history.html                   (00:00.000 / 02:01.019, 1Gb)
Load /work/output/Consent-Example-MII-Consent-ResultType-document.change.history.html                (00:00.000 / 02:01.020, 1Gb)
Load /work/output/prism.js                                                                           (00:00.000 / 02:01.021, 1Gb)
Load /work/output/tbl_bck1350.png                                                                    (00:00.000 / 02:01.021, 1Gb)
Load /work/output/tbl_bck00001111110.png                                                             (00:00.000 / 02:01.021, 1Gb)
Load /work/output/tbl_bck00001111111.png                                                             (00:00.000 / 02:01.022, 1Gb)
Load /work/output/tbl_bck1351.png                                                                    (00:00.000 / 02:01.022, 1Gb)
Load /work/output/mustsupport.png                                                                    (00:00.000 / 02:01.022, 1Gb)
Load /work/output/icon_vd_col.png                                                                    (00:00.000 / 02:01.022, 1Gb)
Load /work/output/tbl_bck0111100.png                                                                 (00:00.000 / 02:01.023, 1Gb)
Load /work/output/tbl_bck035125.png                                                                  (00:00.000 / 02:01.023, 1Gb)
Load /work/output/StructureDefinition-f675b1e8-9f3f-44e8-bb59-9681f78eb464-testing.html              (00:00.000 / 02:01.023, 1Gb)
Load /work/output/tbl_bck03300.png                                                                   (00:00.000 / 02:01.024, 1Gb)
Load /work/output/tbl_bck152.png                                                                     (00:00.000 / 02:01.024, 1Gb)
Load /work/output/CodeSystem-mii-cs-consent-version-modules.html                                     (00:00.000 / 02:01.024, 1Gb)
Load /work/output/SearchParameter-MII-SP-Consent-ProvisionType.xml.html                              (00:00.000 / 02:01.025, 1Gb)
Load /work/output/tbl_bck000001.png                                                                  (00:00.000 / 02:01.025, 1Gb)
Load /work/output/tbl_bck03512.png                                                                   (00:00.000 / 02:01.026, 1Gb)
Load /work/output/icon_vd_select.png                                                                 (00:00.000 / 02:01.026, 1Gb)
Load /work/output/tbl_bck1543.png                                                                    (00:00.000 / 02:01.026, 1Gb)
Load /work/output/usage-stats.json                                                                   (00:00.000 / 02:01.026, 1Gb)
Load /work/output/SearchParameter-MII-SP-Consent-ProvisionType.html                                  (00:00.000 / 02:01.027, 1Gb)
Load /work/output/guidance.html                                                                      (00:00.000 / 02:01.027, 1Gb)
Load /work/output/tbl_bck110010.png                                                                  (00:00.000 / 02:01.028, 1Gb)
Load /work/output/icon-toc.png                                                                       (00:00.000 / 02:01.028, 1Gb)
Load /work/output/tbl_bck110000.png                                                                  (00:00.000 / 02:01.029, 1Gb)
Load /work/output/DocumentReference-8a3d1799-2463-405e-b49c-6a16c8692b01.json                        (00:00.000 / 02:01.029, 1Gb)
Load /work/output/CodeSystem-2.16.840.1.113883.3.1937.777.24.5.3--20251211153003.xml.html            (00:00.000 / 02:01.030, 1Gb)
Load /work/output/icon_page_n_o.gif                                                                  (00:00.000 / 02:01.030, 1Gb)
Load /work/output/must-support.html                                                                  (00:00.000 / 02:01.031, 1Gb)
Load /work/output/tbl_bck000011.png                                                                  (00:00.000 / 02:01.031, 1Gb)
Load /work/output/implementer-guidance.html                                                          (00:00.000 / 02:01.032, 1Gb)
Load /work/output/tbl_bck125252.png                                                                  (00:00.000 / 02:01.032, 1Gb)
Load /work/output/ValueSet-2.16.840.1.113883.3.1937.777.24.11.30--20210323234509.json                (00:00.000 / 02:01.033, 1Gb)
Load /work/output/icon-fhir-128.png                                                                  (00:00.000 / 02:01.033, 1Gb)
Load /work/output/tbl_bck03310.png                                                                   (00:00.000 / 02:01.034, 1Gb)
Load /work/output/index.html                                                                         (00:00.000 / 02:01.035, 1Gb)
Load /work/output/tbl_bck0111110.png                                                                 (00:00.001 / 02:01.036, 1Gb)
Load /work/output/tbl_vjoin.png                                                                      (00:00.000 / 02:01.036, 1Gb)
Load /work/output/Consent-Example-MII-Consent-ResultType-document.json.html                          (00:00.000 / 02:01.036, 1Gb)
Load /work/output/StructureDefinition-e0e166b4-0f77-478d-9062-de0034d98ce0-intro.md                  (00:00.000 / 02:01.037, 1Gb)
Load /work/output/tbl_bck00001111101.png                                                             (00:00.000 / 02:01.037, 1Gb)
Load /work/output/StructureDefinition-56375452-bfa1-4111-af7c-5b5ba9a1857c.xlsx                      (00:00.000 / 02:01.037, 1Gb)
Load /work/output/tbl_vjoin_end_slice.png                                                            (00:00.000 / 02:01.038, 1Gb)
Load /work/output/tbl_bck1341.png                                                                    (00:00.000 / 02:01.038, 1Gb)
.Load /work/output/tbl_bck1340.png                                                                    (00:00.000 / 02:01.038, 1Gb)
Load /work/output/StructureDefinition-56375452-bfa1-4111-af7c-5b5ba9a1857c.html                      (00:00.000 / 02:01.039, 1Gb)
Load /work/output/tbl_bck025125.png                                                                  (00:00.000 / 02:01.039, 1Gb)
Load /work/output/icon-q-text.png                                                                    (00:00.000 / 02:01.040, 1Gb)
Load /work/output/tbl_bck00001111100.png                                                             (00:00.010 / 02:01.051, 1Gb)
Load /work/output/SearchParameter-MII-SP-Consent-ProvisionType.xml                                   (00:00.000 / 02:01.051, 1Gb)
Load /work/output/icon-q-display.png                                                                 (00:00.000 / 02:01.052, 1Gb)
Load /work/output/icon-fhir-1024.png                                                                 (00:00.000 / 02:01.052, 1Gb)
Load /work/output/package.tgz                                                                        (00:00.000 / 02:01.053, 1Gb)
Load /work/output/tbl_bck0512.png                                                                    (00:00.000 / 02:01.053, 1Gb)
Load /work/output/tbl_bck000011110010.png                                                            (00:00.000 / 02:01.053, 1Gb)
Load /work/output/conformance.html                                                                   (00:00.000 / 02:01.053, 1Gb)
Load /work/output/tbl_bck143.png                                                                     (00:00.000 / 02:01.054, 1Gb)
Load /work/output/tbl_bck03503.png                                                                   (00:00.000 / 02:01.054, 1Gb)
Load /work/output/StructureDefinition-56375452-bfa1-4111-af7c-5b5ba9a1857c-definitions.html          (00:00.000 / 02:01.054, 1Gb)
Load /work/output/tbl_bck100010.png                                                                  (00:00.000 / 02:01.055, 1Gb)
Load /work/output/tbl_bck000010.png                                                                  (00:00.000 / 02:01.055, 1Gb)
Load /work/output/tbl_bck1552.png                                                                    (00:00.000 / 02:01.056, 1Gb)
Load /work/output/SearchParameter-MII-SP-Consent-ProvisionPeriod.change.history.html                 (00:00.000 / 02:01.056, 1Gb)
Load /work/output/icon_element.gif                                                                   (00:00.000 / 02:01.056, 1Gb)
Load /work/output/SearchParameter-MII-SP-Consent-ProvisionType.change.history.html                   (00:00.000 / 02:01.057, 1Gb)
Load /work/output/tbl_bck0350240.png                                                                 (00:00.000 / 02:01.057, 1Gb)
Load /work/output/tbl_bck13512.png                                                                   (00:00.000 / 02:01.058, 1Gb)
Load /work/output/tbl_bck0250240.png                                                                 (00:00.000 / 02:01.058, 1Gb)
Load /work/output/tbl_bck13510.png                                                                   (00:00.000 / 02:01.058, 1Gb)
Load /work/output/SearchParameter-MII-SP-Consent-ProvisionCode-testing.html                          (00:00.000 / 02:01.058, 1Gb)
Load /work/output/tbl_bck01100.png                                                                   (00:00.000 / 02:01.059, 1Gb)
Load /work/output/StructureDefinition-e0e166b4-0f77-478d-9062-de0034d98ce0-examples.html             (00:00.000 / 02:01.059, 1Gb)
Load /work/output/SearchParameter-MII-SP-Consent-PolicyUri-testing.html                              (00:00.000 / 02:01.059, 1Gb)
Load /work/output/tbl_bck0100.png                                                                    (00:00.000 / 02:01.060, 1Gb)
Load /work/output/tbl_bck1550.png                                                                    (00:00.000 / 02:01.060, 1Gb)
Load /work/output/tbl_bck12424.png                                                                   (00:00.000 / 02:01.060, 1Gb)
Load /work/output/tbl_bck11111.png                                                                   (00:00.000 / 02:01.060, 1Gb)
Load /work/output/CodeSystem-mii-cs-consent-version-modules.xml.html                                 (00:00.000 / 02:01.061, 1Gb)
Load /work/output/tbl_bck155.png                                                                     (00:00.000 / 02:01.061, 1Gb)
Load /work/output/tbl_bck141.png                                                                     (00:00.000 / 02:01.061, 1Gb)
Load /work/output/Parameters-mii-param-consent-manifest.xml                                          (00:00.000 / 02:01.062, 1Gb)
Load /work/output/tbl_bck0000111110.png                                                              (00:00.000 / 02:01.062, 1Gb)
Load /work/output/Consent-34150a23-b1c8-404f-874f-e042a30435d2.html                                  (00:00.000 / 02:01.063, 1Gb)
Load /work/output/MII-KDS_en_Consent.jpg                                                             (00:00.000 / 02:01.063, 1Gb)
Load /work/output/tbl_bck035.png                                                                     (00:00.000 / 02:01.064, 1Gb)
Load /work/output/tbl_bck1001001.png                                                                 (00:00.000 / 02:01.064, 1Gb)
Load /work/output/tbl_bck0510.png                                                                    (00:00.000 / 02:01.065, 1Gb)
Load /work/output/tbl_bck1140.png                                                                    (00:00.000 / 02:01.065, 1Gb)
Load /work/output/tbl_bck1111010.png                                                                 (00:00.000 / 02:01.065, 1Gb)
Load /work/output/package.r4.manifest.json                                                           (00:00.000 / 02:01.065, 1Gb)
Load /work/output/tbl_bck1011010.png                                                                 (00:00.000 / 02:01.066, 1Gb)
Load /work/output/tbl_bck1424.png                                                                    (00:00.000 / 02:01.066, 1Gb)
Load /work/output/icon-resource.png                                                                  (00:00.000 / 02:01.066, 1Gb)
Load /work/output/icon_text.png                                                                      (00:00.000 / 02:01.067, 1Gb)
Load /work/output/examples.xml.zip                                                                   (00:00.000 / 02:01.067, 1Gb)
Load /work/output/toc.html                                                                           (00:00.000 / 02:01.067, 1Gb)
Load /work/output/SearchParameter-MII-SP-Consent-ProvisionCodePeriod.xml                             (00:00.001 / 02:01.069, 1Gb)
Load /work/output/Consent-34150a23-b1c8-404f-874f-e042a30435d2.xml                                   (00:00.003 / 02:01.072, 1Gb)
Load /work/output/Provenance-55219d12-6245-4de4-8b50-ddf6f16a789b.html                               (00:00.006 / 02:01.078, 1Gb)
Load /work/output/icon-type-operation.png                                                            (00:00.001 / 02:01.080, 1Gb)
Load /work/output/tbl_vjoin_slicer.png                                                               (00:00.000 / 02:01.080, 1Gb)
Load /work/output/icon_bundle.png                                                                    (00:00.000 / 02:01.080, 1Gb)
.Load /work/output/tbl_bck1001000.png                                                                 (00:00.000 / 02:01.081, 1Gb)
Load /work/output/tbl_bck0505.png                                                                    (00:00.000 / 02:01.081, 1Gb)
Load /work/output/Consent-5143266b-8d60-4b28-8ee9-635140ffa5bb.xml                                   (00:00.000 / 02:01.081, 1Gb)
Load /work/output/StructureDefinition-e0e166b4-0f77-478d-9062-de0034d98ce0-definitions.html          (00:00.007 / 02:01.089, 1Gb)
Load /work/output/tbl_vjoin_end_slicer-closed.png                                                    (00:00.001 / 02:01.090, 1Gb)
Load /work/output/tbl_bck0000111111.png                                                              (00:00.000 / 02:01.091, 1Gb)
Load /work/output/tbl_bck125250.png                                                                  (00:00.000 / 02:01.091, 1Gb)
Load /work/output/tbl_bck140.png                                                                     (00:00.000 / 02:01.091, 1Gb)
Load /work/output/changes.html                                                                       (00:00.000 / 02:01.092, 1Gb)
Load /work/output/icon-qi-subject.png                                                                (00:00.000 / 02:01.092, 1Gb)
Load /work/output/tbl_bck11110.png                                                                   (00:00.000 / 02:01.093, 1Gb)
Load /work/output/StructureDefinition-56375452-bfa1-4111-af7c-5b5ba9a1857c.profile.history.html      (00:00.000 / 02:01.093, 1Gb)
Load /work/output/ValueSet-88464c5b-5338-4c2b-9c07-b42fef2ada64.json                                 (00:00.000 / 02:01.094, 1Gb)
Load /work/output/tbl_bck03500.png                                                                   (00:00.000 / 02:01.094, 1Gb)
Load /work/output/ValueSet-88464c5b-5338-4c2b-9c07-b42fef2ada64.xml.html                             (00:00.000 / 02:01.094, 1Gb)
Load /work/output/icon_extension_complex.png                                                         (00:00.000 / 02:01.095, 1Gb)
Load /work/output/lock.png                                                                           (00:00.000 / 02:01.095, 1Gb)
Load /work/output/ValueSet-2.16.840.1.113883.3.1937.777.24.11.30--20210323234509.xml.html            (00:00.000 / 02:01.096, 1Gb)
Load /work/output/tbl_bck0101.png                                                                    (00:00.000 / 02:01.096, 1Gb)
Load /work/output/tbl_bck01101.png                                                                   (00:00.000 / 02:01.097, 1Gb)
Load /work/output/SearchParameter-MII-SP-Consent-PolicyUri.change.history.html                       (00:00.000 / 02:01.097, 1Gb)
Load /work/output/tbl_vjoin_slicer-closed.png                                                        (00:00.000 / 02:01.097, 1Gb)
Load /work/output/SearchParameter-MII-SP-Consent-ProvisionCodePeriod.html                            (00:00.000 / 02:01.098, 1Gb)
Load /work/output/CodeSystem-2.16.840.1.113883.3.1937.777.24.5.3--20251211153003.change.history.html (00:00.000 / 02:01.098, 1Gb)
Load /work/output/tbl_bck011110000.png                                                               (00:00.000 / 02:01.099, 1Gb)
Load /work/output/tbl_bck1250.png                                                                    (00:00.000 / 02:01.099, 1Gb)
Load /work/output/tbl_bck00001111010.png                                                             (00:00.000 / 02:01.099, 1Gb)
Load /work/output/tbl_bck133.png                                                                     (00:00.000 / 02:01.100, 1Gb)
Load /work/output/StructureDefinition-f675b1e8-9f3f-44e8-bb59-9681f78eb464.csv                       (00:00.000 / 02:01.100, 1Gb)
Load /work/output/icon-fhir-48.png                                                                   (00:00.000 / 02:01.100, 1Gb)
Load /work/output/icon-q-date.png                                                                    (00:00.000 / 02:01.100, 1Gb)
Load /work/output/tbl_bck100100.png                                                                  (00:00.000 / 02:01.100, 1Gb)
Load /work/output/DocumentReference-8a3d1799-2463-405e-b49c-6a16c8692b01.xml.html                    (00:00.000 / 02:01.101, 1Gb)
Load /work/output/tbl_bck000100.png                                                                  (00:00.000 / 02:01.101, 1Gb)
Load /work/output/tree-filter.png                                                                    (00:00.000 / 02:01.102, 1Gb)
Load /work/output/Parameters-mii-param-consent-manifest.html                                         (00:00.000 / 02:01.102, 1Gb)
Load /work/output/tbl_bck1330.png                                                                    (00:00.000 / 02:01.103, 1Gb)
Load /work/output/icon-not-selected.png                                                              (00:00.000 / 02:01.103, 1Gb)
Load /work/output/icon_choice.gif                                                                    (00:00.000 / 02:01.104, 1Gb)
Load /work/output/tbl_bck010110.png                                                                  (00:00.000 / 02:01.104, 1Gb)
Load /work/output/icon_page-child.gif                                                                (00:00.000 / 02:01.104, 1Gb)
Load /work/output/tbl_bck110110.png                                                                  (00:00.000 / 02:01.104, 1Gb)
Load /work/output/StructureDefinition-56375452-bfa1-4111-af7c-5b5ba9a1857c-testing.html              (00:00.000 / 02:01.104, 1Gb)
Load /work/output/DocumentReference-8a3d1799-2463-405e-b49c-6a16c8692b01.xml                         (00:00.000 / 02:01.105, 1Gb)
Load /work/output/Consent-34150a23-b1c8-404f-874f-e042a30435d2.xml.html                              (00:00.000 / 02:01.106, 1Gb)
Load /work/output/tbl_vjoin_end_slicer-open.png                                                      (00:00.005 / 02:01.111, 368Mb)
Load /work/output/icon-change-remove.png                                                             (00:00.000 / 02:01.112, 368Mb)
Load /work/output/link.svg                                                                           (00:00.000 / 02:01.113, 368Mb)
Load /work/output/tbl_bck100101.png                                                                  (00:00.001 / 02:01.114, 368Mb)
Load /work/output/icon_modifier_extension_simple.png                                                 (00:00.000 / 02:01.114, 368Mb)
Load /work/output/StructureDefinition-f675b1e8-9f3f-44e8-bb59-9681f78eb464-definitions.html          (00:00.000 / 02:01.114, 368Mb)
Load /work/output/tbl_bck035025.png                                                                  (00:00.001 / 02:01.116, 368Mb)
Load /work/output/tbl_bck10240.png                                                                   (00:00.000 / 02:01.116, 368Mb)
Load /work/output/logical-models.html                                                                (00:00.000 / 02:01.117, 368Mb)
Load /work/output/StructureDefinition-56375452-bfa1-4111-af7c-5b5ba9a1857c.profile.json.html         (00:00.000 / 02:01.118, 368Mb)
Load /work/output/StructureDefinition-f675b1e8-9f3f-44e8-bb59-9681f78eb464.profile.json.html         (00:00.001 / 02:01.119, 368Mb)
Load /work/output/tbl_bck1251.png                                                                    (00:00.000 / 02:01.120, 368Mb)
Load /work/output/icon-qi-vertical.png                                                               (00:00.000 / 02:01.120, 368Mb)
.Load /work/output/ValueSet-2.16.840.1.113883.3.1937.777.24.11.36--20230331232804.json                (00:00.000 / 02:01.121, 368Mb)
Load /work/output/Provenance-55219d12-6245-4de4-8b50-ddf6f16a789b.change.history.html                (00:00.000 / 02:01.121, 368Mb)
Load /work/output/tbl_bck1253.png                                                                    (00:00.001 / 02:01.122, 368Mb)
Load /work/output/icon-change-edit.png                                                               (00:00.000 / 02:01.123, 368Mb)
Load /work/output/url-literals.json                                                                  (00:00.000 / 02:01.123, 368Mb)
Load /work/output/tbl_bck000011110.png                                                               (00:00.000 / 02:01.124, 368Mb)
Load /work/output/Provenance-55219d12-6245-4de4-8b50-ddf6f16a789b.xml.html                           (00:00.000 / 02:01.124, 368Mb)
Load /work/output/tbl_bck0000111001.png                                                              (00:00.000 / 02:01.125, 368Mb)
Load /work/output/tbl_bck0000111110110.png                                                           (00:00.000 / 02:01.125, 368Mb)
Load /work/output/de.medizininformatikinitiative.kerndatensatz.consent.en.tgz                        (00:00.000 / 02:01.126, 368Mb)
Load /work/output/tbl_bck124.png                                                                     (00:00.000 / 02:01.126, 368Mb)
Load /work/output/tbl_bck130.png                                                                     (00:00.000 / 02:01.127, 368Mb)
Load /work/output/tbl_bck11000.png                                                                   (00:00.000 / 02:01.127, 368Mb)
Load /work/output/tbl_bck03410.png                                                                   (00:00.000 / 02:01.127, 368Mb)
Load /work/output/tbl_bck12535.png                                                                   (00:00.000 / 02:01.128, 368Mb)
Load /work/output/tbl_bck125340.png                                                                  (00:00.000 / 02:01.128, 368Mb)
Load /work/output/tbl_bck1125.png                                                                    (00:00.000 / 02:01.129, 368Mb)
Load /work/output/tbl_bck050.png                                                                     (00:00.000 / 02:01.129, 368Mb)
Load /work/output/tbl_bck01011.png                                                                   (00:00.000 / 02:01.129, 368Mb)
Load /work/output/tbl_vjoin_end_slicer.png                                                           (00:00.000 / 02:01.130, 368Mb)
Load /work/output/tbl-open.png                                                                       (00:00.000 / 02:01.130, 368Mb)
Load /work/output/tbl_bck0011.png                                                                    (00:00.000 / 02:01.130, 368Mb)
Load /work/output/SearchParameter-MII-SP-Consent-ProvisionPeriod.json.html                           (00:00.000 / 02:01.130, 368Mb)
Load /work/output/tbl_bck0010.png                                                                    (00:00.000 / 02:01.131, 368Mb)
Load /work/output/icon-qi-hidden.png                                                                 (00:00.000 / 02:01.132, 368Mb)
Load /work/output/tbl_bck13400.png                                                                   (00:00.000 / 02:01.132, 368Mb)
Load /work/output/tbl_bck01010.png                                                                   (00:00.000 / 02:01.132, 368Mb)
Load /work/output/Consent-Example-MII-Consent-ResultType-document.html                               (00:00.000 / 02:01.133, 368Mb)
Load /work/output/icon-warning.png                                                                   (00:00.000 / 02:01.134, 368Mb)
Load /work/output/tbl_bck051.png                                                                     (00:00.000 / 02:01.134, 368Mb)
Load /work/output/tbl_bck1124.png                                                                    (00:00.000 / 02:01.134, 368Mb)
Load /work/output/SearchParameter-MII-SP-Consent-ProvisionPeriod.json                                (00:00.000 / 02:01.135, 368Mb)
Load /work/output/SearchParameter-MII-SP-Consent-ProvisionCodeType.xml                               (00:00.000 / 02:01.135, 368Mb)
Load /work/output/tbl_vjoin_slice-open.png                                                           (00:00.000 / 02:01.136, 370Mb)
Load /work/output/tbl_bck11001.png                                                                   (00:00.000 / 02:01.136, 370Mb)
Load /work/output/uml-diagrams.html                                                                  (00:00.000 / 02:01.136, 370Mb)
Load /work/output/tbl_bck125.png                                                                     (00:00.000 / 02:01.137, 370Mb)
Load /work/output/tbl_bck0400.png                                                                    (00:00.000 / 02:01.137, 370Mb)
Load /work/output/tbl_bck1050.png                                                                    (00:00.000 / 02:01.137, 370Mb)
Load /work/output/validator.pack                                                                     (00:00.000 / 02:01.137, 370Mb)
Load /work/output/tbl_bck0000111000.png                                                              (00:00.000 / 02:01.138, 370Mb)
Load /work/output/tbl_vjoin-open.png                                                                 (00:00.000 / 02:01.138, 370Mb)
Load /work/output/icon_vd_view.png                                                                   (00:00.000 / 02:01.138, 370Mb)
Load /work/output/StructureDefinition-f675b1e8-9f3f-44e8-bb59-9681f78eb464-intro.md                  (00:00.000 / 02:01.138, 370Mb)
Load /work/output/icon_datatype.gif                                                                  (00:00.000 / 02:01.139, 370Mb)
Load /work/output/tbl_bck000011111.png                                                               (00:00.000 / 02:01.139, 370Mb)
Load /work/output/alert.jpg                                                                          (00:00.000 / 02:01.140, 370Mb)
Load /work/output/StructureDefinition-e0e166b4-0f77-478d-9062-de0034d98ce0.csv                       (00:00.000 / 02:01.140, 370Mb)
Load /work/output/tbl_vjoin_end_slice-open.png                                                       (00:00.000 / 02:01.140, 370Mb)
Load /work/output/tbl_bck1011100.png                                                                 (00:00.000 / 02:01.140, 370Mb)
Load /work/output/tbl_bck1252.png                                                                    (00:00.000 / 02:01.140, 370Mb)
Load /work/output/Consent-5143266b-8d60-4b28-8ee9-635140ffa5bb.json.html                             (00:00.000 / 02:01.141, 370Mb)
Load /work/output/Parameters-mii-param-consent-manifest.json.html                                    (00:00.000 / 02:01.141, 370Mb)
Load /work/output/tbl_bck1011110.png                                                                 (00:00.000 / 02:01.142, 370Mb)
Load /work/output/icon_slice.png                                                                     (00:00.000 / 02:01.142, 370Mb)
Load /work/output/tbl_bck0000111010.png                                                              (00:00.000 / 02:01.142, 370Mb)
Load /work/output/schematrons.zip                                                                    (00:00.000 / 02:01.142, 370Mb)
Load /work/output/icon-directory.gif                                                                 (00:00.000 / 02:01.143, 370Mb)
.Load /work/output/tbl_bck000011101.png                                                               (00:00.000 / 02:01.143, 370Mb)
Load /work/output/icon-q-datetime.png                                                                (00:00.000 / 02:01.143, 370Mb)
Load /work/output/DocumentReference-8a3d1799-2463-405e-b49c-6a16c8692b01.json.html                   (00:00.000 / 02:01.143, 370Mb)
Load /work/output/tbl_bck135.png                                                                     (00:00.000 / 02:01.144, 370Mb)
Load /work/output/tbl_bck0410.png                                                                    (00:00.000 / 02:01.144, 370Mb)
Load /work/output/tbl_bck1040.png                                                                    (00:00.000 / 02:01.144, 370Mb)
Load /work/output/codesystem-ref-all-list.csv                                                        (00:00.000 / 02:01.145, 370Mb)
Load /work/output/tbl_bck11011.png                                                                   (00:00.000 / 02:01.145, 370Mb)
Load /work/output/tbl_bck041.png                                                                     (00:00.000 / 02:01.145, 370Mb)
Load /work/output/CodeSystem-2.16.840.1.113883.3.1937.777.24.5.2--20210423105554-testing.html        (00:00.000 / 02:01.145, 370Mb)
Load /work/output/SearchParameter-MII-SP-Consent-ProvisionCodeType.json                              (00:00.000 / 02:01.146, 370Mb)
Load /work/output/tbl_bck13410.png                                                                   (00:00.000 / 02:01.146, 370Mb)
Load /work/output/tbl_bck01000.png                                                                   (00:00.000 / 02:01.146, 370Mb)
Load /work/output/icon-q-item.png                                                                    (00:00.000 / 02:01.146, 370Mb)
Load /work/output/tbl_bck0000.png                                                                    (00:00.000 / 02:01.146, 370Mb)
Load /work/output/tbl_bck0001.png                                                                    (00:00.000 / 02:01.147, 370Mb)
Load /work/output/tbl_bck125350.png                                                                  (00:00.000 / 02:01.147, 370Mb)
Load /work/output/tbl_bck040.png                                                                     (00:00.000 / 02:01.147, 370Mb)
Load /work/output/StructureDefinition-e0e166b4-0f77-478d-9062-de0034d98ce0.profile.history.html      (00:00.000 / 02:01.147, 370Mb)
Load /work/output/valueset-list.json                                                                 (00:00.000 / 02:01.148, 370Mb)
Load /work/output/tbl_bck11010.png                                                                   (00:00.000 / 02:01.148, 370Mb)
Load /work/output/tbl_bck03400.png                                                                   (00:00.000 / 02:01.148, 370Mb)
Load /work/output/tbl_bck12525.png                                                                   (00:00.000 / 02:01.148, 370Mb)
Load /work/output/tbl_bck0000111110100.png                                                           (00:00.000 / 02:01.149, 370Mb)
Load /work/output/tbl_bck134.png                                                                     (00:00.000 / 02:01.149, 370Mb)
Load /work/output/all-profiles.csv                                                                   (00:00.000 / 02:01.149, 370Mb)
Load /work/output/tbl_bck120.png                                                                     (00:00.000 / 02:01.149, 370Mb)
Load /work/output/tbl_bck000011100.png                                                               (00:00.000 / 02:01.149, 370Mb)
Load /work/output/tbl_bck0000111011.png                                                              (00:00.000 / 02:01.149, 370Mb)
Load /work/output/ValueSet-2.16.840.1.113883.3.1937.777.24.11.30--20210323234509.xml                 (00:00.000 / 02:01.150, 370Mb)
Load /work/output/SearchParameter-MII-SP-Consent-ProvisionCode.change.history.html                   (00:00.000 / 02:01.150, 372Mb)
Load /work/output/icon_primitive.png                                                                 (00:00.000 / 02:01.151, 372Mb)
Load /work/output/tbl_bck1243.png                                                                    (00:00.000 / 02:01.151, 372Mb)
Load /work/output/cc0.png                                                                            (00:00.000 / 02:01.151, 372Mb)
Load /work/output/definitions.xml.zip                                                                (00:00.000 / 02:01.151, 372Mb)
Load /work/output/tbl_vjoin_end_slice-closed.png                                                     (00:00.000 / 02:01.152, 372Mb)
Load /work/output/icon-q-open-choice.png                                                             (00:00.000 / 02:01.152, 372Mb)
Load /work/output/target.png                                                                         (00:00.000 / 02:01.152, 372Mb)
Load /work/output/tbl_bck00001111001.png                                                             (00:00.000 / 02:01.152, 372Mb)
Load /work/output/icon_q_root.gif                                                                    (00:00.000 / 02:01.153, 372Mb)
Load /work/output/tbl_bck1241.png                                                                    (00:00.000 / 02:01.153, 372Mb)
Load /work/output/tbl_bck10250.png                                                                   (00:00.000 / 02:01.153, 372Mb)
Load /work/output/icon-q-quantity.png                                                                (00:00.000 / 02:01.154, 372Mb)
Load /work/output/information.png                                                                    (00:00.000 / 02:01.154, 372Mb)
Load /work/output/CodeSystem-2.16.840.1.113883.3.1937.777.24.5.2--20210423105554.xlsx                (00:00.000 / 02:01.154, 372Mb)
Load /work/output/CodeSystem-mii-cs-consent-version-modules.json.html                                (00:00.000 / 02:01.154, 372Mb)
Load /work/output/tbl_vjoin_end-open.png                                                             (00:00.000 / 02:01.155, 372Mb)
Load /work/output/tbl_bck125352.png                                                                  (00:00.000 / 02:01.156, 372Mb)
Load /work/output/tbl_bck010100.png                                                                  (00:00.000 / 02:01.156, 372Mb)
Load /work/output/ValueSet-88464c5b-5338-4c2b-9c07-b42fef2ada64-testing.html                         (00:00.000 / 02:01.156, 372Mb)
Load /work/output/tbl_bck110100.png                                                                  (00:00.000 / 02:01.157, 372Mb)
Load /work/output/icon-qi-security.bmp                                                               (00:00.000 / 02:01.157, 372Mb)
Load /work/output/SearchParameter-MII-SP-Consent-PolicyUri.html                                      (00:00.000 / 02:01.158, 372Mb)
Load /work/output/tbl_vjoin_end-closed.png                                                           (00:00.000 / 02:01.158, 372Mb)
Load /work/output/tbl_bck1320.png                                                                    (00:00.000 / 02:01.158, 372Mb)
Load /work/output/icon-include.png                                                                   (00:00.000 / 02:01.159, 372Mb)
Load /work/output/CodeSystem-mii-cs-consent-version-modules.xml                                      (00:00.000 / 02:01.159, 372Mb)
Load /work/output/tbl_bck100110.png                                                                  (00:00.002 / 02:01.162, 376Mb)
.Load /work/output/ValueSet-2.16.840.1.113883.3.1937.777.24.11.30--20210323234509.json.html           (00:00.000 / 02:01.162, 376Mb)
Load /work/output/CodeSystem-2.16.840.1.113883.3.1937.777.24.5.2--20210423105554.html                (00:00.000 / 02:01.163, 378Mb)
Load /work/output/tbl_bck000110.png                                                                  (00:00.000 / 02:01.163, 378Mb)
Load /work/output/icon-fhir-64.png                                                                   (00:00.000 / 02:01.164, 378Mb)
Load /work/output/icon_reuse.png                                                                     (00:00.000 / 02:01.164, 378Mb)
Load /work/output/tbl_bck1240.png                                                                    (00:00.000 / 02:01.164, 378Mb)
Load /work/output/tbl_bck025025.png                                                                  (00:00.000 / 02:01.164, 378Mb)
Load /work/output/icon_extension_simple.png                                                          (00:00.000 / 02:01.164, 378Mb)
Load /work/output/StructureDefinition-e0e166b4-0f77-478d-9062-de0034d98ce0.profile.json.html         (00:00.000 / 02:01.164, 378Mb)
Load /work/output/StructureDefinition-e0e166b4-0f77-478d-9062-de0034d98ce0.json                      (00:00.000 / 02:01.165, 378Mb)
Load /work/output/StructureDefinition-56375452-bfa1-4111-af7c-5b5ba9a1857c.csv                       (00:00.000 / 02:01.165, 378Mb)
Load /work/output/icon-q-decimal.png                                                                 (00:00.000 / 02:01.165, 378Mb)
Load /work/output/tbl_bck011110010.png                                                               (00:00.000 / 02:01.166, 378Mb)
Load /work/output/icon_vd_foreach.png                                                                (00:00.000 / 02:01.166, 378Mb)
Load /work/output/valueset-list.csv                                                                  (00:00.000 / 02:01.166, 378Mb)
Load /work/output/icon-q-boolean.png                                                                 (00:00.000 / 02:01.166, 378Mb)
Load /work/output/downloads.html                                                                     (00:00.000 / 02:01.167, 378Mb)
Load /work/output/tbl_bck025000.png                                                                  (00:00.000 / 02:01.168, 378Mb)
Load /work/output/CodeSystem-2.16.840.1.113883.3.1937.777.24.5.2--20210423105554.json                (00:00.000 / 02:01.168, 378Mb)
Load /work/output/tbl_bck0110100.png                                                                 (00:00.000 / 02:01.168, 378Mb)
Load /work/output/icon_page.gif                                                                      (00:00.000 / 02:01.168, 378Mb)
Load /work/output/Consent-Example-MII-Consent-ResultType-document.xml                                (00:00.000 / 02:01.168, 378Mb)
Load /work/output/tbl_bck1.png                                                                       (00:00.002 / 02:01.171, 380Mb)
Load /work/output/tbl_bck0000111.png                                                                 (00:00.000 / 02:01.171, 380Mb)
Load /work/output/tbl_bck112.png                                                                     (00:00.000 / 02:01.171, 380Mb)
Load /work/output/tbl_bck0351.png                                                                    (00:00.000 / 02:01.171, 380Mb)
Load /work/output/tbl_bck111010.png                                                                  (00:00.000 / 02:01.171, 380Mb)
Load /work/output/tbl_bck011010.png                                                                  (00:00.000 / 02:01.172, 380Mb)
Load /work/output/StructureDefinition-56375452-bfa1-4111-af7c-5b5ba9a1857c-intro.md                  (00:00.000 / 02:01.172, 380Mb)
Load /work/output/icon-qi-optional.png                                                               (00:00.000 / 02:01.172, 380Mb)
Load /work/output/tbl_vjoin_slice-closed.png                                                         (00:00.000 / 02:01.172, 380Mb)
Load /work/output/StructureDefinition-e0e166b4-0f77-478d-9062-de0034d98ce0.html                      (00:00.000 / 02:01.172, 380Mb)
Load /work/output/SearchParameter-MII-SP-Consent-ProvisionCodeType.xml.html                          (00:00.000 / 02:01.173, 380Mb)
Load /work/output/StructureDefinition-e0e166b4-0f77-478d-9062-de0034d98ce0.xml                       (00:00.000 / 02:01.173, 382Mb)
Load /work/output/tbl_bck001001.png                                                                  (00:00.055 / 02:01.229, 442Mb)
Load /work/output/tbl_bck02512.png                                                                   (00:00.000 / 02:01.229, 442Mb)
Load /work/output/SearchParameter-MII-SP-Consent-ProvisionType-testing.html                          (00:00.000 / 02:01.230, 442Mb)
Load /work/output/examples.json.zip                                                                  (00:00.001 / 02:01.231, 442Mb)
Load /work/output/DocumentReference-8a3d1799-2463-405e-b49c-6a16c8692b01.change.history.html         (00:00.000 / 02:01.232, 442Mb)
Load /work/output/codesystem-ref-list.csv                                                            (00:00.000 / 02:01.232, 442Mb)
Load /work/output/tbl_bck02513.png                                                                   (00:00.000 / 02:01.233, 442Mb)
Load /work/output/SearchParameter-MII-SP-Consent-ProvisionCodeType.json.html                         (00:00.000 / 02:01.233, 442Mb)
Load /work/output/tbl_bck001000.png                                                                  (00:00.000 / 02:01.234, 442Mb)
Load /work/output/icon-qi-observation.png                                                            (00:00.000 / 02:01.234, 442Mb)
Load /work/output/tbl_bck101000.png                                                                  (00:00.000 / 02:01.234, 442Mb)
Load /work/output/StructureDefinition-e0e166b4-0f77-478d-9062-de0034d98ce0.xlsx                      (00:00.000 / 02:01.235, 442Mb)
Load /work/output/ValueSet-2.16.840.1.113883.3.1937.777.24.11.36--20230331232804.json.html           (00:00.000 / 02:01.235, 442Mb)
Load /work/output/general-requirements.html                                                          (00:00.000 / 02:01.236, 444Mb)
Load /work/output/tbl_bck1112.png                                                                    (00:00.000 / 02:01.236, 444Mb)
Load /work/output/tbl_vjoin_slicer-open.png                                                          (00:00.000 / 02:01.237, 444Mb)
Load /work/output/tbl_bck00112.png                                                                   (00:00.000 / 02:01.237, 444Mb)
Load /work/output/tbl_bck0251250.png                                                                 (00:00.000 / 02:01.237, 444Mb)
Load /work/output/tbl_bck0351250.png                                                                 (00:00.000 / 02:01.237, 444Mb)
Load /work/output/tbl_bck011011.png                                                                  (00:00.000 / 02:01.238, 444Mb)
Load /work/output/tbl_bck113.png                                                                     (00:00.000 / 02:01.238, 444Mb)
Load /work/output/tbl_bck0000110.png                                                                 (00:00.000 / 02:01.238, 444Mb)
Load /work/output/tbl_bck0350.png                                                                    (00:00.000 / 02:01.238, 444Mb)
Load /work/output/tbl_bck10010000.png                                                                (00:00.000 / 02:01.239, 444Mb)
.Load /work/output/tbl_bck00001110110.png                                                             (00:00.000 / 02:01.239, 444Mb)
Load /work/output/tbl_bck10110000.png                                                                (00:00.000 / 02:01.239, 444Mb)
Load /work/output/SearchParameter-MII-SP-Consent-PolicyUri.json                                      (00:00.000 / 02:01.239, 444Mb)
Load /work/output/tbl_bck0.png                                                                       (00:00.000 / 02:01.239, 444Mb)
Load /work/output/codesystem-ref-all-list.json                                                       (00:00.000 / 02:01.240, 444Mb)
Load /work/output/codesystem-list.csv                                                                (00:00.000 / 02:01.240, 444Mb)
Load /work/output/tbl_bck00001001.png                                                                (00:00.000 / 02:01.240, 444Mb)
Load /work/output/icon-change-add.png                                                                (00:00.000 / 02:01.240, 444Mb)
Load /work/output/tbl_bck000011111000.png                                                            (00:00.000 / 02:01.241, 444Mb)
Load /work/output/codesystem-ref-list.json                                                           (00:00.000 / 02:01.241, 444Mb)
Load /work/output/icon-page.png                                                                      (00:00.000 / 02:01.241, 444Mb)
Load /work/output/tbl_bck1500.png                                                                    (00:00.000 / 02:01.241, 444Mb)
Load /work/output/valueset-ref-all-list.csv                                                          (00:00.000 / 02:01.242, 444Mb)
Load /work/output/ValueSet-88464c5b-5338-4c2b-9c07-b42fef2ada64.json.html                            (00:00.000 / 02:01.242, 444Mb)
Load /work/output/SearchParameter-MII-SP-Consent-ProvisionCodeType-testing.html                      (00:00.000 / 02:01.243, 444Mb)
Load /work/output/StructureDefinition-f675b1e8-9f3f-44e8-bb59-9681f78eb464.profile.xml.html          (00:00.000 / 02:01.244, 444Mb)
Load /work/output/tbl_bck105.png                                                                     (00:00.000 / 02:01.244, 444Mb)
Load /work/output/tbl_bck01101100.png                                                                (00:00.000 / 02:01.245, 444Mb)
Load /work/output/tbl_bck111.png                                                                     (00:00.000 / 02:01.245, 444Mb)
Load /work/output/tbl_vline_slice.png                                                                (00:00.000 / 02:01.245, 444Mb)
Load /work/output/valueset-ref-all-list.json                                                         (00:00.000 / 02:01.246, 444Mb)
Load /work/output/tbl_bck05040.png                                                                   (00:00.000 / 02:01.246, 444Mb)
Load /work/output/tbl_bck0251252.png                                                                 (00:00.000 / 02:01.246, 444Mb)
Load /work/output/tbl_bck00110.png                                                                   (00:00.000 / 02:01.247, 444Mb)
Load /work/output/tbl_bck12500.png                                                                   (00:00.000 / 02:01.247, 444Mb)
Load /work/output/tbl_bck0351252.png                                                                 (00:00.000 / 02:01.247, 444Mb)
Load /work/output/icon_fixed.gif                                                                     (00:00.000 / 02:01.247, 444Mb)
Load /work/output/tbl_bck1110.png                                                                    (00:00.000 / 02:01.248, 444Mb)
Load /work/output/security-and-privacy.html                                                          (00:00.000 / 02:01.248, 444Mb)
Load /work/output/expansions.json                                                                    (00:00.000 / 02:01.248, 444Mb)
Load /work/output/tbl_bck10101.png                                                                   (00:00.000 / 02:01.249, 444Mb)
Load /work/output/SearchParameter-MII-SP-Consent-PolicyUri.xml.html                                  (00:00.000 / 02:01.249, 444Mb)
Load /work/output/StructureDefinition-56375452-bfa1-4111-af7c-5b5ba9a1857c.sch                       (00:00.000 / 02:01.250, 444Mb)
Load /work/output/package.r4.tgz                                                                     (00:00.000 / 02:01.250, 444Mb)
Load /work/output/SearchParameter-MII-SP-Consent-ProvisionCodePeriod.json.html                       (00:00.000 / 02:01.251, 444Mb)
Load /work/output/StructureDefinition-f675b1e8-9f3f-44e8-bb59-9681f78eb464.xml                       (00:00.000 / 02:01.251, 444Mb)
Load /work/output/tbl_bck02510.png                                                                   (00:00.057 / 02:01.309, 460Mb)
Load /work/output/modifier.png                                                                       (00:00.000 / 02:01.310, 460Mb)
Load /work/output/tbl_bck10100.png                                                                   (00:00.000 / 02:01.310, 460Mb)
Load /work/output/icon-key.png                                                                       (00:00.000 / 02:01.311, 460Mb)
Load /work/output/tbl_bck15050.png                                                                   (00:00.000 / 02:01.311, 460Mb)
Load /work/output/metadata.html                                                                      (00:00.000 / 02:01.311, 460Mb)
Load /work/output/icon-q-integer.png                                                                 (00:00.001 / 02:01.313, 460Mb)
Load /work/output/tbl_bck1111.png                                                                    (00:00.000 / 02:01.314, 460Mb)
Load /work/output/StructureDefinition-56375452-bfa1-4111-af7c-5b5ba9a1857c-examples.html             (00:00.000 / 02:01.314, 460Mb)
Load /work/output/tbl_bck00111.png                                                                   (00:00.001 / 02:01.316, 460Mb)
Load /work/output/tbl_bck110.png                                                                     (00:00.000 / 02:01.316, 460Mb)
Load /work/output/tbl_bck104.png                                                                     (00:00.000 / 02:01.316, 460Mb)
Load /work/output/SearchParameter-MII-SP-Consent-ProvisionCodePeriod.xml.html                        (00:00.000 / 02:01.317, 460Mb)
Load /work/output/package.r4b.tgz                                                                    (00:00.001 / 02:01.318, 460Mb)
Load /work/output/tbl_bck1515.png                                                                    (00:00.000 / 02:01.319, 460Mb)
Load /work/output/CodeSystem-2.16.840.1.113883.3.1937.777.24.5.2--20210423105554.xml                 (00:00.000 / 02:01.320, 460Mb)
Load /work/output/tbl-closed.png                                                                     (00:00.010 / 02:01.330, 462Mb)
Load /work/output/tbl_bck000010010.png                                                               (00:00.000 / 02:01.331, 462Mb)
Load /work/output/SearchParameter-MII-SP-Consent-ProvisionCodeType.html                              (00:00.000 / 02:01.331, 462Mb)
Load /work/output/icon-dictionary.png                                                                (00:00.001 / 02:01.333, 462Mb)
Load /work/output/de.medizininformatikinitiative.kerndatensatz.consent.de.manifest.json              (00:00.000 / 02:01.333, 462Mb)
Load /work/output/Consent-Example-MII-Consent-ResultType-document.json                               (00:00.000 / 02:01.333, 462Mb)
.Load /work/output/tbl_bck000010000.png                                                               (00:00.000 / 02:01.334, 462Mb)
Load /work/output/SearchParameter-MII-SP-Consent-ProvisionPeriod.html                                (00:00.000 / 02:01.334, 462Mb)
Load /work/output/StructureDefinition-56375452-bfa1-4111-af7c-5b5ba9a1857c-mappings.html             (00:00.001 / 02:01.335, 462Mb)
Load /work/output/tbl_bck1505.png                                                                    (00:00.003 / 02:01.339, 462Mb)
Load /work/output/tbl_bck100.png                                                                     (00:00.000 / 02:01.340, 462Mb)
Load /work/output/tbl_bck12511.png                                                                   (00:00.000 / 02:01.340, 462Mb)
Load /work/output/tbl_bck00101.png                                                                   (00:00.000 / 02:01.341, 462Mb)
Load /work/output/SearchParameter-MII-SP-Consent-ProvisionPeriod.xml.html                            (00:00.000 / 02:01.341, 462Mb)
Load /work/output/StructureDefinition-56375452-bfa1-4111-af7c-5b5ba9a1857c.xml                       (00:00.001 / 02:01.343, 462Mb)
Load /work/output/icon-list.gif                                                                      (00:00.028 / 02:01.372, 478Mb)
Load /work/output/missing-data.html                                                                  (00:00.000 / 02:01.372, 478Mb)
Load /work/output/tbl_bck1101.png                                                                    (00:00.002 / 02:01.375, 478Mb)
Load /work/output/fhir-table-scripts.js                                                              (00:00.000 / 02:01.376, 478Mb)
Load /work/output/tbl_bck02500.png                                                                   (00:00.000 / 02:01.376, 478Mb)
Load /work/output/tbl_bck10110.png                                                                   (00:00.000 / 02:01.377, 478Mb)
Load /work/output/package.db                                                                         (00:00.000 / 02:01.378, 478Mb)
Load /work/output/tbl_bck15040.png                                                                   (00:00.000 / 02:01.378, 478Mb)
Load /work/output/icon_extension.png                                                                 (00:00.000 / 02:01.378, 478Mb)
Load /work/output/icon-implementation.png                                                            (00:00.000 / 02:01.379, 478Mb)
Load /work/output/icon_entry_blue.png                                                                (00:00.000 / 02:01.379, 478Mb)
Load /work/output/icon-q-coding.png                                                                  (00:00.000 / 02:01.380, 478Mb)
Load /work/output/tbl_bck10111.png                                                                   (00:00.000 / 02:01.380, 478Mb)
Load /work/output/tbl_bck02501.png                                                                   (00:00.000 / 02:01.381, 478Mb)
Load /work/output/tbl_bck1100.png                                                                    (00:00.000 / 02:01.381, 478Mb)
Load /work/output/CodeSystem-2.16.840.1.113883.3.1937.777.24.5.2--20210423105554.xml.html            (00:00.000 / 02:01.382, 478Mb)
Load /work/output/tbl_bck05050.png                                                                   (00:00.001 / 02:01.383, 478Mb)
Load /work/output/SearchParameter-MII-SP-Consent-PolicyUri.json.html                                 (00:00.000 / 02:01.384, 478Mb)
Load /work/output/StructureDefinition-f675b1e8-9f3f-44e8-bb59-9681f78eb464.sch                       (00:00.001 / 02:01.386, 478Mb)
Load /work/output/tbl_bck00100.png                                                                   (00:00.001 / 02:01.388, 478Mb)
Load /work/output/ValueSet-2.16.840.1.113883.3.1937.777.24.11.36--20230331232804.xml                 (00:00.000 / 02:01.388, 478Mb)
Load /work/output/CodeSystem-2.16.840.1.113883.3.1937.777.24.5.3--20251211153003-testing.html        (00:00.002 / 02:01.391, 480Mb)
Load /work/output/tbl_bck12510.png                                                                   (00:00.002 / 02:01.394, 480Mb)
Load /work/output/tbl_bck115.png                                                                     (00:00.000 / 02:01.394, 480Mb)
Load /work/output/icon-documentation.png                                                             (00:00.000 / 02:01.395, 480Mb)
Load /work/output/tbl_bck01101110.png                                                                (00:00.000 / 02:01.395, 480Mb)
Load /work/output/tbl_bck101.png                                                                     (00:00.000 / 02:01.395, 480Mb)
Load /work/output/icon-selected.png                                                                  (00:00.000 / 02:01.396, 480Mb)
Load /work/output/icon-example.png                                                                   (00:00.000 / 02:01.396, 480Mb)
Load /work/output/ValueSet-88464c5b-5338-4c2b-9c07-b42fef2ada64.xml                                  (00:00.000 / 02:01.397, 480Mb)
Load /work/output/tbl_bck1510.png                                                                    (00:00.001 / 02:01.399, 480Mb)
Load /work/output/StructureDefinition-e0e166b4-0f77-478d-9062-de0034d98ce0-notes.md                  (00:00.000 / 02:01.399, 480Mb)
Load /work/output/tbl_bck0140.png                                                                    (00:00.000 / 02:01.399, 480Mb)
Load /work/output/prism.css                                                                          (00:00.000 / 02:01.400, 480Mb)
Load /work/output/ImplementationGuide-mii-ig-consent.xml                                             (00:00.000 / 02:01.401, 480Mb)
Load /work/output/icon-qi-readonly.png                                                               (00:00.014 / 02:01.415, 488Mb)
Load /work/output/tbl_bck000011111010.png                                                            (00:00.001 / 02:01.417, 488Mb)
Load /work/output/SearchParameter-MII-SP-Consent-ProvisionCodePeriod-testing.html                    (00:00.001 / 02:01.418, 488Mb)
Load /work/output/canonicals.json                                                                    (00:00.002 / 02:01.421, 488Mb)
Load /work/output/tbl_bck0110111.png                                                                 (00:00.000 / 02:01.422, 488Mb)
Load /work/output/icon-object-box.png                                                                (00:00.000 / 02:01.422, 488Mb)
Load /work/output/tbl_bck1512.png                                                                    (00:00.000 / 02:01.423, 488Mb)
Load /work/output/tbl_vjoin_slice.png                                                                (00:00.001 / 02:01.424, 488Mb)
Load /work/output/Parameters-mii-param-consent-manifest.change.history.html                          (00:00.000 / 02:01.425, 488Mb)
Load /work/output/icon-q-group.png                                                                   (00:00.001 / 02:01.426, 488Mb)
Load /work/output/de.medizininformatikinitiative.kerndatensatz.consent.de.tgz                        (00:00.000 / 02:01.427, 488Mb)
Load /work/output/tbl_bck103.png                                                                     (00:00.000 / 02:01.427, 488Mb)
Load /work/output/tbl_bck0000100.png                                                                 (00:00.000 / 02:01.428, 488Mb)
Load /work/output/tbl_bck0340.png                                                                    (00:00.000 / 02:01.428, 488Mb)
.Load /work/output/tbl_bck10010010.png                                                                (00:00.000 / 02:01.428, 488Mb)
Load /work/output/Consent-Example-MII-Consent-ResultType-document.xml.html                           (00:00.000 / 02:01.429, 488Mb)
Load /work/output/tbl_bck00001110100.png                                                             (00:00.001 / 02:01.430, 488Mb)
Load /work/output/tbl_bck10110010.png                                                                (00:00.000 / 02:01.431, 488Mb)
Load /work/output/SearchParameter-MII-SP-Consent-PolicyUri.xml                                       (00:00.000 / 02:01.431, 488Mb)
Load /work/output/tbl_bck0251240.png                                                                 (00:00.000 / 02:01.432, 488Mb)
Load /work/output/tbl_bck0351240.png                                                                 (00:00.000 / 02:01.432, 488Mb)
Load /work/output/tbl_bck12512.png                                                                   (00:00.000 / 02:01.432, 488Mb)
Load /work/output/tbl_bck011001.png                                                                  (00:00.000 / 02:01.432, 488Mb)
Load /work/output/new.png                                                                            (00:00.000 / 02:01.433, 488Mb)
Load /work/output/ValueSet-2.16.840.1.113883.3.1937.777.24.11.36--20230331232804.html                (00:00.000 / 02:01.433, 488Mb)
Load /work/output/StructureDefinition-e0e166b4-0f77-478d-9062-de0034d98ce0.sch                       (00:00.000 / 02:01.434, 488Mb)
Load /work/output/tbl_bck02503.png                                                                   (00:00.001 / 02:01.436, 490Mb)
Load /work/output/tbl_bck001010.png                                                                  (00:00.000 / 02:01.436, 490Mb)
Load /work/output/tbl_bck101010.png                                                                  (00:00.000 / 02:01.436, 490Mb)
Load /work/output/icon-qi-instructions.png                                                           (00:00.000 / 02:01.437, 490Mb)
Load /work/output/search-parameters-and-operations.html                                              (00:00.000 / 02:01.437, 490Mb)
Load /work/output/icon-clinical.png                                                                  (00:00.001 / 02:01.438, 490Mb)
Load /work/output/SearchParameter-MII-SP-Consent-ProvisionCodePeriod.json                            (00:00.000 / 02:01.438, 490Mb)
Load /work/output/de/tbl_bck01111.png                                                                (00:00.000 / 02:01.439, 490Mb)
Load /work/output/de/Consent-5143266b-8d60-4b28-8ee9-635140ffa5bb.json                               (00:00.000 / 02:01.439, 490Mb)
Load /work/output/de/icon_page_n_i.gif                                                               (00:00.000 / 02:01.439, 490Mb)
Load /work/output/de/researcher-guidance.html                                                        (00:00.000 / 02:01.440, 490Mb)
Load /work/output/de/tbl_bck0111.png                                                                 (00:00.007 / 02:01.447, 494Mb)
Load /work/output/de/SearchParameter-MII-SP-Consent-ProvisionType.json.html                          (00:00.000 / 02:01.448, 494Mb)
Load /work/output/de/logical-models.md                                                               (00:00.008 / 02:01.456, 498Mb)
Load /work/output/de/tbl_bck11100.png                                                                (00:00.000 / 02:01.456, 498Mb)
Load /work/output/de/tbl_bck03510.png                                                                (00:00.000 / 02:01.457, 498Mb)
Load /work/output/de/ValueSet-2.16.840.1.113883.3.1937.777.24.11.36--20230331232804.xml.html         (00:00.000 / 02:01.457, 498Mb)
Load /work/output/de/tbl_bck1025.png                                                                 (00:00.009 / 02:01.466, 504Mb)
Load /work/output/de/icon-administration.png                                                         (00:00.000 / 02:01.467, 504Mb)
Load /work/output/de/tbl_bck150.png                                                                  (00:00.000 / 02:01.467, 504Mb)
Load /work/output/de/llms.txt                                                                        (00:00.000 / 02:01.468, 504Mb)
Load /work/output/de/translationinfo.html                                                            (00:00.000 / 02:01.468, 504Mb)
Load /work/output/de/tbl_bck0000111101.png                                                           (00:00.004 / 02:01.472, 508Mb)
Load /work/output/de/searchform.html                                                                 (00:00.000 / 02:01.473, 508Mb)
Load /work/output/de/SearchParameter-MII-SP-Consent-ProvisionCodePeriod.change.history.html          (00:00.001 / 02:01.474, 510Mb)
Load /work/output/de/tbl_bck1001010.png                                                              (00:00.003 / 02:01.478, 512Mb)
Load /work/output/de/tbl_bck0515.png                                                                 (00:00.000 / 02:01.478, 512Mb)
Load /work/output/de/icon-fhir-16-grey.png                                                           (00:00.000 / 02:01.479, 512Mb)
Load /work/output/de/profiles-and-extensions.md                                                      (00:00.000 / 02:01.479, 512Mb)
Load /work/output/de/tbl_bck1011001.png                                                              (00:00.000 / 02:01.480, 512Mb)
Load /work/output/de/tbl_bck1111000.png                                                              (00:00.000 / 02:01.480, 514Mb)
Load /work/output/de/CodeSystem-2.16.840.1.113883.3.1937.777.24.5.3--20251211153003.html             (00:00.000 / 02:01.480, 514Mb)
Load /work/output/de/tbl_bck1011000.png                                                              (00:00.018 / 02:01.498, 526Mb)
Load /work/output/de/StructureDefinition-e0e166b4-0f77-478d-9062-de0034d98ce0-testing.html           (00:00.000 / 02:01.499, 526Mb)
Load /work/output/de/ValueSet-2.16.840.1.113883.3.1937.777.24.11.30--20210323234509-testing.html     (00:00.003 / 02:01.503, 530Mb)
Load /work/output/de/examples.md                                                                     (00:00.003 / 02:01.506, 534Mb)
Load /work/output/de/icon-qi-help.png                                                                (00:00.000 / 02:01.507, 534Mb)
Load /work/output/de/icon_profile.png                                                                (00:00.000 / 02:01.507, 534Mb)
Load /work/output/de/tbl_bck025.png                                                                  (00:00.000 / 02:01.507, 534Mb)
Load /work/output/de/tbl_bck0500.png                                                                 (00:00.000 / 02:01.508, 534Mb)
Load /work/output/de/tbl_bck1150.png                                                                 (00:00.000 / 02:01.508, 534Mb)
Load /work/output/de/StructureDefinition-e0e166b4-0f77-478d-9062-de0034d98ce0-mappings.html          (00:00.000 / 02:01.508, 534Mb)
Load /work/output/de/tbl_bck0000111100.png                                                           (00:00.084 / 02:01.593, 612Mb)
Load /work/output/de/SearchParameter-MII-SP-Consent-ProvisionCode.json                               (00:00.000 / 02:01.593, 612Mb)
Load /work/output/de/tbl_bck151.png                                                                  (00:00.000 / 02:01.593, 612Mb)
Load /work/output/de/icon_page_n.gif                                                                 (00:00.000 / 02:01.594, 612Mb)
.Load /work/output/de/icon-fhir-16.png                                                                (00:00.000 / 02:01.594, 612Mb)
Load /work/output/de/SearchParameter-MII-SP-Consent-PolicyUri.md                                     (00:00.000 / 02:01.594, 612Mb)
Load /work/output/de/external.png                                                                    (00:00.000 / 02:01.595, 612Mb)
Load /work/output/de/tbl_bck11101.png                                                                (00:00.000 / 02:01.595, 612Mb)
Load /work/output/de/SearchParameter-MII-SP-Consent-ProvisionPeriod.xml                              (00:00.000 / 02:01.595, 612Mb)
Load /work/output/de/StructureDefinition-56375452-bfa1-4111-af7c-5b5ba9a1857c-notes.md               (00:00.000 / 02:01.596, 612Mb)
Load /work/output/de/tbl_bck0110.png                                                                 (00:00.000 / 02:01.596, 612Mb)
Load /work/output/de/tbl_bck1540.png                                                                 (00:00.000 / 02:01.597, 612Mb)
Load /work/output/de/artifacts.html                                                                  (00:00.000 / 02:01.597, 612Mb)
Load /work/output/de/StructureDefinition-f675b1e8-9f3f-44e8-bb59-9681f78eb464.html                   (00:00.013 / 02:01.610, 620Mb)
Load /work/output/de/tbl_bck01110.png                                                                (00:00.128 / 02:01.739, 760Mb)
Load /work/output/de/tbl_bck0350250.png                                                              (00:00.000 / 02:01.739, 760Mb)
Load /work/output/de/tbl_bck0250250.png                                                              (00:00.000 / 02:01.739, 760Mb)
Load /work/output/de/SearchParameter-MII-SP-Consent-ProvisionPeriod.md                               (00:00.000 / 02:01.740, 760Mb)
Load /work/output/de/CodeSystem-2.16.840.1.113883.3.1937.777.24.5.2--20210423105554.json.html        (00:00.000 / 02:01.740, 760Mb)
Load /work/output/de/icon_reference.png                                                              (00:00.013 / 02:01.753, 766Mb)
Load /work/output/de/tbl_bck03513.png                                                                (00:00.000 / 02:01.754, 766Mb)
Load /work/output/de/tbl_bck100000.png                                                               (00:00.000 / 02:01.754, 766Mb)
Load /work/output/de/tbl_bck000000.png                                                               (00:00.000 / 02:01.754, 766Mb)
Load /work/output/de/ai.zip                                                                          (00:00.000 / 02:01.755, 766Mb)
Load /work/output/de/ImplementationGuide-mii-ig-consent.json                                         (00:00.000 / 02:01.755, 766Mb)
Load /work/output/de/tbl_bck000011110000.png                                                         (00:00.000 / 02:01.755, 766Mb)
Load /work/output/de/tbl_vjoin-closed.png                                                            (00:00.000 / 02:01.756, 766Mb)
Load /work/output/de/CodeSystem-mii-cs-consent-version-modules-testing.html                          (00:00.000 / 02:01.756, 766Mb)
Load /work/output/de/tbl_bck1152.png                                                                 (00:00.004 / 02:01.760, 770Mb)
Load /work/output/de/SearchParameter-MII-SP-Consent-ProvisionCodeType.md                             (00:00.000 / 02:01.761, 770Mb)
Load /work/output/de/tbl_bck0111101.png                                                              (00:00.000 / 02:01.761, 770Mb)
Load /work/output/de/SearchParameter-MII-SP-Consent-ProvisionCode.xml                                (00:00.000 / 02:01.761, 770Mb)
Load /work/output/de/tbl_bck033.png                                                                  (00:00.000 / 02:01.762, 770Mb)
Load /work/output/de/Consent-34150a23-b1c8-404f-874f-e042a30435d2.change.history.html                (00:00.000 / 02:01.762, 770Mb)
Load /work/output/de/Consent-Example-MII-Consent-ResultType-document.change.history.html             (00:00.003 / 02:01.766, 774Mb)
Load /work/output/de/prism.js                                                                        (00:00.003 / 02:01.769, 776Mb)
Load /work/output/de/tbl_bck00001111110.png                                                          (00:00.017 / 02:01.787, 776Mb)
Load /work/output/de/conformance.md                                                                  (00:00.000 / 02:01.787, 776Mb)
Load /work/output/de/tbl_bck00001111111.png                                                          (00:00.000 / 02:01.787, 776Mb)
Load /work/output/de/mustsupport.png                                                                 (00:00.000 / 02:01.788, 776Mb)
Load /work/output/de/icon_vd_col.png                                                                 (00:00.000 / 02:01.788, 776Mb)
Load /work/output/de/tbl_bck0111100.png                                                              (00:00.000 / 02:01.788, 776Mb)
Load /work/output/de/tbl_bck035125.png                                                               (00:00.000 / 02:01.788, 776Mb)
Load /work/output/de/StructureDefinition-f675b1e8-9f3f-44e8-bb59-9681f78eb464-testing.html           (00:00.000 / 02:01.789, 776Mb)
Load /work/output/de/tbl_bck03300.png                                                                (00:00.003 / 02:01.792, 780Mb)
Load /work/output/de/tbl_bck152.png                                                                  (00:00.000 / 02:01.792, 780Mb)
Load /work/output/de/CodeSystem-mii-cs-consent-version-modules.html                                  (00:00.000 / 02:01.792, 780Mb)
Load /work/output/de/SearchParameter-MII-SP-Consent-ProvisionType.xml.html                           (00:00.004 / 02:01.797, 786Mb)
Load /work/output/de/ValueSet-88464c5b-5338-4c2b-9c07-b42fef2ada64.md                                (00:00.004 / 02:01.801, 792Mb)
Load /work/output/de/tbl_bck000001.png                                                               (00:00.000 / 02:01.801, 792Mb)
Load /work/output/de/tbl_bck03512.png                                                                (00:00.000 / 02:01.801, 792Mb)
Load /work/output/de/icon_vd_select.png                                                              (00:00.000 / 02:01.802, 792Mb)
Load /work/output/de/tbl_bck1543.png                                                                 (00:00.000 / 02:01.802, 792Mb)
Load /work/output/de/SearchParameter-MII-SP-Consent-ProvisionType.html                               (00:00.000 / 02:01.802, 792Mb)
Load /work/output/de/guidance.html                                                                   (00:00.003 / 02:01.806, 794Mb)
Load /work/output/de/tbl_bck110010.png                                                               (00:00.003 / 02:01.809, 798Mb)
Load /work/output/de/icon-toc.png                                                                    (00:00.000 / 02:01.809, 798Mb)
Load /work/output/de/tbl_bck110000.png                                                               (00:00.000 / 02:01.809, 798Mb)
Load /work/output/de/DocumentReference-8a3d1799-2463-405e-b49c-6a16c8692b01.json                     (00:00.000 / 02:01.809, 798Mb)
Load /work/output/de/CodeSystem-2.16.840.1.113883.3.1937.777.24.5.3--20251211153003.xml.html         (00:00.000 / 02:01.810, 798Mb)
Load /work/output/de/icon_page_n_o.gif                                                               (00:00.038 / 02:01.848, 844Mb)
Load /work/output/de/must-support.html                                                               (00:00.000 / 02:01.849, 844Mb)
.Load /work/output/de/tbl_bck000011.png                                                               (00:00.005 / 02:01.854, 850Mb)
Load /work/output/de/implementer-guidance.html                                                       (00:00.000 / 02:01.854, 850Mb)
Load /work/output/de/uml-diagrams.md                                                                 (00:00.005 / 02:01.860, 856Mb)
Load /work/output/de/ValueSet-2.16.840.1.113883.3.1937.777.24.11.30--20210323234509.json             (00:00.000 / 02:01.860, 856Mb)
Load /work/output/de/icon-fhir-128.png                                                               (00:00.000 / 02:01.860, 856Mb)
Load /work/output/de/tbl_bck03310.png                                                                (00:00.000 / 02:01.861, 856Mb)
Load /work/output/de/index.html                                                                      (00:00.000 / 02:01.861, 856Mb)
Load /work/output/de/tbl_bck0111110.png                                                              (00:00.005 / 02:01.866, 862Mb)
Load /work/output/de/tbl_vjoin.png                                                                   (00:00.000 / 02:01.866, 862Mb)
Load /work/output/de/Consent-Example-MII-Consent-ResultType-document.json.html                       (00:00.000 / 02:01.866, 862Mb)
Load /work/output/de/StructureDefinition-e0e166b4-0f77-478d-9062-de0034d98ce0-intro.md               (00:00.008 / 02:01.875, 872Mb)
Load /work/output/de/tbl_bck00001111101.png                                                          (00:00.000 / 02:01.876, 872Mb)
Load /work/output/de/tbl_vjoin_end_slice.png                                                         (00:00.000 / 02:01.876, 872Mb)
Load /work/output/de/StructureDefinition-56375452-bfa1-4111-af7c-5b5ba9a1857c.html                   (00:00.000 / 02:01.876, 872Mb)
Load /work/output/de/tbl_bck025125.png                                                               (00:00.082 / 02:01.959, 990Mb)
Load /work/output/de/CodeSystem-2.16.840.1.113883.3.1937.777.24.5.3--20251211153003.md               (00:00.000 / 02:01.959, 990Mb)
Load /work/output/de/icon-q-text.png                                                                 (00:00.000 / 02:01.959, 990Mb)
Load /work/output/de/tbl_bck00001111100.png                                                          (00:00.000 / 02:01.960, 990Mb)
Load /work/output/de/SearchParameter-MII-SP-Consent-ProvisionType.xml                                (00:00.000 / 02:01.960, 990Mb)
Load /work/output/de/icon-q-display.png                                                              (00:00.000 / 02:01.960, 992Mb)
Load /work/output/de/icon-fhir-1024.png                                                              (00:00.000 / 02:01.961, 992Mb)
Load /work/output/de/tbl_bck0512.png                                                                 (00:00.000 / 02:01.961, 992Mb)
Load /work/output/de/StructureDefinition-56375452-bfa1-4111-af7c-5b5ba9a1857c.md                     (00:00.000 / 02:01.961, 992Mb)
Load /work/output/de/tbl_bck000011110010.png                                                         (00:00.000 / 02:01.961, 992Mb)
Load /work/output/de/conformance.html                                                                (00:00.000 / 02:01.961, 992Mb)
Load /work/output/de/tbl_bck143.png                                                                  (00:00.003 / 02:01.965, 996Mb)
Load /work/output/de/Consent-34150a23-b1c8-404f-874f-e042a30435d2.md                                 (00:00.000 / 02:01.965, 996Mb)
Load /work/output/de/tbl_bck03503.png                                                                (00:00.000 / 02:01.965, 996Mb)
Load /work/output/de/StructureDefinition-56375452-bfa1-4111-af7c-5b5ba9a1857c-definitions.html       (00:00.000 / 02:01.965, 996Mb)
Load /work/output/de/tbl_bck100010.png                                                               (00:00.033 / 02:01.999, 1Gb)
Load /work/output/de/tbl_bck000010.png                                                               (00:00.000 / 02:01.999, 1Gb)
Load /work/output/de/tbl_bck1552.png                                                                 (00:00.000 / 02:01.999, 1Gb)
Load /work/output/de/SearchParameter-MII-SP-Consent-ProvisionPeriod.change.history.html              (00:00.000 / 02:02.000, 1Gb)
Load /work/output/de/icon_element.gif                                                                (00:00.002 / 02:02.002, 1Gb)
Load /work/output/de/SearchParameter-MII-SP-Consent-ProvisionType.change.history.html                (00:00.000 / 02:02.003, 1Gb)
Load /work/output/de/tbl_bck0350240.png                                                              (00:00.003 / 02:02.006, 1Gb)
Load /work/output/de/tbl_bck0250240.png                                                              (00:00.000 / 02:02.006, 1Gb)
Load /work/output/de/SearchParameter-MII-SP-Consent-ProvisionCode-testing.html                       (00:00.000 / 02:02.006, 1Gb)
Load /work/output/de/tbl_bck01100.png                                                                (00:00.002 / 02:02.009, 1Gb)
Load /work/output/de/StructureDefinition-e0e166b4-0f77-478d-9062-de0034d98ce0-examples.html          (00:00.000 / 02:02.009, 1Gb)
Load /work/output/de/SearchParameter-MII-SP-Consent-PolicyUri-testing.html                           (00:00.003 / 02:02.012, 1Gb)
Load /work/output/de/tbl_bck0100.png                                                                 (00:00.003 / 02:02.016, 1Gb)
Load /work/output/de/tbl_bck1550.png                                                                 (00:00.000 / 02:02.016, 1Gb)
Load /work/output/de/ValueSet-2.16.840.1.113883.3.1937.777.24.11.30--20210323234509.md               (00:00.000 / 02:02.017, 1Gb)
Load /work/output/de/tbl_bck11111.png                                                                (00:00.000 / 02:02.017, 1Gb)
Load /work/output/de/CodeSystem-mii-cs-consent-version-modules.xml.html                              (00:00.000 / 02:02.017, 1Gb)
Load /work/output/de/tbl_bck155.png                                                                  (00:00.021 / 02:02.039, 389Mb)
Load /work/output/de/tbl_bck141.png                                                                  (00:00.000 / 02:02.039, 389Mb)
Load /work/output/de/Parameters-mii-param-consent-manifest.xml                                       (00:00.000 / 02:02.039, 389Mb)
Load /work/output/de/tbl_bck0000111110.png                                                           (00:00.000 / 02:02.040, 391Mb)
Load /work/output/de/Consent-34150a23-b1c8-404f-874f-e042a30435d2.html                               (00:00.000 / 02:02.040, 391Mb)
Load /work/output/de/MII-KDS_en_Consent.jpg                                                          (00:00.004 / 02:02.044, 397Mb)
Load /work/output/de/tbl_bck035.png                                                                  (00:00.000 / 02:02.044, 397Mb)
Load /work/output/de/tbl_bck1001001.png                                                              (00:00.000 / 02:02.045, 397Mb)
Load /work/output/de/tbl_bck0510.png                                                                 (00:00.000 / 02:02.045, 397Mb)
Load /work/output/de/tbl_bck1140.png                                                                 (00:00.000 / 02:02.045, 397Mb)
Load /work/output/de/CodeSystem-mii-cs-consent-version-modules.md                                    (00:00.000 / 02:02.045, 397Mb)
Load /work/output/de/tbl_bck1111010.png                                                              (00:00.000 / 02:02.045, 397Mb)
.Load /work/output/de/tbl_bck1011010.png                                                              (00:00.000 / 02:02.046, 397Mb)
Load /work/output/de/tbl_bck1424.png                                                                 (00:00.000 / 02:02.046, 397Mb)
Load /work/output/de/icon-resource.png                                                               (00:00.000 / 02:02.046, 397Mb)
Load /work/output/de/icon_text.png                                                                   (00:00.000 / 02:02.046, 397Mb)
Load /work/output/de/toc.html                                                                        (00:00.000 / 02:02.046, 397Mb)
Load /work/output/de/SearchParameter-MII-SP-Consent-ProvisionCodePeriod.xml                          (00:00.006 / 02:02.053, 407Mb)
Load /work/output/de/Consent-34150a23-b1c8-404f-874f-e042a30435d2.xml                                (00:00.000 / 02:02.053, 407Mb)
Load /work/output/de/Provenance-55219d12-6245-4de4-8b50-ddf6f16a789b.html                            (00:00.001 / 02:02.055, 411Mb)
Load /work/output/de/icon-type-operation.png                                                         (00:00.004 / 02:02.060, 413Mb)
Load /work/output/de/tbl_vjoin_slicer.png                                                            (00:00.000 / 02:02.060, 413Mb)
Load /work/output/de/icon_bundle.png                                                                 (00:00.000 / 02:02.060, 413Mb)
Load /work/output/de/tbl_bck1001000.png                                                              (00:00.000 / 02:02.060, 413Mb)
Load /work/output/de/tbl_bck0505.png                                                                 (00:00.000 / 02:02.061, 413Mb)
Load /work/output/de/Consent-5143266b-8d60-4b28-8ee9-635140ffa5bb.xml                                (00:00.000 / 02:02.061, 413Mb)
Load /work/output/de/StructureDefinition-e0e166b4-0f77-478d-9062-de0034d98ce0-definitions.html       (00:00.003 / 02:02.064, 421Mb)
Load /work/output/de/tbl_vjoin_end_slicer-closed.png                                                 (00:00.116 / 02:02.181, 645Mb)
Load /work/output/de/tbl_bck0000111111.png                                                           (00:00.000 / 02:02.181, 645Mb)
Load /work/output/de/tbl_bck140.png                                                                  (00:00.000 / 02:02.181, 645Mb)
Load /work/output/de/changes.html                                                                    (00:00.000 / 02:02.182, 645Mb)
Load /work/output/de/icon-qi-subject.png                                                             (00:00.003 / 02:02.185, 651Mb)
Load /work/output/de/tbl_bck11110.png                                                                (00:00.000 / 02:02.186, 651Mb)
Load /work/output/de/StructureDefinition-56375452-bfa1-4111-af7c-5b5ba9a1857c.profile.history.html   (00:00.000 / 02:02.186, 651Mb)
Load /work/output/de/ValueSet-88464c5b-5338-4c2b-9c07-b42fef2ada64.json                              (00:00.002 / 02:02.189, 655Mb)
Load /work/output/de/tbl_bck03500.png                                                                (00:00.000 / 02:02.189, 655Mb)
Load /work/output/de/ValueSet-88464c5b-5338-4c2b-9c07-b42fef2ada64.xml.html                          (00:00.000 / 02:02.189, 655Mb)
Load /work/output/de/icon_extension_complex.png                                                      (00:00.006 / 02:02.196, 661Mb)
Load /work/output/de/lock.png                                                                        (00:00.000 / 02:02.196, 661Mb)
Load /work/output/de/ValueSet-2.16.840.1.113883.3.1937.777.24.11.30--20210323234509.xml.html         (00:00.000 / 02:02.196, 661Mb)
Load /work/output/de/tbl_bck0101.png                                                                 (00:00.005 / 02:02.202, 669Mb)
Load /work/output/de/tbl_bck01101.png                                                                (00:00.000 / 02:02.202, 669Mb)
Load /work/output/de/SearchParameter-MII-SP-Consent-PolicyUri.change.history.html                    (00:00.000 / 02:02.202, 669Mb)
Load /work/output/de/tbl_vjoin_slicer-closed.png                                                     (00:00.002 / 02:02.204, 671Mb)
Load /work/output/de/SearchParameter-MII-SP-Consent-ProvisionCodePeriod.html                         (00:00.000 / 02:02.205, 671Mb)
Load /work/output/de/CodeSystem-2.16.840.1.113883.3.1937.777.24.5.3--20251211153003.change.history.html (00:00.002 / 02:02.207, 675Mb)
Load /work/output/de/tbl_bck011110000.png                                                            (00:00.003 / 02:02.210, 679Mb)
Load /work/output/de/tbl_bck1250.png                                                                 (00:00.000 / 02:02.211, 679Mb)
Load /work/output/de/tbl_bck00001111010.png                                                          (00:00.000 / 02:02.211, 679Mb)
Load /work/output/de/tbl_bck133.png                                                                  (00:00.000 / 02:02.211, 679Mb)
Load /work/output/de/icon-fhir-48.png                                                                (00:00.000 / 02:02.212, 679Mb)
Load /work/output/de/icon-q-date.png                                                                 (00:00.000 / 02:02.212, 679Mb)
Load /work/output/de/tbl_bck100100.png                                                               (00:00.000 / 02:02.212, 679Mb)
Load /work/output/de/DocumentReference-8a3d1799-2463-405e-b49c-6a16c8692b01.xml.html                 (00:00.000 / 02:02.212, 679Mb)
Load /work/output/de/tbl_bck000100.png                                                               (00:00.003 / 02:02.216, 683Mb)
Load /work/output/de/tree-filter.png                                                                 (00:00.000 / 02:02.217, 683Mb)
Load /work/output/de/Parameters-mii-param-consent-manifest.html                                      (00:00.001 / 02:02.218, 683Mb)
Load /work/output/de/tbl_bck1330.png                                                                 (00:00.007 / 02:02.226, 689Mb)
Load /work/output/de/icon-not-selected.png                                                           (00:00.000 / 02:02.226, 689Mb)
Load /work/output/de/icon_choice.gif                                                                 (00:00.000 / 02:02.227, 689Mb)
Load /work/output/de/tbl_bck010110.png                                                               (00:00.000 / 02:02.227, 689Mb)
Load /work/output/de/icon_page-child.gif                                                             (00:00.000 / 02:02.228, 689Mb)
Load /work/output/de/tbl_bck110110.png                                                               (00:00.000 / 02:02.228, 689Mb)
Load /work/output/de/StructureDefinition-56375452-bfa1-4111-af7c-5b5ba9a1857c-testing.html           (00:00.000 / 02:02.228, 689Mb)
Load /work/output/de/DocumentReference-8a3d1799-2463-405e-b49c-6a16c8692b01.xml                      (00:00.003 / 02:02.232, 691Mb)
Load /work/output/de/Consent-34150a23-b1c8-404f-874f-e042a30435d2.xml.html                           (00:00.000 / 02:02.233, 693Mb)
Load /work/output/de/tbl_vjoin_end_slicer-open.png                                                   (00:00.009 / 02:02.242, 705Mb)
Load /work/output/de/icon-change-remove.png                                                          (00:00.000 / 02:02.243, 705Mb)
Load /work/output/de/link.svg                                                                        (00:00.000 / 02:02.243, 705Mb)
Load /work/output/de/tbl_bck100101.png                                                               (00:00.000 / 02:02.244, 705Mb)
.Load /work/output/de/icon_modifier_extension_simple.png                                              (00:00.004 / 02:02.249, 705Mb)
Load /work/output/de/StructureDefinition-e0e166b4-0f77-478d-9062-de0034d98ce0.md                     (00:00.000 / 02:02.249, 705Mb)
Load /work/output/de/StructureDefinition-f675b1e8-9f3f-44e8-bb59-9681f78eb464-definitions.html       (00:00.000 / 02:02.250, 705Mb)
Load /work/output/de/tbl_bck035025.png                                                               (00:00.048 / 02:02.298, 779Mb)
Load /work/output/de/tbl_bck10240.png                                                                (00:00.003 / 02:02.301, 779Mb)
Load /work/output/de/logical-models.html                                                             (00:00.000 / 02:02.302, 779Mb)
Load /work/output/de/StructureDefinition-56375452-bfa1-4111-af7c-5b5ba9a1857c.profile.json.html      (00:00.005 / 02:02.307, 783Mb)
Load /work/output/de/guidance.md                                                                     (00:00.053 / 02:02.360, 857Mb)
Load /work/output/de/StructureDefinition-f675b1e8-9f3f-44e8-bb59-9681f78eb464.profile.json.html      (00:00.001 / 02:02.361, 857Mb)
Load /work/output/de/tbl_bck1251.png                                                                 (00:00.046 / 02:02.408, 929Mb)
Load /work/output/de/icon-qi-vertical.png                                                            (00:00.000 / 02:02.408, 929Mb)
Load /work/output/de/implementer-guidance.md                                                         (00:00.000 / 02:02.409, 929Mb)
Load /work/output/de/ValueSet-2.16.840.1.113883.3.1937.777.24.11.36--20230331232804.json             (00:00.000 / 02:02.409, 929Mb)
Load /work/output/de/Provenance-55219d12-6245-4de4-8b50-ddf6f16a789b.change.history.html             (00:00.000 / 02:02.409, 929Mb)
Load /work/output/de/icon-change-edit.png                                                            (00:00.002 / 02:02.412, 933Mb)
Load /work/output/de/tbl_bck000011110.png                                                            (00:00.000 / 02:02.412, 933Mb)
Load /work/output/de/Provenance-55219d12-6245-4de4-8b50-ddf6f16a789b.xml.html                        (00:00.000 / 02:02.413, 933Mb)
Load /work/output/de/tbl_bck0000111001.png                                                           (00:00.003 / 02:02.417, 939Mb)
Load /work/output/de/tbl_bck0000111110110.png                                                        (00:00.000 / 02:02.417, 939Mb)
Load /work/output/de/tbl_bck124.png                                                                  (00:00.000 / 02:02.417, 939Mb)
Load /work/output/de/tbl_bck130.png                                                                  (00:00.000 / 02:02.418, 939Mb)
Load /work/output/de/tbl_bck11000.png                                                                (00:00.000 / 02:02.418, 939Mb)
Load /work/output/de/tbl_bck03410.png                                                                (00:00.000 / 02:02.418, 939Mb)
Load /work/output/de/tbl_bck1125.png                                                                 (00:00.000 / 02:02.418, 939Mb)
Load /work/output/de/tbl_bck050.png                                                                  (00:00.000 / 02:02.419, 939Mb)
Load /work/output/de/tbl_bck01011.png                                                                (00:00.000 / 02:02.419, 939Mb)
Load /work/output/de/tbl_vjoin_end_slicer.png                                                        (00:00.000 / 02:02.420, 939Mb)
Load /work/output/de/tbl-open.png                                                                    (00:00.000 / 02:02.420, 939Mb)
Load /work/output/de/tbl_bck0011.png                                                                 (00:00.000 / 02:02.420, 939Mb)
Load /work/output/de/SearchParameter-MII-SP-Consent-ProvisionPeriod.json.html                        (00:00.000 / 02:02.420, 939Mb)
Load /work/output/de/tbl_bck0010.png                                                                 (00:00.003 / 02:02.424, 943Mb)
Load /work/output/de/icon-qi-hidden.png                                                              (00:00.000 / 02:02.424, 943Mb)
Load /work/output/de/tbl_bck01010.png                                                                (00:00.000 / 02:02.425, 943Mb)
Load /work/output/de/Consent-Example-MII-Consent-ResultType-document.html                            (00:00.000 / 02:02.425, 943Mb)
Load /work/output/de/icon-warning.png                                                                (00:00.003 / 02:02.429, 949Mb)
Load /work/output/de/tbl_bck051.png                                                                  (00:00.000 / 02:02.429, 949Mb)
Load /work/output/de/SearchParameter-MII-SP-Consent-ProvisionPeriod.json                             (00:00.000 / 02:02.429, 949Mb)
Load /work/output/de/security-and-privacy.md                                                         (00:00.000 / 02:02.430, 949Mb)
Load /work/output/de/SearchParameter-MII-SP-Consent-ProvisionCodeType.xml                            (00:00.000 / 02:02.430, 949Mb)
Load /work/output/de/tbl_vjoin_slice-open.png                                                        (00:00.000 / 02:02.430, 949Mb)
Load /work/output/de/tbl_bck11001.png                                                                (00:00.000 / 02:02.431, 949Mb)
Load /work/output/de/uml-diagrams.html                                                               (00:00.000 / 02:02.431, 949Mb)
Load /work/output/de/tbl_bck125.png                                                                  (00:00.002 / 02:02.434, 953Mb)
Load /work/output/de/tbl_bck0400.png                                                                 (00:00.000 / 02:02.434, 953Mb)
Load /work/output/de/tbl_bck1050.png                                                                 (00:00.000 / 02:02.434, 953Mb)
Load /work/output/de/tbl_bck0000111000.png                                                           (00:00.000 / 02:02.435, 953Mb)
Load /work/output/de/tbl_vjoin-open.png                                                              (00:00.000 / 02:02.435, 953Mb)
Load /work/output/de/icon_vd_view.png                                                                (00:00.000 / 02:02.435, 953Mb)
Load /work/output/de/StructureDefinition-f675b1e8-9f3f-44e8-bb59-9681f78eb464-intro.md               (00:00.000 / 02:02.436, 953Mb)
Load /work/output/de/icon_datatype.gif                                                               (00:00.000 / 02:02.436, 953Mb)
Load /work/output/de/tbl_bck000011111.png                                                            (00:00.000 / 02:02.436, 953Mb)
Load /work/output/de/alert.jpg                                                                       (00:00.000 / 02:02.436, 953Mb)
Load /work/output/de/tbl_vjoin_end_slice-open.png                                                    (00:00.000 / 02:02.437, 953Mb)
Load /work/output/de/tbl_bck1011100.png                                                              (00:00.000 / 02:02.437, 953Mb)
Load /work/output/de/tbl_bck1252.png                                                                 (00:00.000 / 02:02.437, 953Mb)
Load /work/output/de/Consent-5143266b-8d60-4b28-8ee9-635140ffa5bb.json.html                          (00:00.000 / 02:02.437, 953Mb)
Load /work/output/de/Parameters-mii-param-consent-manifest.json.html                                 (00:00.019 / 02:02.457, 977Mb)
Load /work/output/de/tbl_bck1011110.png                                                              (00:00.006 / 02:02.463, 983Mb)
.Load /work/output/de/icon_slice.png                                                                  (00:00.000 / 02:02.464, 983Mb)
Load /work/output/de/tbl_bck0000111010.png                                                           (00:00.000 / 02:02.464, 983Mb)
Load /work/output/de/icon-directory.gif                                                              (00:00.000 / 02:02.464, 983Mb)
Load /work/output/de/tbl_bck000011101.png                                                            (00:00.000 / 02:02.465, 983Mb)
Load /work/output/de/icon-q-datetime.png                                                             (00:00.000 / 02:02.465, 983Mb)
Load /work/output/de/DocumentReference-8a3d1799-2463-405e-b49c-6a16c8692b01.json.html                (00:00.000 / 02:02.465, 983Mb)
Load /work/output/de/tbl_bck0410.png                                                                 (00:00.003 / 02:02.469, 987Mb)
Load /work/output/de/tbl_bck1040.png                                                                 (00:00.000 / 02:02.470, 987Mb)
Load /work/output/de/tbl_bck11011.png                                                                (00:00.000 / 02:02.470, 987Mb)
Load /work/output/de/tbl_bck041.png                                                                  (00:00.000 / 02:02.470, 987Mb)
Load /work/output/de/CodeSystem-2.16.840.1.113883.3.1937.777.24.5.2--20210423105554-testing.html     (00:00.000 / 02:02.470, 987Mb)
Load /work/output/de/SearchParameter-MII-SP-Consent-ProvisionCodeType.json                           (00:00.003 / 02:02.474, 991Mb)
Load /work/output/de/tbl_bck01000.png                                                                (00:00.000 / 02:02.474, 991Mb)
Load /work/output/de/icon-q-item.png                                                                 (00:00.000 / 02:02.474, 991Mb)
Load /work/output/de/tbl_bck0000.png                                                                 (00:00.000 / 02:02.475, 991Mb)
Load /work/output/de/tbl_bck0001.png                                                                 (00:00.000 / 02:02.475, 991Mb)
Load /work/output/de/tbl_bck040.png                                                                  (00:00.000 / 02:02.475, 991Mb)
Load /work/output/de/StructureDefinition-e0e166b4-0f77-478d-9062-de0034d98ce0.profile.history.html   (00:00.000 / 02:02.476, 991Mb)
Load /work/output/de/tbl_bck11010.png                                                                (00:00.003 / 02:02.479, 993Mb)
Load /work/output/de/tbl_bck03400.png                                                                (00:00.000 / 02:02.479, 993Mb)
Load /work/output/de/artifacts.md                                                                    (00:00.000 / 02:02.479, 993Mb)
Load /work/output/de/tbl_bck0000111110100.png                                                        (00:00.000 / 02:02.479, 993Mb)
Load /work/output/de/tbl_bck134.png                                                                  (00:00.000 / 02:02.480, 993Mb)
Load /work/output/de/tbl_bck120.png                                                                  (00:00.000 / 02:02.480, 993Mb)
Load /work/output/de/tbl_bck000011100.png                                                            (00:00.000 / 02:02.480, 993Mb)
Load /work/output/de/tbl_bck0000111011.png                                                           (00:00.000 / 02:02.480, 993Mb)
Load /work/output/de/ValueSet-2.16.840.1.113883.3.1937.777.24.11.30--20210323234509.xml              (00:00.000 / 02:02.481, 993Mb)
Load /work/output/de/SearchParameter-MII-SP-Consent-ProvisionCode.change.history.html                (00:00.000 / 02:02.481, 995Mb)
Load /work/output/de/icon_primitive.png                                                              (00:00.003 / 02:02.485, 997Mb)
Load /work/output/de/cc0.png                                                                         (00:00.000 / 02:02.485, 997Mb)
Load /work/output/de/tbl_vjoin_end_slice-closed.png                                                  (00:00.000 / 02:02.485, 997Mb)
Load /work/output/de/icon-q-open-choice.png                                                          (00:00.000 / 02:02.486, 997Mb)
Load /work/output/de/target.png                                                                      (00:00.000 / 02:02.486, 997Mb)
Load /work/output/de/tbl_bck00001111001.png                                                          (00:00.000 / 02:02.486, 997Mb)
Load /work/output/de/capability-statements.md                                                        (00:00.000 / 02:02.487, 997Mb)
Load /work/output/de/icon_q_root.gif                                                                 (00:00.000 / 02:02.487, 997Mb)
Load /work/output/de/tbl_bck1241.png                                                                 (00:00.000 / 02:02.487, 997Mb)
Load /work/output/de/tbl_bck10250.png                                                                (00:00.000 / 02:02.487, 997Mb)
Load /work/output/de/icon-q-quantity.png                                                             (00:00.000 / 02:02.488, 997Mb)
Load /work/output/de/information.png                                                                 (00:00.000 / 02:02.488, 997Mb)
Load /work/output/de/CodeSystem-mii-cs-consent-version-modules.json.html                             (00:00.000 / 02:02.488, 997Mb)
Load /work/output/de/tbl_vjoin_end-open.png                                                          (00:00.013 / 02:02.502, 1015Mb)
Load /work/output/de/tbl_bck010100.png                                                               (00:00.000 / 02:02.502, 1015Mb)
Load /work/output/de/ValueSet-88464c5b-5338-4c2b-9c07-b42fef2ada64-testing.html                      (00:00.000 / 02:02.502, 1015Mb)
Load /work/output/de/tbl_bck110100.png                                                               (00:00.003 / 02:02.505, 1017Mb)
Load /work/output/de/icon-qi-security.bmp                                                            (00:00.000 / 02:02.506, 1017Mb)
Load /work/output/de/SearchParameter-MII-SP-Consent-PolicyUri.html                                   (00:00.000 / 02:02.506, 1017Mb)
Load /work/output/de/tbl_vjoin_end-closed.png                                                        (00:00.003 / 02:02.510, 1021Mb)
Load /work/output/de/tbl_bck1320.png                                                                 (00:00.000 / 02:02.510, 1021Mb)
Load /work/output/de/missing-data.md                                                                 (00:00.000 / 02:02.510, 1021Mb)
Load /work/output/de/icon-include.png                                                                (00:00.000 / 02:02.510, 1021Mb)
Load /work/output/de/CodeSystem-mii-cs-consent-version-modules.xml                                   (00:00.000 / 02:02.510, 1021Mb)
Load /work/output/de/tbl_bck100110.png                                                               (00:00.002 / 02:02.513, 1Gb)
Load /work/output/de/ValueSet-2.16.840.1.113883.3.1937.777.24.11.30--20210323234509.json.html        (00:00.000 / 02:02.514, 1Gb)
Load /work/output/de/CodeSystem-2.16.840.1.113883.3.1937.777.24.5.2--20210423105554.html             (00:00.007 / 02:02.521, 1Gb)
Load /work/output/de/tbl_bck000110.png                                                               (00:00.003 / 02:02.525, 1Gb)
Load /work/output/de/icon-fhir-64.png                                                                (00:00.000 / 02:02.526, 1Gb)
Load /work/output/de/icon_reuse.png                                                                  (00:00.000 / 02:02.526, 1Gb)
.Load /work/output/de/terminology.md                                                                  (00:00.000 / 02:02.526, 1Gb)
Load /work/output/de/tbl_bck1240.png                                                                 (00:00.000 / 02:02.526, 1Gb)
Load /work/output/de/Consent-Example-MII-Consent-ResultType-document.md                              (00:00.000 / 02:02.526, 1Gb)
Load /work/output/de/tbl_bck025025.png                                                               (00:00.000 / 02:02.527, 1Gb)
Load /work/output/de/icon_extension_simple.png                                                       (00:00.000 / 02:02.527, 1Gb)
Load /work/output/de/StructureDefinition-e0e166b4-0f77-478d-9062-de0034d98ce0.profile.json.html      (00:00.000 / 02:02.527, 1Gb)
Load /work/output/de/StructureDefinition-e0e166b4-0f77-478d-9062-de0034d98ce0.json                   (00:00.158 / 02:02.686, 554Mb)
Load /work/output/de/icon-q-decimal.png                                                              (00:00.001 / 02:02.687, 554Mb)
Load /work/output/de/tbl_bck011110010.png                                                            (00:00.000 / 02:02.688, 554Mb)
Load /work/output/de/icon_vd_foreach.png                                                             (00:00.000 / 02:02.688, 554Mb)
Load /work/output/de/icon-q-boolean.png                                                              (00:00.000 / 02:02.688, 554Mb)
Load /work/output/de/downloads.html                                                                  (00:00.000 / 02:02.689, 554Mb)
Load /work/output/de/tbl_bck025000.png                                                               (00:00.003 / 02:02.692, 560Mb)
Load /work/output/de/CodeSystem-2.16.840.1.113883.3.1937.777.24.5.2--20210423105554.json             (00:00.000 / 02:02.692, 560Mb)
Load /work/output/de/tbl_bck0110100.png                                                              (00:00.000 / 02:02.692, 560Mb)
Load /work/output/de/icon_page.gif                                                                   (00:00.000 / 02:02.693, 560Mb)
Load /work/output/de/Consent-Example-MII-Consent-ResultType-document.xml                             (00:00.000 / 02:02.693, 560Mb)
Load /work/output/de/tbl_bck1.png                                                                    (00:00.001 / 02:02.694, 562Mb)
Load /work/output/de/tbl_bck0000111.png                                                              (00:00.000 / 02:02.695, 562Mb)
Load /work/output/de/tbl_bck112.png                                                                  (00:00.000 / 02:02.695, 562Mb)
Load /work/output/de/tbl_bck0351.png                                                                 (00:00.000 / 02:02.695, 562Mb)
Load /work/output/de/tbl_bck111010.png                                                               (00:00.000 / 02:02.695, 562Mb)
Load /work/output/de/tbl_bck011010.png                                                               (00:00.000 / 02:02.696, 562Mb)
Load /work/output/de/StructureDefinition-56375452-bfa1-4111-af7c-5b5ba9a1857c-intro.md               (00:00.000 / 02:02.696, 562Mb)
Load /work/output/de/icon-qi-optional.png                                                            (00:00.000 / 02:02.696, 562Mb)
Load /work/output/de/tbl_vjoin_slice-closed.png                                                      (00:00.000 / 02:02.696, 562Mb)
Load /work/output/de/StructureDefinition-e0e166b4-0f77-478d-9062-de0034d98ce0.html                   (00:00.000 / 02:02.697, 562Mb)
Load /work/output/de/SearchParameter-MII-SP-Consent-ProvisionCodeType.xml.html                       (00:00.245 / 02:02.943, 590Mb)
Load /work/output/de/StructureDefinition-e0e166b4-0f77-478d-9062-de0034d98ce0.xml                    (00:00.008 / 02:02.951, 596Mb)
Load /work/output/de/tbl_bck001001.png                                                               (00:00.028 / 02:02.979, 646Mb)
Load /work/output/de/tbl_bck02512.png                                                                (00:00.000 / 02:02.980, 646Mb)
Load /work/output/de/SearchParameter-MII-SP-Consent-ProvisionType-testing.html                       (00:00.000 / 02:02.981, 646Mb)
Load /work/output/de/metadata.md                                                                     (00:00.005 / 02:02.986, 648Mb)
Load /work/output/de/DocumentReference-8a3d1799-2463-405e-b49c-6a16c8692b01.change.history.html      (00:00.000 / 02:02.986, 648Mb)
Load /work/output/de/SearchParameter-MII-SP-Consent-ProvisionCode.md                                 (00:00.002 / 02:02.989, 652Mb)
Load /work/output/de/ImplementationGuide-mii-ig-consent.md                                           (00:00.000 / 02:02.989, 652Mb)
Load /work/output/de/tbl_bck02513.png                                                                (00:00.000 / 02:02.990, 652Mb)
Load /work/output/de/SearchParameter-MII-SP-Consent-ProvisionCodeType.json.html                      (00:00.000 / 02:02.990, 652Mb)
Load /work/output/de/tbl_bck001000.png                                                               (00:00.003 / 02:02.994, 656Mb)
Load /work/output/de/icon-qi-observation.png                                                         (00:00.000 / 02:02.994, 656Mb)
Load /work/output/de/tbl_bck101000.png                                                               (00:00.000 / 02:02.995, 656Mb)
Load /work/output/de/ValueSet-2.16.840.1.113883.3.1937.777.24.11.36--20230331232804.json.html        (00:00.000 / 02:02.995, 656Mb)
Load /work/output/de/general-requirements.html                                                       (00:00.003 / 02:02.999, 662Mb)
Load /work/output/de/tbl_vjoin_slicer-open.png                                                       (00:00.004 / 02:03.004, 668Mb)
Load /work/output/de/tbl_bck0251250.png                                                              (00:00.000 / 02:03.004, 668Mb)
Load /work/output/de/tbl_bck0351250.png                                                              (00:00.000 / 02:03.004, 668Mb)
Load /work/output/de/tbl_bck011011.png                                                               (00:00.000 / 02:03.005, 668Mb)
Load /work/output/de/tbl_bck113.png                                                                  (00:00.000 / 02:03.005, 668Mb)
Load /work/output/de/tbl_bck0000110.png                                                              (00:00.000 / 02:03.006, 668Mb)
Load /work/output/de/tbl_bck0350.png                                                                 (00:00.000 / 02:03.006, 670Mb)
Load /work/output/de/tbl_bck10010000.png                                                             (00:00.000 / 02:03.007, 670Mb)
Load /work/output/de/tbl_bck00001110110.png                                                          (00:00.000 / 02:03.007, 670Mb)
Load /work/output/de/tbl_bck10110000.png                                                             (00:00.000 / 02:03.007, 670Mb)
Load /work/output/de/SearchParameter-MII-SP-Consent-PolicyUri.json                                   (00:00.000 / 02:03.007, 670Mb)
Load /work/output/de/tbl_bck0.png                                                                    (00:00.000 / 02:03.008, 670Mb)
Load /work/output/de/tbl_bck00001001.png                                                             (00:00.000 / 02:03.008, 670Mb)
Load /work/output/de/icon-change-add.png                                                             (00:00.000 / 02:03.008, 670Mb)
Load /work/output/de/tbl_bck000011111000.png                                                         (00:00.000 / 02:03.009, 670Mb)
.Load /work/output/de/researcher-guidance.md                                                          (00:00.000 / 02:03.009, 670Mb)
Load /work/output/de/SearchParameter-MII-SP-Consent-ProvisionCodePeriod.md                           (00:00.000 / 02:03.009, 670Mb)
Load /work/output/de/icon-page.png                                                                   (00:00.000 / 02:03.009, 670Mb)
Load /work/output/de/tbl_bck1500.png                                                                 (00:00.000 / 02:03.010, 670Mb)
Load /work/output/de/ValueSet-88464c5b-5338-4c2b-9c07-b42fef2ada64.json.html                         (00:00.000 / 02:03.010, 670Mb)
Load /work/output/de/SearchParameter-MII-SP-Consent-ProvisionCodeType-testing.html                   (00:00.003 / 02:03.013, 674Mb)
Load /work/output/de/datasets-and-descriptions.md                                                    (00:00.002 / 02:03.015, 678Mb)
Load /work/output/de/StructureDefinition-f675b1e8-9f3f-44e8-bb59-9681f78eb464.profile.xml.html       (00:00.000 / 02:03.016, 678Mb)
Load /work/output/de/tbl_bck105.png                                                                  (00:00.062 / 02:03.079, 794Mb)
Load /work/output/de/tbl_bck01101100.png                                                             (00:00.000 / 02:03.079, 794Mb)
Load /work/output/de/tbl_bck111.png                                                                  (00:00.000 / 02:03.080, 794Mb)
Load /work/output/de/tbl_vline_slice.png                                                             (00:00.000 / 02:03.080, 794Mb)
Load /work/output/de/tbl_bck05040.png                                                                (00:00.000 / 02:03.080, 794Mb)
Load /work/output/de/tbl_bck0251252.png                                                              (00:00.000 / 02:03.081, 794Mb)
Load /work/output/de/tbl_bck00110.png                                                                (00:00.000 / 02:03.081, 794Mb)
Load /work/output/de/tbl_bck12500.png                                                                (00:00.000 / 02:03.081, 794Mb)
Load /work/output/de/tbl_bck0351252.png                                                              (00:00.000 / 02:03.082, 794Mb)
Load /work/output/de/icon_fixed.gif                                                                  (00:00.000 / 02:03.082, 794Mb)
Load /work/output/de/tbl_bck1110.png                                                                 (00:00.000 / 02:03.082, 794Mb)
Load /work/output/de/security-and-privacy.html                                                       (00:00.000 / 02:03.083, 794Mb)
Load /work/output/de/tbl_bck10101.png                                                                (00:00.003 / 02:03.086, 798Mb)
Load /work/output/de/SearchParameter-MII-SP-Consent-PolicyUri.xml.html                               (00:00.000 / 02:03.086, 798Mb)
Load /work/output/de/SearchParameter-MII-SP-Consent-ProvisionCodePeriod.json.html                    (00:00.003 / 02:03.090, 804Mb)
Load /work/output/de/StructureDefinition-f675b1e8-9f3f-44e8-bb59-9681f78eb464.xml                    (00:00.002 / 02:03.093, 808Mb)
Load /work/output/de/tbl_bck02510.png                                                                (00:00.007 / 02:03.101, 822Mb)
Load /work/output/de/modifier.png                                                                    (00:00.000 / 02:03.101, 822Mb)
Load /work/output/de/tbl_bck10100.png                                                                (00:00.000 / 02:03.101, 822Mb)
Load /work/output/de/icon-key.png                                                                    (00:00.000 / 02:03.102, 822Mb)
Load /work/output/de/tbl_bck15050.png                                                                (00:00.000 / 02:03.102, 822Mb)
Load /work/output/de/metadata.html                                                                   (00:00.000 / 02:03.102, 822Mb)
Load /work/output/de/icon-q-integer.png                                                              (00:00.005 / 02:03.108, 834Mb)
Load /work/output/de/tbl_bck1111.png                                                                 (00:00.000 / 02:03.109, 834Mb)
Load /work/output/de/StructureDefinition-56375452-bfa1-4111-af7c-5b5ba9a1857c-examples.html          (00:00.000 / 02:03.109, 834Mb)
Load /work/output/de/SearchParameter-MII-SP-Consent-ProvisionType.md                                 (00:00.002 / 02:03.111, 836Mb)
Load /work/output/de/must-support.md                                                                 (00:00.000 / 02:03.112, 836Mb)
Load /work/output/de/tbl_bck110.png                                                                  (00:00.000 / 02:03.112, 836Mb)
Load /work/output/de/SearchParameter-MII-SP-Consent-ProvisionCodePeriod.xml.html                     (00:00.000 / 02:03.112, 836Mb)
Load /work/output/de/index.md                                                                        (00:00.003 / 02:03.116, 842Mb)
Load /work/output/de/tbl_bck1515.png                                                                 (00:00.000 / 02:03.116, 842Mb)
Load /work/output/de/CodeSystem-2.16.840.1.113883.3.1937.777.24.5.2--20210423105554.xml              (00:00.000 / 02:03.117, 842Mb)
Load /work/output/de/tbl-closed.png                                                                  (00:00.000 / 02:03.117, 842Mb)
Load /work/output/de/tbl_bck000010010.png                                                            (00:00.000 / 02:03.118, 842Mb)
Load /work/output/de/version-history.md                                                              (00:00.000 / 02:03.118, 842Mb)
Load /work/output/de/search-parameters-and-operations.md                                             (00:00.000 / 02:03.118, 842Mb)
Load /work/output/de/SearchParameter-MII-SP-Consent-ProvisionCodeType.html                           (00:00.000 / 02:03.119, 842Mb)
Load /work/output/de/icon-dictionary.png                                                             (00:00.002 / 02:03.121, 846Mb)
Load /work/output/de/Consent-Example-MII-Consent-ResultType-document.json                            (00:00.000 / 02:03.122, 846Mb)
Load /work/output/de/tbl_bck000010000.png                                                            (00:00.000 / 02:03.122, 846Mb)
Load /work/output/de/SearchParameter-MII-SP-Consent-ProvisionPeriod.html                             (00:00.000 / 02:03.122, 846Mb)
Load /work/output/de/StructureDefinition-56375452-bfa1-4111-af7c-5b5ba9a1857c-mappings.html          (00:00.002 / 02:03.125, 850Mb)
Load /work/output/de/tbl_bck1505.png                                                                 (00:00.020 / 02:03.146, 882Mb)
Load /work/output/de/CodeSystem-2.16.840.1.113883.3.1937.777.24.5.2--20210423105554.md               (00:00.000 / 02:03.146, 882Mb)
Load /work/output/de/tbl_bck100.png                                                                  (00:00.000 / 02:03.146, 882Mb)
Load /work/output/de/tbl_bck12511.png                                                                (00:00.000 / 02:03.147, 882Mb)
Load /work/output/de/tbl_bck00101.png                                                                (00:00.000 / 02:03.147, 882Mb)
Load /work/output/de/translationinfo.md                                                              (00:00.000 / 02:03.147, 882Mb)
Load /work/output/de/SearchParameter-MII-SP-Consent-ProvisionPeriod.xml.html                         (00:00.000 / 02:03.148, 882Mb)
Load /work/output/de/StructureDefinition-56375452-bfa1-4111-af7c-5b5ba9a1857c.xml                    (00:00.004 / 02:03.152, 886Mb)
.Load /work/output/de/icon-list.gif                                                                   (00:00.007 / 02:03.159, 900Mb)
Load /work/output/de/missing-data.html                                                               (00:00.000 / 02:03.160, 900Mb)
Load /work/output/de/tbl_bck1101.png                                                                 (00:00.003 / 02:03.164, 908Mb)
Load /work/output/de/fhir-table-scripts.js                                                           (00:00.000 / 02:03.164, 908Mb)
Load /work/output/de/tbl_bck02500.png                                                                (00:00.000 / 02:03.164, 908Mb)
Load /work/output/de/tbl_bck10110.png                                                                (00:00.000 / 02:03.165, 908Mb)
Load /work/output/de/tbl_bck15040.png                                                                (00:00.000 / 02:03.165, 908Mb)
Load /work/output/de/icon_extension.png                                                              (00:00.000 / 02:03.165, 908Mb)
Load /work/output/de/icon-implementation.png                                                         (00:00.000 / 02:03.166, 908Mb)
Load /work/output/de/icon_entry_blue.png                                                             (00:00.000 / 02:03.166, 908Mb)
Load /work/output/de/icon-q-coding.png                                                               (00:00.000 / 02:03.166, 908Mb)
Load /work/output/de/tbl_bck10111.png                                                                (00:00.000 / 02:03.167, 908Mb)
Load /work/output/de/tbl_bck02501.png                                                                (00:00.000 / 02:03.167, 908Mb)
Load /work/output/de/tbl_bck1100.png                                                                 (00:00.000 / 02:03.167, 908Mb)
Load /work/output/de/CodeSystem-2.16.840.1.113883.3.1937.777.24.5.2--20210423105554.xml.html         (00:00.000 / 02:03.168, 908Mb)
Load /work/output/de/tbl_bck05050.png                                                                (00:00.004 / 02:03.172, 914Mb)
Load /work/output/de/SearchParameter-MII-SP-Consent-PolicyUri.json.html                              (00:00.000 / 02:03.172, 914Mb)
Load /work/output/de/tbl_bck00100.png                                                                (00:00.002 / 02:03.175, 920Mb)
Load /work/output/de/ValueSet-2.16.840.1.113883.3.1937.777.24.11.36--20230331232804.xml              (00:00.000 / 02:03.176, 920Mb)
Load /work/output/de/CodeSystem-2.16.840.1.113883.3.1937.777.24.5.3--20251211153003-testing.html     (00:00.000 / 02:03.176, 920Mb)
Load /work/output/de/tbl_bck12510.png                                                                (00:00.002 / 02:03.178, 924Mb)
Load /work/output/de/tbl_bck115.png                                                                  (00:00.000 / 02:03.179, 924Mb)
Load /work/output/de/icon-documentation.png                                                          (00:00.000 / 02:03.179, 924Mb)
Load /work/output/de/tbl_bck01101110.png                                                             (00:00.000 / 02:03.180, 924Mb)
Load /work/output/de/tbl_bck101.png                                                                  (00:00.000 / 02:03.180, 924Mb)
Load /work/output/de/icon-selected.png                                                               (00:00.000 / 02:03.180, 924Mb)
Load /work/output/de/icon-example.png                                                                (00:00.000 / 02:03.181, 924Mb)
Load /work/output/de/ValueSet-88464c5b-5338-4c2b-9c07-b42fef2ada64.xml                               (00:00.000 / 02:03.181, 924Mb)
Load /work/output/de/tbl_bck1510.png                                                                 (00:00.000 / 02:03.181, 924Mb)
Load /work/output/de/StructureDefinition-e0e166b4-0f77-478d-9062-de0034d98ce0-notes.md               (00:00.000 / 02:03.182, 924Mb)
Load /work/output/de/prism.css                                                                       (00:00.000 / 02:03.182, 924Mb)
Load /work/output/de/ImplementationGuide-mii-ig-consent.xml                                          (00:00.000 / 02:03.182, 924Mb)
Load /work/output/de/icon-qi-readonly.png                                                            (00:00.003 / 02:03.186, 930Mb)
Load /work/output/de/Consent-5143266b-8d60-4b28-8ee9-635140ffa5bb.md                                 (00:00.000 / 02:03.186, 930Mb)
Load /work/output/de/tbl_bck000011111010.png                                                         (00:00.000 / 02:03.186, 930Mb)
Load /work/output/de/SearchParameter-MII-SP-Consent-ProvisionCodePeriod-testing.html                 (00:00.000 / 02:03.187, 930Mb)
Load /work/output/de/tbl_bck0110111.png                                                              (00:00.002 / 02:03.189, 932Mb)
Load /work/output/de/icon-object-box.png                                                             (00:00.000 / 02:03.189, 932Mb)
Load /work/output/de/tbl_bck1512.png                                                                 (00:00.000 / 02:03.190, 932Mb)
Load /work/output/de/tbl_vjoin_slice.png                                                             (00:00.000 / 02:03.190, 934Mb)
Load /work/output/de/Parameters-mii-param-consent-manifest.change.history.html                       (00:00.000 / 02:03.190, 934Mb)
Load /work/output/de/icon-q-group.png                                                                (00:00.002 / 02:03.192, 936Mb)
Load /work/output/de/tbl_bck103.png                                                                  (00:00.000 / 02:03.193, 936Mb)
Load /work/output/de/tbl_bck0000100.png                                                              (00:00.000 / 02:03.193, 936Mb)
Load /work/output/de/tbl_bck0340.png                                                                 (00:00.000 / 02:03.193, 936Mb)
Load /work/output/de/tbl_bck10010010.png                                                             (00:00.000 / 02:03.194, 936Mb)
Load /work/output/de/Consent-Example-MII-Consent-ResultType-document.xml.html                        (00:00.000 / 02:03.194, 936Mb)
Load /work/output/de/tbl_bck00001110100.png                                                          (00:00.006 / 02:03.200, 948Mb)
Load /work/output/de/tbl_bck10110010.png                                                             (00:00.000 / 02:03.201, 948Mb)
Load /work/output/de/SearchParameter-MII-SP-Consent-PolicyUri.xml                                    (00:00.000 / 02:03.201, 948Mb)
Load /work/output/de/tbl_bck0251240.png                                                              (00:00.000 / 02:03.201, 948Mb)
Load /work/output/de/tbl_bck0351240.png                                                              (00:00.000 / 02:03.202, 948Mb)
Load /work/output/de/tbl_bck12512.png                                                                (00:00.000 / 02:03.202, 948Mb)
Load /work/output/de/tbl_bck011001.png                                                               (00:00.000 / 02:03.202, 948Mb)
Load /work/output/de/new.png                                                                         (00:00.000 / 02:03.202, 948Mb)
Load /work/output/de/ValueSet-2.16.840.1.113883.3.1937.777.24.11.36--20230331232804.html             (00:00.000 / 02:03.203, 948Mb)
Load /work/output/de/tbl_bck02503.png                                                                (00:00.018 / 02:03.222, 984Mb)
Load /work/output/de/tbl_bck001010.png                                                               (00:00.000 / 02:03.222, 984Mb)
.Load /work/output/de/tbl_bck101010.png                                                               (00:00.000 / 02:03.222, 984Mb)
Load /work/output/de/icon-qi-instructions.png                                                        (00:00.000 / 02:03.223, 984Mb)
Load /work/output/de/changes.md                                                                      (00:00.000 / 02:03.223, 984Mb)
Load /work/output/de/search-parameters-and-operations.html                                           (00:00.000 / 02:03.223, 984Mb)
Load /work/output/de/icon-clinical.png                                                               (00:00.003 / 02:03.227, 990Mb)
Load /work/output/de/SearchParameter-MII-SP-Consent-ProvisionCodePeriod.json                         (00:00.000 / 02:03.227, 990Mb)
Load /work/output/de/tbl_bck111000.png                                                               (00:00.000 / 02:03.227, 990Mb)
Load /work/output/de/tbl_bck011000.png                                                               (00:00.000 / 02:03.228, 990Mb)
Load /work/output/de/datasets-and-descriptions.html                                                  (00:00.000 / 02:03.228, 990Mb)
Load /work/output/de/Parameters-mii-param-consent-manifest.json                                      (00:00.002 / 02:03.231, 994Mb)
Load /work/output/de/tbl_bck0000101.png                                                              (00:00.000 / 02:03.231, 994Mb)
Load /work/output/de/tbl_bck0341.png                                                                 (00:00.000 / 02:03.231, 994Mb)
Load /work/output/de/StructureDefinition-f675b1e8-9f3f-44e8-bb59-9681f78eb464.md                     (00:00.000 / 02:03.231, 994Mb)
Load /work/output/de/DocumentReference-8a3d1799-2463-405e-b49c-6a16c8692b01.md                       (00:00.000 / 02:03.232, 994Mb)
Load /work/output/de/examples.html                                                                   (00:00.000 / 02:03.232, 994Mb)
Load /work/output/de/ValueSet-2.16.840.1.113883.3.1937.777.24.11.36--20230331232804-testing.html     (00:00.002 / 02:03.234, 998Mb)
Load /work/output/de/tbl_bck00001010.png                                                             (00:00.002 / 02:03.237, 1002Mb)
Load /work/output/de/tbl_bck025010.png                                                               (00:00.000 / 02:03.237, 1002Mb)
Load /work/output/de/tbl_bck0110110.png                                                              (00:00.000 / 02:03.237, 1002Mb)
Load /work/output/de/tbl_bck000011111011.png                                                         (00:00.000 / 02:03.238, 1002Mb)
Load /work/output/de/Consent-34150a23-b1c8-404f-874f-e042a30435d2.json.html                          (00:00.000 / 02:03.238, 1002Mb)
Load /work/output/de/tbl_bck10001.png                                                                (00:00.005 / 02:03.244, 1012Mb)
Load /work/output/de/tbl_bck05140.png                                                                (00:00.000 / 02:03.244, 1012Mb)
Load /work/output/de/tbl_bck00010.png                                                                (00:00.000 / 02:03.245, 1012Mb)
Load /work/output/de/tbl_bck12400.png                                                                (00:00.000 / 02:03.245, 1012Mb)
Load /work/output/de/tbl_bck1010.png                                                                 (00:00.000 / 02:03.245, 1012Mb)
Load /work/output/de/Provenance-55219d12-6245-4de4-8b50-ddf6f16a789b.json                            (00:00.000 / 02:03.246, 1012Mb)
Load /work/output/de/ValueSet-88464c5b-5338-4c2b-9c07-b42fef2ada64.change.history.html               (00:00.000 / 02:03.246, 1012Mb)
Load /work/output/de/icon-q-choice.png                                                               (00:00.002 / 02:03.248, 1014Mb)
Load /work/output/de/icon_group.png                                                                  (00:00.000 / 02:03.248, 1014Mb)
Load /work/output/de/StructureDefinition-f675b1e8-9f3f-44e8-bb59-9681f78eb464.profile.history.html   (00:00.000 / 02:03.249, 1014Mb)
Load /work/output/de/tbl_bck011.png                                                                  (00:00.002 / 02:03.251, 1018Mb)
Load /work/output/de/ValueSet-88464c5b-5338-4c2b-9c07-b42fef2ada64.html                              (00:00.000 / 02:03.251, 1018Mb)
Load /work/output/de/tbl_bck1400.png                                                                 (00:00.003 / 02:03.254, 1Gb)
Load /work/output/de/icon_vd_union.png                                                               (00:00.000 / 02:03.255, 1Gb)
Load /work/output/de/capability-statements.html                                                      (00:00.000 / 02:03.255, 1Gb)
Load /work/output/de/tbl_bck01111010.png                                                             (00:00.002 / 02:03.257, 1Gb)
Load /work/output/de/tbl_bck03.png                                                                   (00:00.000 / 02:03.257, 1Gb)
Load /work/output/de/icon_latest.png                                                                 (00:00.000 / 02:03.258, 1Gb)
Load /work/output/de/tbl_bck010.png                                                                  (00:00.000 / 02:03.258, 1Gb)
Load /work/output/de/SearchParameter-MII-SP-Consent-ProvisionPeriod-testing.html                     (00:00.000 / 02:03.258, 1Gb)
Load /work/output/de/icon-q-attachment.png                                                           (00:00.002 / 02:03.261, 1Gb)
Load /work/output/de/tbl_spacer.png                                                                  (00:00.000 / 02:03.261, 1Gb)
Load /work/output/de/MII-KDS_de_Consent.jpg                                                          (00:00.000 / 02:03.261, 1Gb)
Load /work/output/de/StructureDefinition-f675b1e8-9f3f-44e8-bb59-9681f78eb464-mappings.html          (00:00.000 / 02:03.261, 1Gb)
Load /work/output/de/tbl_bck1011.png                                                                 (00:00.017 / 02:03.279, 1Gb)
Load /work/output/de/tbl_bck00011.png                                                                (00:00.000 / 02:03.280, 1Gb)
Load /work/output/de/icon-fhir-720.png                                                               (00:00.000 / 02:03.280, 1Gb)
Load /work/output/de/Consent-34150a23-b1c8-404f-874f-e042a30435d2.json                               (00:00.000 / 02:03.280, 1Gb)
Load /work/output/de/icon-q-reference.png                                                            (00:00.000 / 02:03.281, 1Gb)
Load /work/output/de/tbl_bck02410.png                                                                (00:00.000 / 02:03.281, 1Gb)
Load /work/output/de/tbl_bck10000.png                                                                (00:00.000 / 02:03.282, 1Gb)
Load /work/output/de/tbl_bck15150.png                                                                (00:00.000 / 02:03.282, 1Gb)
Load /work/output/de/tbl_bck101101.png                                                               (00:00.000 / 02:03.282, 1Gb)
Load /work/output/de/tbl_bck15152.png                                                                (00:00.000 / 02:03.283, 1Gb)
Load /work/output/de/icon_page_n_c.gif                                                               (00:00.000 / 02:03.283, 1Gb)
Load /work/output/de/tbl_bck111110.png                                                               (00:00.000 / 02:03.284, 1Gb)
Load /work/output/de/StructureDefinition-56375452-bfa1-4111-af7c-5b5ba9a1857c.json                   (00:00.000 / 02:03.284, 1Gb)
.Load /work/output/de/Provenance-55219d12-6245-4de4-8b50-ddf6f16a789b.md                              (00:00.000 / 02:03.284, 1Gb)
Load /work/output/de/tbl_bck011110.png                                                               (00:00.000 / 02:03.285, 1Gb)
Load /work/output/de/Consent-5143266b-8d60-4b28-8ee9-635140ffa5bb.change.history.html                (00:00.000 / 02:03.285, 1Gb)
Load /work/output/de/downloads.md                                                                    (00:00.002 / 02:03.288, 1Gb)
Load /work/output/de/tbl_bck0331.png                                                                 (00:00.000 / 02:03.288, 1Gb)
Load /work/output/de/summary.png                                                                     (00:00.000 / 02:03.288, 1Gb)
Load /work/output/de/StructureDefinition-f675b1e8-9f3f-44e8-bb59-9681f78eb464-notes.md               (00:00.000 / 02:03.288, 1Gb)
Load /work/output/de/tbl_bck0251.png                                                                 (00:00.000 / 02:03.289, 1Gb)
Load /work/output/de/tbl_bck012.png                                                                  (00:00.000 / 02:03.289, 1Gb)
Load /work/output/de/icon-q-url.png                                                                  (00:00.000 / 02:03.289, 1Gb)
Load /work/output/de/version-history.html                                                            (00:00.000 / 02:03.290, 1Gb)
Load /work/output/de/tbl_bck11240.png                                                                (00:00.004 / 02:03.294, 1Gb)
Load /work/output/de/tbl_bck125100.png                                                               (00:00.000 / 02:03.294, 1Gb)
Load /work/output/de/tbl_bck01.png                                                                   (00:00.000 / 02:03.295, 1Gb)
Load /work/output/de/tbl_bck15.png                                                                   (00:00.000 / 02:03.295, 1Gb)
Load /work/output/de/icon-error.gif                                                                  (00:00.000 / 02:03.295, 1Gb)
Load /work/output/de/tbl_bck00001100.png                                                             (00:00.000 / 02:03.296, 1Gb)
Load /work/output/de/tbl_bck0010000.png                                                              (00:00.000 / 02:03.296, 1Gb)
Load /work/output/de/tbl_bck0110000.png                                                              (00:00.000 / 02:03.296, 1Gb)
Load /work/output/de/tbl_bck14.png                                                                   (00:00.000 / 02:03.297, 1Gb)
Load /work/output/de/tbl_bck00.png                                                                   (00:00.000 / 02:03.297, 1Gb)
Load /work/output/de/tbl_bck000011111100.png                                                         (00:00.000 / 02:03.297, 1Gb)
Load /work/output/de/DocumentReference-8a3d1799-2463-405e-b49c-6a16c8692b01.html                     (00:00.000 / 02:03.298, 1Gb)
Load /work/output/de/CodeSystem-2.16.840.1.113883.3.1937.777.24.5.3--20251211153003.xml              (00:00.002 / 02:03.301, 1Gb)
Load /work/output/de/tbl_bck0250.png                                                                 (00:00.004 / 02:03.305, 1Gb)
Load /work/output/de/tbl_bck0000010.png                                                              (00:00.000 / 02:03.305, 1Gb)
Load /work/output/de/tbl_bck00001110010.png                                                          (00:00.000 / 02:03.305, 1Gb)
Load /work/output/de/tbl_bck0330.png                                                                 (00:00.000 / 02:03.305, 1Gb)
Load /work/output/de/icon-infrastructure.png                                                         (00:00.000 / 02:03.306, 1Gb)
Load /work/output/de/icon-qi-security.png                                                            (00:00.000 / 02:03.306, 1Gb)
Load /work/output/de/tbl_bck011111.png                                                               (00:00.000 / 02:03.306, 1Gb)
Load /work/output/de/SearchParameter-MII-SP-Consent-ProvisionCode.xml.html                           (00:00.000 / 02:03.307, 1Gb)
Load /work/output/de/ValueSet-2.16.840.1.113883.3.1937.777.24.11.30--20210323234509.html             (00:00.003 / 02:03.310, 1Gb)
Load /work/output/de/tbl_bck101100.png                                                               (00:00.003 / 02:03.313, 1Gb)
Load /work/output/de/assets/css/xml.css                                                              (00:00.000 / 02:03.314, 1Gb)
Load /work/output/de/assets/css/jquery-ui.theme.min.css                                              (00:00.000 / 02:03.314, 1Gb)
Load /work/output/de/assets/css/cqf.css                                                              (00:00.000 / 02:03.314, 1Gb)
Load /work/output/de/assets/css/mii.css                                                              (00:00.000 / 02:03.315, 1Gb)
Load /work/output/de/assets/css/hl7.css                                                              (00:00.000 / 02:03.315, 1Gb)
Load /work/output/de/assets/css/bootstrap-fhir.css                                                   (00:00.000 / 02:03.315, 1Gb)
Load /work/output/de/assets/css/prism-fhirpath.css                                                   (00:00.000 / 02:03.315, 1Gb)
Load /work/output/de/assets/css/jquery-ui.css                                                        (00:00.000 / 02:03.316, 1Gb)
Load /work/output/de/assets/css/bootstrap-glyphicons.css                                             (00:00.000 / 02:03.316, 1Gb)
Load /work/output/de/assets/css/prism.css                                                            (00:00.000 / 02:03.316, 1Gb)
Load /work/output/de/assets/css/jquery-ui.structure.min.css                                          (00:00.000 / 02:03.317, 1Gb)
Load /work/output/de/assets/css/pygments-manni.css                                                   (00:00.000 / 02:03.317, 1Gb)
Load /work/output/de/assets/css/project.css                                                          (00:00.000 / 02:03.317, 1Gb)
Load /work/output/de/assets/images/icon_arrow_up.png                                                 (00:00.000 / 02:03.318, 1Gb)
Load /work/output/de/assets/images/deu.svg                                                           (00:00.000 / 02:03.318, 1Gb)
Load /work/output/de/assets/images/external.png                                                      (00:00.000 / 02:03.318, 1Gb)
Load /work/output/de/assets/images/fhir-logo-www.png                                                 (00:00.000 / 02:03.318, 1Gb)
Load /work/output/de/assets/images/download.png                                                      (00:00.000 / 02:03.319, 1Gb)
Load /work/output/de/assets/images/logo-en.svg                                                       (00:00.000 / 02:03.319, 1Gb)
Load /work/output/de/assets/images/link.svg                                                          (00:00.015 / 02:03.334, 374Mb)
Load /work/output/de/assets/images/dragon.png                                                        (00:00.000 / 02:03.335, 374Mb)
Load /work/output/de/assets/images/lang-es.png                                                       (00:00.000 / 02:03.336, 374Mb)
Load /work/output/de/assets/images/lang-de.png                                                       (00:00.000 / 02:03.336, 374Mb)
Load /work/output/de/assets/images/001.svg                                                           (00:00.000 / 02:03.336, 374Mb)
.Load /work/output/de/assets/images/target.png                                                        (00:00.002 / 02:03.339, 376Mb)
Load /work/output/de/assets/images/fcp-logo.png                                                      (00:00.000 / 02:03.339, 376Mb)
Load /work/output/de/assets/images/lang-pt.png                                                       (00:00.000 / 02:03.340, 376Mb)
Load /work/output/de/assets/images/search.png                                                        (00:00.000 / 02:03.340, 376Mb)
Load /work/output/de/assets/images/lang-en.png                                                       (00:00.000 / 02:03.340, 376Mb)
Load /work/output/de/assets/images/lang-ja.png                                                       (00:00.000 / 02:03.340, 376Mb)
Load /work/output/de/assets/images/lang-kr.png                                                       (00:00.000 / 02:03.340, 376Mb)
Load /work/output/de/assets/images/logo_ansinew.jpg                                                  (00:00.000 / 02:03.341, 376Mb)
Load /work/output/de/assets/images/logo-de.svg                                                       (00:00.000 / 02:03.341, 376Mb)
Load /work/output/de/assets/images/lang-pt_BR.png                                                    (00:00.007 / 02:03.348, 386Mb)
Load /work/output/de/assets/images/lang-fr.png                                                       (00:00.000 / 02:03.349, 386Mb)
Load /work/output/de/assets/images/lang-ru.png                                                       (00:00.000 / 02:03.349, 386Mb)
Load /work/output/de/assets/images/lang-ar.png                                                       (00:00.000 / 02:03.349, 386Mb)
Load /work/output/de/assets/images/stripe.png                                                        (00:00.000 / 02:03.349, 386Mb)
Load /work/output/de/assets/images/hl7-logo-header.png                                               (00:00.000 / 02:03.349, 386Mb)
Load /work/output/de/assets/images/lang-nl.png                                                       (00:00.000 / 02:03.350, 386Mb)
Load /work/output/de/assets/images/lang-zh.png                                                       (00:00.000 / 02:03.350, 386Mb)
Load /work/output/de/assets/images/lang-zh-TW.png                                                    (00:00.000 / 02:03.350, 388Mb)
Load /work/output/de/assets/images/icon_arrow_down.png                                               (00:00.000 / 02:03.351, 388Mb)
Load /work/output/de/assets/js/html5shiv.js                                                          (00:00.000 / 02:03.351, 388Mb)
Load /work/output/de/assets/js/flags.js                                                              (00:00.000 / 02:03.351, 388Mb)
Load /work/output/de/assets/js/prism.js                                                              (00:00.000 / 02:03.351, 388Mb)
Load /work/output/de/assets/js/mermaid.js                                                            (00:00.000 / 02:03.351, 388Mb)
Load /work/output/de/assets/js/jquery-ui.min.js                                                      (00:00.000 / 02:03.352, 388Mb)
Load /work/output/de/assets/js/clipboard-btn.js                                                      (00:00.000 / 02:03.352, 388Mb)
Load /work/output/de/assets/js/respond.min.js                                                        (00:00.000 / 02:03.352, 388Mb)
Load /work/output/de/assets/js/prism-fhirpath.js                                                     (00:00.000 / 02:03.352, 388Mb)
Load /work/output/de/assets/js/xml.js                                                                (00:00.000 / 02:03.353, 388Mb)
Load /work/output/de/assets/js/window-hash.js                                                        (00:00.000 / 02:03.353, 388Mb)
Load /work/output/de/assets/js/clipboard.min.js                                                      (00:00.000 / 02:03.354, 388Mb)
Load /work/output/de/assets/js/tabs.js                                                               (00:00.000 / 02:03.354, 388Mb)
Load /work/output/de/assets/js/jquery-3.7.0.min.map                                                  (00:00.000 / 02:03.354, 388Mb)
Load /work/output/de/assets/js/mermaid-init.js                                                       (00:00.000 / 02:03.354, 388Mb)
Load /work/output/de/assets/js/bootstrap.min.js                                                      (00:00.000 / 02:03.354, 388Mb)
Load /work/output/de/assets/js/fhir-table-scripts.js                                                 (00:00.000 / 02:03.355, 388Mb)
Load /work/output/de/assets/js/anchor.min.js                                                         (00:00.000 / 02:03.355, 388Mb)
Load /work/output/de/assets/js/topofpage.js                                                          (00:00.000 / 02:03.355, 388Mb)
Load /work/output/de/assets/js/fhir.js                                                               (00:00.000 / 02:03.355, 388Mb)
Load /work/output/de/assets/js/readme.txt                                                            (00:00.000 / 02:03.356, 388Mb)
Load /work/output/de/assets/js/lang-redirects.js                                                     (00:00.000 / 02:03.356, 388Mb)
Load /work/output/de/assets/js/direction-management.js                                               (00:00.000 / 02:03.356, 388Mb)
Load /work/output/de/assets/js/anchor-hover.js                                                       (00:00.000 / 02:03.356, 388Mb)
Load /work/output/de/assets/js/jquery.js                                                             (00:00.000 / 02:03.356, 388Mb)
Load /work/output/de/assets/fonts/OpenSans-CondBold-webfont.svg                                      (00:00.000 / 02:03.357, 388Mb)
Load /work/output/de/assets/fonts/glyphiconshalflings-regular.otf                                    (00:00.018 / 02:03.375, 414Mb)
Load /work/output/de/assets/fonts/OpenSans-CondLight-webfont.eot                                     (00:00.000 / 02:03.375, 414Mb)
Load /work/output/de/assets/fonts/glyphiconshalflings-regular.eot                                    (00:00.000 / 02:03.376, 414Mb)
Load /work/output/de/assets/fonts/OpenSans-CondLight-webfont.ttf                                     (00:00.000 / 02:03.376, 414Mb)
Load /work/output/de/assets/fonts/glyphiconshalflings-regular.ttf                                    (00:00.000 / 02:03.376, 414Mb)
Load /work/output/de/assets/fonts/OpenSans-CondLight-webfont.woff                                    (00:00.000 / 02:03.377, 414Mb)
Load /work/output/de/assets/fonts/glyphiconshalflings-regular.woff                                   (00:00.000 / 02:03.377, 414Mb)
Load /work/output/de/assets/fonts/OpenSans-CondBold-webfont.ttf                                      (00:00.000 / 02:03.377, 414Mb)
Load /work/output/de/assets/fonts/OpenSans-CondBold-webfont.woff                                     (00:00.000 / 02:03.378, 414Mb)
Load /work/output/de/assets/fonts/OpenSans-CondLight-webfont.svg                                     (00:00.000 / 02:03.378, 414Mb)
Load /work/output/de/assets/fonts/glyphiconshalflings-regular.svg                                    (00:00.018 / 02:03.396, 444Mb)
Load /work/output/de/assets/fonts/OpenSans-CondBold-webfont.eot                                      (00:00.006 / 02:03.403, 454Mb)
Load /work/output/de/assets/ico/icon-fhir-114.png                                                    (00:00.000 / 02:03.403, 454Mb)
Load /work/output/de/assets/ico/icon-fhir-72.png                                                     (00:00.000 / 02:03.404, 454Mb)
.Load /work/output/de/assets/ico/icon-fhir-144.png                                                    (00:00.000 / 02:03.404, 454Mb)
Load /work/output/de/assets/ico/favicon.png                                                          (00:00.000 / 02:03.404, 454Mb)
Load /work/output/de/assets/ico/noun_copy to clipboard_1669410.png                                   (00:00.000 / 02:03.405, 454Mb)
Load /work/output/de/assets/ico/icon-fhir-57.png                                                     (00:00.000 / 02:03.405, 454Mb)
Load /work/output/de/tbl_bck101110.png                                                               (00:00.000 / 02:03.405, 454Mb)
Load /work/output/de/Provenance-55219d12-6245-4de4-8b50-ddf6f16a789b.xml                             (00:00.000 / 02:03.405, 454Mb)
Load /work/output/de/CodeSystem-mii-cs-consent-version-modules.change.history.html                   (00:00.000 / 02:03.406, 456Mb)
Load /work/output/de/tbl_bck05152.png                                                                (00:00.002 / 02:03.408, 458Mb)
Load /work/output/de/tbl_bck111101.png                                                               (00:00.000 / 02:03.408, 458Mb)
Load /work/output/de/tbl_bck0320.png                                                                 (00:00.000 / 02:03.409, 458Mb)
Load /work/output/de/icon-fhir-24.png                                                                (00:00.000 / 02:03.409, 458Mb)
Load /work/output/de/StructureDefinition-e0e166b4-0f77-478d-9062-de0034d98ce0.profile.xml.html       (00:00.000 / 02:03.410, 458Mb)
Load /work/output/de/icon-q-string.png                                                               (00:00.198 / 02:03.608, 824Mb)
Load /work/output/de/tbl_bck0240.png                                                                 (00:00.001 / 02:03.609, 824Mb)
Load /work/output/de/SearchParameter-MII-SP-Consent-ProvisionType.json                               (00:00.000 / 02:03.609, 824Mb)
Load /work/output/de/tbl_bck0000000.png                                                              (00:00.000 / 02:03.610, 824Mb)
Load /work/output/de/CodeSystem-2.16.840.1.113883.3.1937.777.24.5.3--20251211153003.json.html        (00:00.000 / 02:03.610, 824Mb)
Load /work/output/de/tbl_bck00001110000.png                                                          (00:00.016 / 02:03.627, 856Mb)
Load /work/output/de/tbl_bck000011111110.png                                                         (00:00.000 / 02:03.627, 856Mb)
Load /work/output/de/CodeSystem-mii-cs-consent-version-modules.json                                  (00:00.000 / 02:03.627, 856Mb)
Load /work/output/de/tbl_bck04.png                                                                   (00:00.000 / 02:03.628, 856Mb)
Load /work/output/de/tbl_bck00001111.png                                                             (00:00.000 / 02:03.628, 856Mb)
Load /work/output/de/tbl_bck10.png                                                                   (00:00.000 / 02:03.628, 856Mb)
Load /work/output/de/SearchParameter-MII-SP-Consent-ProvisionCodeType.change.history.html            (00:00.000 / 02:03.629, 856Mb)
Load /work/output/de/tbl_bck125110.png                                                               (00:00.002 / 02:03.631, 860Mb)
Load /work/output/de/tbl_bck11.png                                                                   (00:00.000 / 02:03.631, 860Mb)
Load /work/output/de/tbl_bck05.png                                                                   (00:00.000 / 02:03.632, 860Mb)
Load /work/output/de/ValueSet-2.16.840.1.113883.3.1937.777.24.11.36--20230331232804.md               (00:00.000 / 02:03.632, 860Mb)
Load /work/output/de/tbl_bck00001110.png                                                             (00:00.000 / 02:03.632, 860Mb)
Load /work/output/de/tbl_bck0010010.png                                                              (00:00.000 / 02:03.633, 860Mb)
Load /work/output/de/tbl_bck0110010.png                                                              (00:00.000 / 02:03.633, 860Mb)
Load /work/output/de/tbl_vline.png                                                                   (00:00.000 / 02:03.633, 860Mb)
Load /work/output/de/tbl_bck11250.png                                                                (00:00.000 / 02:03.634, 860Mb)
Load /work/output/de/Parameters-mii-param-consent-manifest.md                                        (00:00.000 / 02:03.634, 860Mb)
Load /work/output/de/Consent-5143266b-8d60-4b28-8ee9-635140ffa5bb.xml.html                           (00:00.000 / 02:03.634, 860Mb)
Load /work/output/de/tbl_bck0241.png                                                                 (00:00.016 / 02:03.650, 890Mb)
Load /work/output/de/icon_slice_item.png                                                             (00:00.000 / 02:03.651, 890Mb)
Load /work/output/de/CodeSystem-2.16.840.1.113883.3.1937.777.24.5.2--20210423105554.change.history.html (00:00.000 / 02:03.651, 890Mb)
Load /work/output/de/tbl_bck111100.png                                                               (00:00.002 / 02:03.654, 892Mb)
Load /work/output/de/ValueSet-2.16.840.1.113883.3.1937.777.24.11.36--20230331232804.change.history.html (00:00.000 / 02:03.654, 892Mb)
Load /work/output/de/tbl_bck011100.png                                                               (00:00.002 / 02:03.656, 896Mb)
Load /work/output/de/icon_page_n_p.gif                                                               (00:00.000 / 02:03.656, 896Mb)
Load /work/output/de/tbl_vjoin_end.png                                                               (00:00.000 / 02:03.657, 896Mb)
Load /work/output/de/tbl_bck101111.png                                                               (00:00.000 / 02:03.657, 896Mb)
Load /work/output/de/general-requirements.md                                                         (00:00.000 / 02:03.657, 896Mb)
Load /work/output/de/Parameters-mii-param-consent-manifest.xml.html                                  (00:00.000 / 02:03.657, 896Mb)
Load /work/output/de/tbl_bck02400.png                                                                (00:00.004 / 02:03.662, 904Mb)
Load /work/output/de/terminology.html                                                                (00:00.000 / 02:03.663, 904Mb)
Load /work/output/de/tbl_bck10010.png                                                                (00:00.003 / 02:03.666, 910Mb)
Load /work/output/de/tbl_bck15140.png                                                                (00:00.000 / 02:03.666, 910Mb)
Load /work/output/de/icon_resource.png                                                               (00:00.000 / 02:03.666, 910Mb)
Load /work/output/de/StructureDefinition-56375452-bfa1-4111-af7c-5b5ba9a1857c.profile.xml.html       (00:00.000 / 02:03.667, 910Mb)
Load /work/output/de/profiles-and-extensions.html                                                    (00:00.060 / 02:03.727, 1Gb)
Load /work/output/de/tbl_bck00001.png                                                                (00:00.003 / 02:03.730, 1Gb)
Load /work/output/de/CodeSystem-2.16.840.1.113883.3.1937.777.24.5.3--20251211153003.json             (00:00.000 / 02:03.731, 1Gb)
Load /work/output/de/tbl_bck15424.png                                                                (00:00.000 / 02:03.731, 1Gb)
Load /work/output/de/tbl_bck1001.png                                                                 (00:00.000 / 02:03.731, 1Gb)
Load /work/output/de/icon_modifier_extension_complex.png                                             (00:00.000 / 02:03.732, 1Gb)
.Load /work/output/de/tbl_bck000.png                                                                  (00:00.000 / 02:03.732, 1Gb)
Load /work/output/de/information-model_UML-Diagramm_MII-spez.png                                     (00:00.000 / 02:03.732, 1Gb)
Load /work/output/de/StructureDefinition-f675b1e8-9f3f-44e8-bb59-9681f78eb464.json                   (00:00.000 / 02:03.733, 1Gb)
Load /work/output/de/SearchParameter-MII-SP-Consent-ProvisionCode.html                               (00:00.000 / 02:03.733, 1Gb)
Load /work/output/de/SearchParameter-MII-SP-Consent-ProvisionCode.json.html                          (00:00.002 / 02:03.735, 1Gb)
Load /work/output/de/tbl_bck11252.png                                                                (00:00.002 / 02:03.738, 1Gb)
Load /work/output/de/ValueSet-2.16.840.1.113883.3.1937.777.24.11.30--20210323234509.change.history.html (00:00.000 / 02:03.738, 1Gb)
Load /work/output/de/tbl_bck13.png                                                                   (00:00.002 / 02:03.740, 1Gb)
Load /work/output/de/StructureDefinition-f675b1e8-9f3f-44e8-bb59-9681f78eb464-examples.html          (00:00.000 / 02:03.741, 1Gb)
Load /work/output/de/tbl_blank.png                                                                   (00:00.002 / 02:03.743, 1Gb)
Load /work/output/de/tbl_bck1410.png                                                                 (00:00.000 / 02:03.743, 1Gb)
Load /work/output/de/tbl_bck12.png                                                                   (00:00.000 / 02:03.744, 1Gb)
Load /work/output/de/icon-q-time.png                                                                 (00:00.000 / 02:03.744, 1Gb)
Load /work/output/de/tbl_bck01111001.png                                                             (00:00.000 / 02:03.744, 1Gb)
Load /work/output/de/icon-qi-horizontal.png                                                          (00:00.000 / 02:03.745, 1Gb)
Load /work/output/de/tbl_bck001.png                                                                  (00:00.000 / 02:03.745, 1Gb)
Load /work/output/de/fhir.css                                                                        (00:00.000 / 02:03.745, 1Gb)
Load /work/output/de/Consent-5143266b-8d60-4b28-8ee9-635140ffa5bb.html                               (00:00.000 / 02:03.746, 1Gb)
Load /work/output/de/tbl_vline_slicer.png                                                            (00:00.007 / 02:03.753, 1Gb)
Load /work/output/de/Provenance-55219d12-6245-4de4-8b50-ddf6f16a789b.json.html                       (00:00.000 / 02:03.753, 1Gb)
Load /work/output/de/tbl_bck1000.png                                                                 (00:00.002 / 02:03.756, 1Gb)
Load /work/output/de/icon-fhir-32.png                                                                (00:00.000 / 02:03.757, 1Gb)
Load /work/output/de/tbl_bck05150.png                                                                (00:00.000 / 02:03.757, 1Gb)
Load /work/output/de/icon_q_item.png                                                                 (00:00.000 / 02:03.757, 1Gb)
Load /work/output/de/tbl_bck00000.png                                                                (00:00.000 / 02:03.758, 1Gb)
Load /work/output/de/tbl_bck12410.png                                                                (00:00.000 / 02:03.758, 1Gb)
Load /work/output/de/tbl_bck10011.png                                                                (00:00.000 / 02:03.758, 1Gb)
Load /work/output/codesystem-list.json                                                               (00:00.000 / 02:03.758, 1Gb)
Load /work/output/ValueSet-2.16.840.1.113883.3.1937.777.24.11.36--20230331232804.xlsx                (00:00.000 / 02:03.759, 1Gb)
Load /work/output/tbl_bck111000.png                                                                  (00:00.000 / 02:03.759, 1Gb)
Load /work/output/tbl_bck011000.png                                                                  (00:00.000 / 02:03.759, 1Gb)
Load /work/output/datasets-and-descriptions.html                                                     (00:00.000 / 02:03.759, 1Gb)
Load /work/output/Parameters-mii-param-consent-manifest.json                                         (00:00.000 / 02:03.760, 1Gb)
Load /work/output/tbl_bck0000101.png                                                                 (00:00.000 / 02:03.760, 1Gb)
Load /work/output/tbl_bck0341.png                                                                    (00:00.000 / 02:03.761, 1Gb)
Load /work/output/examples.html                                                                      (00:00.000 / 02:03.761, 1Gb)
Load /work/output/ValueSet-2.16.840.1.113883.3.1937.777.24.11.36--20230331232804-testing.html        (00:00.000 / 02:03.761, 1Gb)
Load /work/output/tbl_bck00001010.png                                                                (00:00.000 / 02:03.762, 1Gb)
Load /work/output/tbl_bck025010.png                                                                  (00:00.000 / 02:03.762, 1Gb)
Load /work/output/tbl_bck0110110.png                                                                 (00:00.000 / 02:03.763, 1Gb)
Load /work/output/tbl_bck000011111011.png                                                            (00:00.000 / 02:03.763, 1Gb)
Load /work/output/validator-mii-ig-consent.pack                                                      (00:00.000 / 02:03.763, 1Gb)
Load /work/output/package.manifest.json                                                              (00:00.000 / 02:03.763, 1Gb)
Load /work/output/Consent-34150a23-b1c8-404f-874f-e042a30435d2.json.html                             (00:00.000 / 02:03.764, 1Gb)
Load /work/output/tbl_bck10001.png                                                                   (00:00.000 / 02:03.764, 1Gb)
Load /work/output/tbl_bck05140.png                                                                   (00:00.000 / 02:03.764, 1Gb)
Load /work/output/tbl_bck00010.png                                                                   (00:00.000 / 02:03.765, 1Gb)
Load /work/output/tbl_bck12400.png                                                                   (00:00.000 / 02:03.765, 1Gb)
Load /work/output/tbl_bck1010.png                                                                    (00:00.000 / 02:03.765, 1Gb)
Load /work/output/Provenance-55219d12-6245-4de4-8b50-ddf6f16a789b.json                               (00:00.000 / 02:03.766, 1Gb)
Load /work/output/ValueSet-88464c5b-5338-4c2b-9c07-b42fef2ada64.change.history.html                  (00:00.000 / 02:03.766, 1Gb)
Load /work/output/expansions.xml                                                                     (00:00.000 / 02:03.767, 1Gb)
Load /work/output/icon-q-choice.png                                                                  (00:00.056 / 02:03.823, 397Mb)
Load /work/output/tbl_bck01252.png                                                                   (00:00.001 / 02:03.824, 397Mb)
Load /work/output/tbl_bck1252412.png                                                                 (00:00.000 / 02:03.824, 397Mb)
Load /work/output/icon_group.png                                                                     (00:00.000 / 02:03.825, 397Mb)
Load /work/output/StructureDefinition-f675b1e8-9f3f-44e8-bb59-9681f78eb464.profile.history.html      (00:00.000 / 02:03.825, 397Mb)
Load /work/output/tbl_bck011.png                                                                     (00:00.000 / 02:03.826, 397Mb)
.Load /work/output/ValueSet-88464c5b-5338-4c2b-9c07-b42fef2ada64.html                                 (00:00.000 / 02:03.826, 397Mb)
Load /work/output/tbl_bck1400.png                                                                    (00:00.000 / 02:03.827, 399Mb)
Load /work/output/icon_vd_union.png                                                                  (00:00.000 / 02:03.827, 399Mb)
Load /work/output/capability-statements.html                                                         (00:00.000 / 02:03.828, 399Mb)
Load /work/output/ValueSet-88464c5b-5338-4c2b-9c07-b42fef2ada64.xlsx                                 (00:00.000 / 02:03.828, 399Mb)
Load /work/output/tbl_bck01111010.png                                                                (00:00.000 / 02:03.829, 399Mb)
Load /work/output/tbl_bck03.png                                                                      (00:00.000 / 02:03.829, 399Mb)
Load /work/output/icon_latest.png                                                                    (00:00.000 / 02:03.829, 399Mb)
Load /work/output/tbl_bck010.png                                                                     (00:00.000 / 02:03.830, 399Mb)
Load /work/output/SearchParameter-MII-SP-Consent-ProvisionPeriod-testing.html                        (00:00.000 / 02:03.830, 399Mb)
Load /work/output/icon-q-attachment.png                                                              (00:00.000 / 02:03.830, 399Mb)
Load /work/output/tbl_spacer.png                                                                     (00:00.000 / 02:03.831, 399Mb)
Load /work/output/MII-KDS_de_Consent.jpg                                                             (00:00.000 / 02:03.831, 399Mb)
Load /work/output/StructureDefinition-f675b1e8-9f3f-44e8-bb59-9681f78eb464-mappings.html             (00:00.000 / 02:03.832, 399Mb)
Load /work/output/tbl_bck1011.png                                                                    (00:00.000 / 02:03.832, 399Mb)
Load /work/output/tbl_bck00011.png                                                                   (00:00.000 / 02:03.833, 399Mb)
Load /work/output/icon-fhir-720.png                                                                  (00:00.000 / 02:03.833, 399Mb)
Load /work/output/tbl_bck0125.png                                                                    (00:00.000 / 02:03.833, 399Mb)
Load /work/output/Consent-34150a23-b1c8-404f-874f-e042a30435d2.json                                  (00:00.000 / 02:03.833, 399Mb)
Load /work/output/icon-q-reference.png                                                               (00:00.000 / 02:03.834, 399Mb)
Load /work/output/tbl_bck02410.png                                                                   (00:00.000 / 02:03.834, 399Mb)
Load /work/output/tbl_bck10000.png                                                                   (00:00.000 / 02:03.834, 399Mb)
Load /work/output/tbl_bck15150.png                                                                   (00:00.000 / 02:03.834, 399Mb)
Load /work/output/tbl_bck101101.png                                                                  (00:00.000 / 02:03.835, 399Mb)
Load /work/output/tbl_bck15152.png                                                                   (00:00.000 / 02:03.835, 399Mb)
Load /work/output/en/tbl_bck01111.png                                                                (00:00.000 / 02:03.835, 399Mb)
Load /work/output/en/Consent-5143266b-8d60-4b28-8ee9-635140ffa5bb.json                               (00:00.000 / 02:03.836, 399Mb)
Load /work/output/en/icon_page_n_i.gif                                                               (00:00.000 / 02:03.836, 399Mb)
Load /work/output/en/researcher-guidance.html                                                        (00:00.000 / 02:03.836, 399Mb)
Load /work/output/en/tbl_bck0111.png                                                                 (00:00.003 / 02:03.840, 403Mb)
Load /work/output/en/SearchParameter-MII-SP-Consent-ProvisionType.json.html                          (00:00.000 / 02:03.840, 403Mb)
Load /work/output/en/logical-models.md                                                               (00:00.003 / 02:03.844, 407Mb)
Load /work/output/en/tbl_bck11100.png                                                                (00:00.000 / 02:03.844, 407Mb)
Load /work/output/en/tbl_bck03510.png                                                                (00:00.000 / 02:03.845, 407Mb)
Load /work/output/en/ValueSet-2.16.840.1.113883.3.1937.777.24.11.36--20230331232804.xml.html         (00:00.000 / 02:03.845, 407Mb)
Load /work/output/en/tbl_bck1025.png                                                                 (00:00.004 / 02:03.850, 413Mb)
Load /work/output/en/icon-administration.png                                                         (00:00.000 / 02:03.850, 413Mb)
Load /work/output/en/tbl_bck150.png                                                                  (00:00.000 / 02:03.851, 413Mb)
Load /work/output/en/llms.txt                                                                        (00:00.000 / 02:03.851, 413Mb)
Load /work/output/en/translationinfo.html                                                            (00:00.000 / 02:03.851, 413Mb)
Load /work/output/en/tbl_bck0000111101.png                                                           (00:00.003 / 02:03.855, 417Mb)
Load /work/output/en/searchform.html                                                                 (00:00.000 / 02:03.855, 417Mb)
Load /work/output/en/SearchParameter-MII-SP-Consent-ProvisionCodePeriod.change.history.html          (00:00.001 / 02:03.856, 417Mb)
Load /work/output/en/tbl_bck1001010.png                                                              (00:00.003 / 02:03.859, 421Mb)
Load /work/output/en/tbl_bck0515.png                                                                 (00:00.000 / 02:03.860, 421Mb)
Load /work/output/en/icon-fhir-16-grey.png                                                           (00:00.000 / 02:03.860, 421Mb)
Load /work/output/en/profiles-and-extensions.md                                                      (00:00.000 / 02:03.860, 421Mb)
Load /work/output/en/tbl_bck1011001.png                                                              (00:00.000 / 02:03.860, 421Mb)
Load /work/output/en/tbl_bck1111000.png                                                              (00:00.000 / 02:03.861, 421Mb)
Load /work/output/en/CodeSystem-2.16.840.1.113883.3.1937.777.24.5.3--20251211153003.html             (00:00.000 / 02:03.861, 421Mb)
Load /work/output/en/tbl_bck1011000.png                                                              (00:00.010 / 02:03.871, 435Mb)
Load /work/output/en/StructureDefinition-e0e166b4-0f77-478d-9062-de0034d98ce0-testing.html           (00:00.000 / 02:03.872, 435Mb)
Load /work/output/en/ValueSet-2.16.840.1.113883.3.1937.777.24.11.30--20210323234509-testing.html     (00:00.003 / 02:03.875, 437Mb)
Load /work/output/en/examples.md                                                                     (00:00.004 / 02:03.880, 441Mb)
Load /work/output/en/icon-qi-help.png                                                                (00:00.000 / 02:03.880, 441Mb)
Load /work/output/en/icon_profile.png                                                                (00:00.000 / 02:03.880, 441Mb)
Load /work/output/en/tbl_bck025.png                                                                  (00:00.000 / 02:03.880, 441Mb)
Load /work/output/en/tbl_bck0500.png                                                                 (00:00.000 / 02:03.881, 441Mb)
.Load /work/output/en/tbl_bck1150.png                                                                 (00:00.000 / 02:03.881, 441Mb)
Load /work/output/en/StructureDefinition-e0e166b4-0f77-478d-9062-de0034d98ce0-mappings.html          (00:00.000 / 02:03.881, 441Mb)
Load /work/output/en/tbl_bck0000111100.png                                                           (00:00.060 / 02:03.942, 519Mb)
Load /work/output/en/SearchParameter-MII-SP-Consent-ProvisionCode.json                               (00:00.000 / 02:03.943, 519Mb)
Load /work/output/en/tbl_bck151.png                                                                  (00:00.000 / 02:03.943, 519Mb)
Load /work/output/en/icon_page_n.gif                                                                 (00:00.000 / 02:03.943, 519Mb)
Load /work/output/en/icon-fhir-16.png                                                                (00:00.000 / 02:03.944, 519Mb)
Load /work/output/en/SearchParameter-MII-SP-Consent-PolicyUri.md                                     (00:00.000 / 02:03.944, 519Mb)
Load /work/output/en/external.png                                                                    (00:00.000 / 02:03.944, 519Mb)
Load /work/output/en/tbl_bck11101.png                                                                (00:00.000 / 02:03.945, 519Mb)
Load /work/output/en/SearchParameter-MII-SP-Consent-ProvisionPeriod.xml                              (00:00.000 / 02:03.945, 519Mb)
Load /work/output/en/StructureDefinition-56375452-bfa1-4111-af7c-5b5ba9a1857c-notes.md               (00:00.000 / 02:03.945, 519Mb)
Load /work/output/en/tbl_bck0110.png                                                                 (00:00.000 / 02:03.946, 519Mb)
Load /work/output/en/tbl_bck1540.png                                                                 (00:00.000 / 02:03.946, 519Mb)
Load /work/output/en/artifacts.html                                                                  (00:00.000 / 02:03.946, 519Mb)
Load /work/output/en/StructureDefinition-f675b1e8-9f3f-44e8-bb59-9681f78eb464.html                   (00:00.005 / 02:03.952, 527Mb)
Load /work/output/en/tbl_bck01110.png                                                                (00:00.075 / 02:04.028, 667Mb)
Load /work/output/en/tbl_bck0350250.png                                                              (00:00.000 / 02:04.029, 667Mb)
Load /work/output/en/tbl_bck0250250.png                                                              (00:00.001 / 02:04.030, 667Mb)
Load /work/output/en/SearchParameter-MII-SP-Consent-ProvisionPeriod.md                               (00:00.000 / 02:04.031, 667Mb)
Load /work/output/en/CodeSystem-2.16.840.1.113883.3.1937.777.24.5.2--20210423105554.json.html        (00:00.000 / 02:04.031, 667Mb)
Load /work/output/en/icon_reference.png                                                              (00:00.003 / 02:04.035, 673Mb)
Load /work/output/en/tbl_bck03513.png                                                                (00:00.000 / 02:04.035, 673Mb)
Load /work/output/en/tbl_bck100000.png                                                               (00:00.000 / 02:04.035, 673Mb)
Load /work/output/en/tbl_bck000000.png                                                               (00:00.000 / 02:04.036, 673Mb)
Load /work/output/en/ai.zip                                                                          (00:00.000 / 02:04.036, 673Mb)
Load /work/output/en/ImplementationGuide-mii-ig-consent.json                                         (00:00.000 / 02:04.036, 673Mb)
Load /work/output/en/tbl_bck000011110000.png                                                         (00:00.000 / 02:04.036, 673Mb)
Load /work/output/en/tbl_vjoin-closed.png                                                            (00:00.000 / 02:04.037, 673Mb)
Load /work/output/en/CodeSystem-mii-cs-consent-version-modules-testing.html                          (00:00.000 / 02:04.037, 673Mb)
Load /work/output/en/tbl_bck1152.png                                                                 (00:00.002 / 02:04.039, 677Mb)
Load /work/output/en/SearchParameter-MII-SP-Consent-ProvisionCodeType.md                             (00:00.000 / 02:04.040, 677Mb)
Load /work/output/en/tbl_bck0111101.png                                                              (00:00.000 / 02:04.040, 677Mb)
Load /work/output/en/SearchParameter-MII-SP-Consent-ProvisionCode.xml                                (00:00.000 / 02:04.040, 677Mb)
Load /work/output/en/tbl_bck033.png                                                                  (00:00.000 / 02:04.040, 677Mb)
Load /work/output/en/Consent-34150a23-b1c8-404f-874f-e042a30435d2.change.history.html                (00:00.000 / 02:04.041, 677Mb)
Load /work/output/en/Consent-Example-MII-Consent-ResultType-document.change.history.html             (00:00.002 / 02:04.043, 681Mb)
Load /work/output/en/prism.js                                                                        (00:00.002 / 02:04.045, 685Mb)
Load /work/output/en/tbl_bck00001111110.png                                                          (00:00.000 / 02:04.046, 685Mb)
Load /work/output/en/conformance.md                                                                  (00:00.000 / 02:04.046, 685Mb)
Load /work/output/en/tbl_bck00001111111.png                                                          (00:00.000 / 02:04.046, 685Mb)
Load /work/output/en/mustsupport.png                                                                 (00:00.000 / 02:04.047, 685Mb)
Load /work/output/en/icon_vd_col.png                                                                 (00:00.000 / 02:04.047, 685Mb)
Load /work/output/en/tbl_bck0111100.png                                                              (00:00.000 / 02:04.047, 685Mb)
Load /work/output/en/tbl_bck035125.png                                                               (00:00.000 / 02:04.048, 685Mb)
Load /work/output/en/StructureDefinition-f675b1e8-9f3f-44e8-bb59-9681f78eb464-testing.html           (00:00.000 / 02:04.048, 685Mb)
Load /work/output/en/tbl_bck03300.png                                                                (00:00.002 / 02:04.050, 687Mb)
Load /work/output/en/tbl_bck152.png                                                                  (00:00.000 / 02:04.051, 687Mb)
Load /work/output/en/CodeSystem-mii-cs-consent-version-modules.html                                  (00:00.000 / 02:04.051, 687Mb)
Load /work/output/en/SearchParameter-MII-SP-Consent-ProvisionType.xml.html                           (00:00.003 / 02:04.054, 693Mb)
Load /work/output/en/ValueSet-88464c5b-5338-4c2b-9c07-b42fef2ada64.md                                (00:00.003 / 02:04.058, 699Mb)
Load /work/output/en/tbl_bck000001.png                                                               (00:00.000 / 02:04.058, 699Mb)
Load /work/output/en/tbl_bck03512.png                                                                (00:00.000 / 02:04.058, 699Mb)
Load /work/output/en/icon_vd_select.png                                                              (00:00.000 / 02:04.058, 699Mb)
Load /work/output/en/tbl_bck1543.png                                                                 (00:00.000 / 02:04.058, 699Mb)
Load /work/output/en/SearchParameter-MII-SP-Consent-ProvisionType.html                               (00:00.000 / 02:04.059, 699Mb)
Load /work/output/en/guidance.html                                                                   (00:00.002 / 02:04.061, 703Mb)
Load /work/output/en/tbl_bck110010.png                                                               (00:00.002 / 02:04.063, 707Mb)
.Load /work/output/en/icon-toc.png                                                                    (00:00.000 / 02:04.064, 707Mb)
Load /work/output/en/tbl_bck110000.png                                                               (00:00.000 / 02:04.064, 707Mb)
Load /work/output/en/DocumentReference-8a3d1799-2463-405e-b49c-6a16c8692b01.json                     (00:00.000 / 02:04.064, 707Mb)
Load /work/output/en/CodeSystem-2.16.840.1.113883.3.1937.777.24.5.3--20251211153003.xml.html         (00:00.000 / 02:04.065, 707Mb)
Load /work/output/en/icon_page_n_o.gif                                                               (00:00.023 / 02:04.088, 753Mb)
Load /work/output/en/must-support.html                                                               (00:00.000 / 02:04.089, 753Mb)
Load /work/output/en/tbl_bck000011.png                                                               (00:00.004 / 02:04.093, 759Mb)
Load /work/output/en/implementer-guidance.html                                                       (00:00.000 / 02:04.093, 759Mb)
Load /work/output/en/uml-diagrams.md                                                                 (00:00.003 / 02:04.097, 765Mb)
Load /work/output/en/ValueSet-2.16.840.1.113883.3.1937.777.24.11.30--20210323234509.json             (00:00.000 / 02:04.097, 765Mb)
Load /work/output/en/icon-fhir-128.png                                                               (00:00.000 / 02:04.097, 765Mb)
Load /work/output/en/tbl_bck03310.png                                                                (00:00.000 / 02:04.098, 765Mb)
Load /work/output/en/index.html                                                                      (00:00.000 / 02:04.098, 765Mb)
Load /work/output/en/tbl_bck0111110.png                                                              (00:00.003 / 02:04.101, 771Mb)
Load /work/output/en/tbl_vjoin.png                                                                   (00:00.000 / 02:04.102, 771Mb)
Load /work/output/en/Consent-Example-MII-Consent-ResultType-document.json.html                       (00:00.000 / 02:04.102, 771Mb)
Load /work/output/en/StructureDefinition-e0e166b4-0f77-478d-9062-de0034d98ce0-intro.md               (00:00.005 / 02:04.107, 781Mb)
Load /work/output/en/tbl_bck00001111101.png                                                          (00:00.000 / 02:04.108, 781Mb)
Load /work/output/en/tbl_vjoin_end_slice.png                                                         (00:00.000 / 02:04.108, 781Mb)
Load /work/output/en/StructureDefinition-56375452-bfa1-4111-af7c-5b5ba9a1857c.html                   (00:00.000 / 02:04.108, 781Mb)
Load /work/output/en/tbl_bck025125.png                                                               (00:00.063 / 02:04.171, 899Mb)
Load /work/output/en/CodeSystem-2.16.840.1.113883.3.1937.777.24.5.3--20251211153003.md               (00:00.000 / 02:04.172, 899Mb)
Load /work/output/en/icon-q-text.png                                                                 (00:00.000 / 02:04.172, 899Mb)
Load /work/output/en/tbl_bck00001111100.png                                                          (00:00.000 / 02:04.172, 899Mb)
Load /work/output/en/SearchParameter-MII-SP-Consent-ProvisionType.xml                                (00:00.000 / 02:04.173, 899Mb)
Load /work/output/en/icon-q-display.png                                                              (00:00.000 / 02:04.173, 899Mb)
Load /work/output/en/icon-fhir-1024.png                                                              (00:00.000 / 02:04.173, 899Mb)
Load /work/output/en/tbl_bck0512.png                                                                 (00:00.000 / 02:04.174, 899Mb)
Load /work/output/en/StructureDefinition-56375452-bfa1-4111-af7c-5b5ba9a1857c.md                     (00:00.000 / 02:04.174, 899Mb)
Load /work/output/en/tbl_bck000011110010.png                                                         (00:00.000 / 02:04.174, 899Mb)
Load /work/output/en/conformance.html                                                                (00:00.000 / 02:04.174, 899Mb)
Load /work/output/en/tbl_bck143.png                                                                  (00:00.002 / 02:04.177, 903Mb)
Load /work/output/en/Consent-34150a23-b1c8-404f-874f-e042a30435d2.md                                 (00:00.000 / 02:04.178, 903Mb)
Load /work/output/en/tbl_bck03503.png                                                                (00:00.000 / 02:04.178, 903Mb)
Load /work/output/en/StructureDefinition-56375452-bfa1-4111-af7c-5b5ba9a1857c-definitions.html       (00:00.000 / 02:04.178, 903Mb)
Load /work/output/en/tbl_bck100010.png                                                               (00:00.031 / 02:04.210, 961Mb)
Load /work/output/en/tbl_bck000010.png                                                               (00:00.000 / 02:04.210, 961Mb)
Load /work/output/en/tbl_bck1552.png                                                                 (00:00.000 / 02:04.210, 961Mb)
Load /work/output/en/SearchParameter-MII-SP-Consent-ProvisionPeriod.change.history.html              (00:00.000 / 02:04.211, 961Mb)
Load /work/output/en/icon_element.gif                                                                (00:00.002 / 02:04.213, 965Mb)
Load /work/output/en/SearchParameter-MII-SP-Consent-ProvisionType.change.history.html                (00:00.000 / 02:04.213, 965Mb)
Load /work/output/en/tbl_bck0350240.png                                                              (00:00.002 / 02:04.216, 969Mb)
Load /work/output/en/tbl_bck0250240.png                                                              (00:00.000 / 02:04.216, 969Mb)
Load /work/output/en/SearchParameter-MII-SP-Consent-ProvisionCode-testing.html                       (00:00.000 / 02:04.216, 969Mb)
Load /work/output/en/tbl_bck01100.png                                                                (00:00.002 / 02:04.218, 971Mb)
Load /work/output/en/StructureDefinition-e0e166b4-0f77-478d-9062-de0034d98ce0-examples.html          (00:00.000 / 02:04.219, 971Mb)
Load /work/output/en/SearchParameter-MII-SP-Consent-PolicyUri-testing.html                           (00:00.002 / 02:04.221, 975Mb)
Load /work/output/en/tbl_bck0100.png                                                                 (00:00.002 / 02:04.224, 979Mb)
Load /work/output/en/tbl_bck1550.png                                                                 (00:00.000 / 02:04.224, 979Mb)
Load /work/output/en/ValueSet-2.16.840.1.113883.3.1937.777.24.11.30--20210323234509.md               (00:00.000 / 02:04.224, 979Mb)
Load /work/output/en/tbl_bck11111.png                                                                (00:00.000 / 02:04.224, 979Mb)
Load /work/output/en/CodeSystem-mii-cs-consent-version-modules.xml.html                              (00:00.000 / 02:04.225, 979Mb)
Load /work/output/en/tbl_bck155.png                                                                  (00:00.013 / 02:04.238, 1005Mb)
Load /work/output/en/tbl_bck141.png                                                                  (00:00.000 / 02:04.239, 1005Mb)
Load /work/output/en/Parameters-mii-param-consent-manifest.xml                                       (00:00.000 / 02:04.239, 1005Mb)
Load /work/output/en/tbl_bck0000111110.png                                                           (00:00.000 / 02:04.240, 1005Mb)
Load /work/output/en/Consent-34150a23-b1c8-404f-874f-e042a30435d2.html                               (00:00.000 / 02:04.240, 1005Mb)
Load /work/output/en/MII-KDS_en_Consent.jpg                                                          (00:00.003 / 02:04.244, 1011Mb)
.Load /work/output/en/tbl_bck035.png                                                                  (00:00.000 / 02:04.244, 1011Mb)
Load /work/output/en/tbl_bck1001001.png                                                              (00:00.000 / 02:04.244, 1011Mb)
Load /work/output/en/tbl_bck0510.png                                                                 (00:00.000 / 02:04.245, 1011Mb)
Load /work/output/en/tbl_bck1140.png                                                                 (00:00.000 / 02:04.245, 1011Mb)
Load /work/output/en/CodeSystem-mii-cs-consent-version-modules.md                                    (00:00.000 / 02:04.245, 1011Mb)
Load /work/output/en/tbl_bck1111010.png                                                              (00:00.000 / 02:04.246, 1011Mb)
Load /work/output/en/tbl_bck1011010.png                                                              (00:00.000 / 02:04.246, 1011Mb)
Load /work/output/en/tbl_bck1424.png                                                                 (00:00.000 / 02:04.246, 1011Mb)
Load /work/output/en/icon-resource.png                                                               (00:00.000 / 02:04.246, 1011Mb)
Load /work/output/en/icon_text.png                                                                   (00:00.000 / 02:04.247, 1011Mb)
Load /work/output/en/toc.html                                                                        (00:00.000 / 02:04.247, 1011Mb)
Load /work/output/en/SearchParameter-MII-SP-Consent-ProvisionCodePeriod.xml                          (00:00.005 / 02:04.253, 1021Mb)
Load /work/output/en/Consent-34150a23-b1c8-404f-874f-e042a30435d2.xml                                (00:00.000 / 02:04.253, 1023Mb)
Load /work/output/en/Provenance-55219d12-6245-4de4-8b50-ddf6f16a789b.html                            (00:00.001 / 02:04.255, 1Gb)
Load /work/output/en/icon-type-operation.png                                                         (00:00.002 / 02:04.257, 1Gb)
Load /work/output/en/tbl_vjoin_slicer.png                                                            (00:00.000 / 02:04.257, 1Gb)
Load /work/output/en/icon_bundle.png                                                                 (00:00.000 / 02:04.258, 1Gb)
Load /work/output/en/tbl_bck1001000.png                                                              (00:00.000 / 02:04.258, 1Gb)
Load /work/output/en/tbl_bck0505.png                                                                 (00:00.000 / 02:04.258, 1Gb)
Load /work/output/en/Consent-5143266b-8d60-4b28-8ee9-635140ffa5bb.xml                                (00:00.000 / 02:04.258, 1Gb)
Load /work/output/en/StructureDefinition-e0e166b4-0f77-478d-9062-de0034d98ce0-definitions.html       (00:00.003 / 02:04.262, 1Gb)
Load /work/output/en/tbl_vjoin_end_slicer-closed.png                                                 (00:00.123 / 02:04.385, 530Mb)
Load /work/output/en/tbl_bck0000111111.png                                                           (00:00.001 / 02:04.386, 530Mb)
Load /work/output/en/tbl_bck140.png                                                                  (00:00.000 / 02:04.386, 530Mb)
Load /work/output/en/changes.html                                                                    (00:00.000 / 02:04.387, 530Mb)
Load /work/output/en/icon-qi-subject.png                                                             (00:00.003 / 02:04.391, 536Mb)
Load /work/output/en/tbl_bck11110.png                                                                (00:00.000 / 02:04.391, 536Mb)
Load /work/output/en/StructureDefinition-56375452-bfa1-4111-af7c-5b5ba9a1857c.profile.history.html   (00:00.000 / 02:04.391, 536Mb)
Load /work/output/en/ValueSet-88464c5b-5338-4c2b-9c07-b42fef2ada64.json                              (00:00.002 / 02:04.394, 540Mb)
Load /work/output/en/tbl_bck03500.png                                                                (00:00.000 / 02:04.394, 540Mb)
Load /work/output/en/ValueSet-88464c5b-5338-4c2b-9c07-b42fef2ada64.xml.html                          (00:00.000 / 02:04.395, 540Mb)
Load /work/output/en/icon_extension_complex.png                                                      (00:00.004 / 02:04.399, 546Mb)
Load /work/output/en/lock.png                                                                        (00:00.000 / 02:04.400, 546Mb)
Load /work/output/en/ValueSet-2.16.840.1.113883.3.1937.777.24.11.30--20210323234509.xml.html         (00:00.000 / 02:04.400, 546Mb)
Load /work/output/en/tbl_bck0101.png                                                                 (00:00.006 / 02:04.407, 554Mb)
Load /work/output/en/tbl_bck01101.png                                                                (00:00.000 / 02:04.407, 554Mb)
Load /work/output/en/SearchParameter-MII-SP-Consent-PolicyUri.change.history.html                    (00:00.000 / 02:04.408, 554Mb)
Load /work/output/en/tbl_vjoin_slicer-closed.png                                                     (00:00.003 / 02:04.411, 558Mb)
Load /work/output/en/SearchParameter-MII-SP-Consent-ProvisionCodePeriod.html                         (00:00.000 / 02:04.411, 558Mb)
Load /work/output/en/CodeSystem-2.16.840.1.113883.3.1937.777.24.5.3--20251211153003.change.history.html (00:00.003 / 02:04.414, 562Mb)
Load /work/output/en/tbl_bck011110000.png                                                            (00:00.003 / 02:04.417, 564Mb)
Load /work/output/en/tbl_bck1250.png                                                                 (00:00.000 / 02:04.418, 564Mb)
Load /work/output/en/tbl_bck00001111010.png                                                          (00:00.000 / 02:04.418, 564Mb)
Load /work/output/en/tbl_bck133.png                                                                  (00:00.000 / 02:04.418, 564Mb)
Load /work/output/en/icon-fhir-48.png                                                                (00:00.000 / 02:04.418, 564Mb)
Load /work/output/en/icon-q-date.png                                                                 (00:00.000 / 02:04.419, 564Mb)
Load /work/output/en/tbl_bck100100.png                                                               (00:00.000 / 02:04.419, 564Mb)
Load /work/output/en/DocumentReference-8a3d1799-2463-405e-b49c-6a16c8692b01.xml.html                 (00:00.000 / 02:04.419, 564Mb)
Load /work/output/en/tbl_bck000100.png                                                               (00:00.003 / 02:04.423, 570Mb)
Load /work/output/en/tree-filter.png                                                                 (00:00.000 / 02:04.424, 570Mb)
Load /work/output/en/Parameters-mii-param-consent-manifest.html                                      (00:00.000 / 02:04.424, 570Mb)
Load /work/output/en/tbl_bck1330.png                                                                 (00:00.003 / 02:04.428, 574Mb)
Load /work/output/en/icon-not-selected.png                                                           (00:00.000 / 02:04.428, 574Mb)
Load /work/output/en/icon_choice.gif                                                                 (00:00.000 / 02:04.428, 574Mb)
Load /work/output/en/tbl_bck010110.png                                                               (00:00.000 / 02:04.429, 574Mb)
Load /work/output/en/icon_page-child.gif                                                             (00:00.000 / 02:04.429, 574Mb)
Load /work/output/en/tbl_bck110110.png                                                               (00:00.000 / 02:04.429, 574Mb)
Load /work/output/en/StructureDefinition-56375452-bfa1-4111-af7c-5b5ba9a1857c-testing.html           (00:00.000 / 02:04.430, 574Mb)
.Load /work/output/en/DocumentReference-8a3d1799-2463-405e-b49c-6a16c8692b01.xml                      (00:00.003 / 02:04.433, 578Mb)
Load /work/output/en/Consent-34150a23-b1c8-404f-874f-e042a30435d2.xml.html                           (00:00.000 / 02:04.433, 578Mb)
Load /work/output/en/tbl_vjoin_end_slicer-open.png                                                   (00:00.010 / 02:04.444, 590Mb)
Load /work/output/en/icon-change-remove.png                                                          (00:00.000 / 02:04.444, 590Mb)
Load /work/output/en/link.svg                                                                        (00:00.000 / 02:04.444, 590Mb)
Load /work/output/en/tbl_bck100101.png                                                               (00:00.000 / 02:04.445, 592Mb)
Load /work/output/en/icon_modifier_extension_simple.png                                              (00:00.000 / 02:04.445, 592Mb)
Load /work/output/en/StructureDefinition-e0e166b4-0f77-478d-9062-de0034d98ce0.md                     (00:00.000 / 02:04.445, 592Mb)
Load /work/output/en/StructureDefinition-f675b1e8-9f3f-44e8-bb59-9681f78eb464-definitions.html       (00:00.000 / 02:04.445, 592Mb)
Load /work/output/en/tbl_bck035025.png                                                               (00:00.054 / 02:04.500, 666Mb)
Load /work/output/en/tbl_bck10240.png                                                                (00:00.000 / 02:04.500, 666Mb)
Load /work/output/en/logical-models.html                                                             (00:00.000 / 02:04.501, 666Mb)
Load /work/output/en/StructureDefinition-56375452-bfa1-4111-af7c-5b5ba9a1857c.profile.json.html      (00:00.003 / 02:04.504, 668Mb)
Load /work/output/en/guidance.md                                                                     (00:00.049 / 02:04.553, 742Mb)
Load /work/output/en/StructureDefinition-f675b1e8-9f3f-44e8-bb59-9681f78eb464.profile.json.html      (00:00.000 / 02:04.553, 742Mb)
Load /work/output/en/tbl_bck1251.png                                                                 (00:00.039 / 02:04.592, 816Mb)
Load /work/output/en/icon-qi-vertical.png                                                            (00:00.000 / 02:04.593, 816Mb)
Load /work/output/en/implementer-guidance.md                                                         (00:00.000 / 02:04.593, 816Mb)
Load /work/output/en/ValueSet-2.16.840.1.113883.3.1937.777.24.11.36--20230331232804.json             (00:00.000 / 02:04.593, 816Mb)
Load /work/output/en/Provenance-55219d12-6245-4de4-8b50-ddf6f16a789b.change.history.html             (00:00.000 / 02:04.594, 816Mb)
Load /work/output/en/icon-change-edit.png                                                            (00:00.002 / 02:04.596, 820Mb)
Load /work/output/en/tbl_bck000011110.png                                                            (00:00.000 / 02:04.596, 820Mb)
Load /work/output/en/Provenance-55219d12-6245-4de4-8b50-ddf6f16a789b.xml.html                        (00:00.000 / 02:04.597, 820Mb)
Load /work/output/en/tbl_bck0000111001.png                                                           (00:00.003 / 02:04.600, 824Mb)
Load /work/output/en/tbl_bck0000111110110.png                                                        (00:00.000 / 02:04.600, 824Mb)
Load /work/output/en/tbl_bck124.png                                                                  (00:00.000 / 02:04.601, 824Mb)
Load /work/output/en/tbl_bck130.png                                                                  (00:00.000 / 02:04.601, 824Mb)
Load /work/output/en/tbl_bck11000.png                                                                (00:00.000 / 02:04.601, 824Mb)
Load /work/output/en/tbl_bck03410.png                                                                (00:00.000 / 02:04.602, 824Mb)
Load /work/output/en/tbl_bck1125.png                                                                 (00:00.000 / 02:04.602, 824Mb)
Load /work/output/en/tbl_bck050.png                                                                  (00:00.000 / 02:04.602, 824Mb)
Load /work/output/en/tbl_bck01011.png                                                                (00:00.000 / 02:04.602, 824Mb)
Load /work/output/en/tbl_vjoin_end_slicer.png                                                        (00:00.000 / 02:04.603, 824Mb)
Load /work/output/en/tbl-open.png                                                                    (00:00.000 / 02:04.603, 824Mb)
Load /work/output/en/tbl_bck0011.png                                                                 (00:00.000 / 02:04.603, 826Mb)
Load /work/output/en/SearchParameter-MII-SP-Consent-ProvisionPeriod.json.html                        (00:00.000 / 02:04.604, 826Mb)
Load /work/output/en/tbl_bck0010.png                                                                 (00:00.002 / 02:04.606, 830Mb)
Load /work/output/en/icon-qi-hidden.png                                                              (00:00.000 / 02:04.607, 830Mb)
Load /work/output/en/tbl_bck01010.png                                                                (00:00.000 / 02:04.607, 830Mb)
Load /work/output/en/Consent-Example-MII-Consent-ResultType-document.html                            (00:00.000 / 02:04.607, 830Mb)
Load /work/output/en/icon-warning.png                                                                (00:00.003 / 02:04.611, 836Mb)
Load /work/output/en/tbl_bck051.png                                                                  (00:00.000 / 02:04.611, 836Mb)
Load /work/output/en/SearchParameter-MII-SP-Consent-ProvisionPeriod.json                             (00:00.000 / 02:04.612, 836Mb)
Load /work/output/en/security-and-privacy.md                                                         (00:00.000 / 02:04.612, 836Mb)
Load /work/output/en/SearchParameter-MII-SP-Consent-ProvisionCodeType.xml                            (00:00.000 / 02:04.612, 836Mb)
Load /work/output/en/tbl_vjoin_slice-open.png                                                        (00:00.000 / 02:04.612, 836Mb)
Load /work/output/en/tbl_bck11001.png                                                                (00:00.000 / 02:04.613, 836Mb)
Load /work/output/en/uml-diagrams.html                                                               (00:00.000 / 02:04.613, 836Mb)
Load /work/output/en/tbl_bck125.png                                                                  (00:00.002 / 02:04.616, 840Mb)
Load /work/output/en/tbl_bck0400.png                                                                 (00:00.000 / 02:04.616, 840Mb)
Load /work/output/en/tbl_bck1050.png                                                                 (00:00.000 / 02:04.616, 840Mb)
Load /work/output/en/tbl_bck0000111000.png                                                           (00:00.000 / 02:04.616, 840Mb)
Load /work/output/en/tbl_vjoin-open.png                                                              (00:00.000 / 02:04.617, 840Mb)
Load /work/output/en/icon_vd_view.png                                                                (00:00.000 / 02:04.617, 840Mb)
Load /work/output/en/StructureDefinition-f675b1e8-9f3f-44e8-bb59-9681f78eb464-intro.md               (00:00.000 / 02:04.617, 840Mb)
Load /work/output/en/icon_datatype.gif                                                               (00:00.000 / 02:04.618, 840Mb)
Load /work/output/en/tbl_bck000011111.png                                                            (00:00.000 / 02:04.618, 840Mb)
Load /work/output/en/alert.jpg                                                                       (00:00.000 / 02:04.618, 840Mb)
.Load /work/output/en/tbl_vjoin_end_slice-open.png                                                    (00:00.000 / 02:04.618, 840Mb)
Load /work/output/en/tbl_bck1011100.png                                                              (00:00.000 / 02:04.619, 840Mb)
Load /work/output/en/tbl_bck1252.png                                                                 (00:00.000 / 02:04.619, 840Mb)
Load /work/output/en/Consent-5143266b-8d60-4b28-8ee9-635140ffa5bb.json.html                          (00:00.000 / 02:04.619, 840Mb)
Load /work/output/en/Parameters-mii-param-consent-manifest.json.html                                 (00:00.012 / 02:04.632, 864Mb)
Load /work/output/en/tbl_bck1011110.png                                                              (00:00.003 / 02:04.636, 870Mb)
Load /work/output/en/icon_slice.png                                                                  (00:00.000 / 02:04.636, 870Mb)
Load /work/output/en/tbl_bck0000111010.png                                                           (00:00.000 / 02:04.637, 870Mb)
Load /work/output/en/icon-directory.gif                                                              (00:00.000 / 02:04.637, 870Mb)
Load /work/output/en/tbl_bck000011101.png                                                            (00:00.000 / 02:04.638, 870Mb)
Load /work/output/en/icon-q-datetime.png                                                             (00:00.000 / 02:04.638, 870Mb)
Load /work/output/en/DocumentReference-8a3d1799-2463-405e-b49c-6a16c8692b01.json.html                (00:00.000 / 02:04.638, 870Mb)
Load /work/output/en/tbl_bck0410.png                                                                 (00:00.002 / 02:04.641, 874Mb)
Load /work/output/en/tbl_bck1040.png                                                                 (00:00.000 / 02:04.641, 874Mb)
Load /work/output/en/tbl_bck11011.png                                                                (00:00.000 / 02:04.641, 874Mb)
Load /work/output/en/tbl_bck041.png                                                                  (00:00.000 / 02:04.642, 874Mb)
Load /work/output/en/CodeSystem-2.16.840.1.113883.3.1937.777.24.5.2--20210423105554-testing.html     (00:00.000 / 02:04.642, 874Mb)
Load /work/output/en/SearchParameter-MII-SP-Consent-ProvisionCodeType.json                           (00:00.002 / 02:04.644, 878Mb)
Load /work/output/en/tbl_bck01000.png                                                                (00:00.000 / 02:04.644, 878Mb)
Load /work/output/en/icon-q-item.png                                                                 (00:00.000 / 02:04.645, 878Mb)
Load /work/output/en/tbl_bck0000.png                                                                 (00:00.000 / 02:04.645, 878Mb)
Load /work/output/en/tbl_bck0001.png                                                                 (00:00.000 / 02:04.645, 878Mb)
Load /work/output/en/tbl_bck040.png                                                                  (00:00.000 / 02:04.645, 878Mb)
Load /work/output/en/StructureDefinition-e0e166b4-0f77-478d-9062-de0034d98ce0.profile.history.html   (00:00.000 / 02:04.646, 878Mb)
Load /work/output/en/tbl_bck11010.png                                                                (00:00.002 / 02:04.648, 880Mb)
Load /work/output/en/tbl_bck03400.png                                                                (00:00.000 / 02:04.648, 880Mb)
Load /work/output/en/artifacts.md                                                                    (00:00.000 / 02:04.649, 880Mb)
Load /work/output/en/tbl_bck0000111110100.png                                                        (00:00.000 / 02:04.649, 880Mb)
Load /work/output/en/tbl_bck134.png                                                                  (00:00.000 / 02:04.649, 880Mb)
Load /work/output/en/tbl_bck120.png                                                                  (00:00.000 / 02:04.649, 880Mb)
Load /work/output/en/tbl_bck000011100.png                                                            (00:00.000 / 02:04.650, 880Mb)
Load /work/output/en/tbl_bck0000111011.png                                                           (00:00.000 / 02:04.650, 880Mb)
Load /work/output/en/ValueSet-2.16.840.1.113883.3.1937.777.24.11.30--20210323234509.xml              (00:00.000 / 02:04.650, 880Mb)
Load /work/output/en/SearchParameter-MII-SP-Consent-ProvisionCode.change.history.html                (00:00.000 / 02:04.651, 882Mb)
Load /work/output/en/icon_primitive.png                                                              (00:00.002 / 02:04.653, 884Mb)
Load /work/output/en/cc0.png                                                                         (00:00.000 / 02:04.653, 884Mb)
Load /work/output/en/tbl_vjoin_end_slice-closed.png                                                  (00:00.000 / 02:04.654, 884Mb)
Load /work/output/en/icon-q-open-choice.png                                                          (00:00.000 / 02:04.654, 884Mb)
Load /work/output/en/target.png                                                                      (00:00.000 / 02:04.654, 884Mb)
Load /work/output/en/tbl_bck00001111001.png                                                          (00:00.000 / 02:04.655, 884Mb)
Load /work/output/en/capability-statements.md                                                        (00:00.000 / 02:04.655, 884Mb)
Load /work/output/en/icon_q_root.gif                                                                 (00:00.000 / 02:04.655, 884Mb)
Load /work/output/en/tbl_bck1241.png                                                                 (00:00.000 / 02:04.655, 884Mb)
Load /work/output/en/tbl_bck10250.png                                                                (00:00.000 / 02:04.655, 884Mb)
Load /work/output/en/icon-q-quantity.png                                                             (00:00.000 / 02:04.656, 886Mb)
Load /work/output/en/information.png                                                                 (00:00.000 / 02:04.656, 886Mb)
Load /work/output/en/CodeSystem-mii-cs-consent-version-modules.json.html                             (00:00.000 / 02:04.656, 886Mb)
Load /work/output/en/tbl_vjoin_end-open.png                                                          (00:00.009 / 02:04.665, 902Mb)
Load /work/output/en/tbl_bck010100.png                                                               (00:00.000 / 02:04.666, 902Mb)
Load /work/output/en/ValueSet-88464c5b-5338-4c2b-9c07-b42fef2ada64-testing.html                      (00:00.000 / 02:04.666, 902Mb)
Load /work/output/en/tbl_bck110100.png                                                               (00:00.002 / 02:04.668, 904Mb)
Load /work/output/en/icon-qi-security.bmp                                                            (00:00.000 / 02:04.668, 904Mb)
Load /work/output/en/SearchParameter-MII-SP-Consent-PolicyUri.html                                   (00:00.000 / 02:04.669, 904Mb)
Load /work/output/en/tbl_vjoin_end-closed.png                                                        (00:00.002 / 02:04.671, 908Mb)
Load /work/output/en/tbl_bck1320.png                                                                 (00:00.000 / 02:04.671, 908Mb)
Load /work/output/en/missing-data.md                                                                 (00:00.000 / 02:04.672, 908Mb)
Load /work/output/en/icon-include.png                                                                (00:00.000 / 02:04.672, 908Mb)
Load /work/output/en/CodeSystem-mii-cs-consent-version-modules.xml                                   (00:00.000 / 02:04.672, 908Mb)
.Load /work/output/en/tbl_bck100110.png                                                               (00:00.001 / 02:04.674, 912Mb)
Load /work/output/en/ValueSet-2.16.840.1.113883.3.1937.777.24.11.30--20210323234509.json.html        (00:00.000 / 02:04.674, 912Mb)
Load /work/output/en/CodeSystem-2.16.840.1.113883.3.1937.777.24.5.2--20210423105554.html             (00:00.003 / 02:04.678, 918Mb)
Load /work/output/en/tbl_bck000110.png                                                               (00:00.002 / 02:04.681, 922Mb)
Load /work/output/en/icon-fhir-64.png                                                                (00:00.000 / 02:04.681, 922Mb)
Load /work/output/en/icon_reuse.png                                                                  (00:00.000 / 02:04.681, 922Mb)
Load /work/output/en/terminology.md                                                                  (00:00.000 / 02:04.682, 922Mb)
Load /work/output/en/tbl_bck1240.png                                                                 (00:00.000 / 02:04.682, 922Mb)
Load /work/output/en/Consent-Example-MII-Consent-ResultType-document.md                              (00:00.000 / 02:04.682, 922Mb)
Load /work/output/en/tbl_bck025025.png                                                               (00:00.000 / 02:04.682, 922Mb)
Load /work/output/en/icon_extension_simple.png                                                       (00:00.000 / 02:04.683, 922Mb)
Load /work/output/en/StructureDefinition-e0e166b4-0f77-478d-9062-de0034d98ce0.profile.json.html      (00:00.000 / 02:04.683, 922Mb)
Load /work/output/en/StructureDefinition-e0e166b4-0f77-478d-9062-de0034d98ce0.json                   (00:00.141 / 02:04.825, 414Mb)
Load /work/output/en/icon-q-decimal.png                                                              (00:00.000 / 02:04.825, 414Mb)
Load /work/output/en/tbl_bck011110010.png                                                            (00:00.000 / 02:04.826, 414Mb)
Load /work/output/en/icon_vd_foreach.png                                                             (00:00.000 / 02:04.826, 414Mb)
Load /work/output/en/icon-q-boolean.png                                                              (00:00.000 / 02:04.826, 414Mb)
Load /work/output/en/downloads.html                                                                  (00:00.000 / 02:04.827, 414Mb)
Load /work/output/en/tbl_bck025000.png                                                               (00:00.003 / 02:04.830, 418Mb)
Load /work/output/en/CodeSystem-2.16.840.1.113883.3.1937.777.24.5.2--20210423105554.json             (00:00.000 / 02:04.830, 418Mb)
Load /work/output/en/tbl_bck0110100.png                                                              (00:00.000 / 02:04.831, 418Mb)
Load /work/output/en/icon_page.gif                                                                   (00:00.000 / 02:04.831, 418Mb)
Load /work/output/en/Consent-Example-MII-Consent-ResultType-document.xml                             (00:00.000 / 02:04.831, 418Mb)
Load /work/output/en/tbl_bck1.png                                                                    (00:00.001 / 02:04.833, 420Mb)
Load /work/output/en/tbl_bck0000111.png                                                              (00:00.000 / 02:04.833, 420Mb)
Load /work/output/en/tbl_bck112.png                                                                  (00:00.000 / 02:04.834, 420Mb)
Load /work/output/en/tbl_bck0351.png                                                                 (00:00.000 / 02:04.834, 420Mb)
Load /work/output/en/tbl_bck111010.png                                                               (00:00.000 / 02:04.834, 420Mb)
Load /work/output/en/tbl_bck011010.png                                                               (00:00.000 / 02:04.835, 420Mb)
Load /work/output/en/StructureDefinition-56375452-bfa1-4111-af7c-5b5ba9a1857c-intro.md               (00:00.000 / 02:04.835, 420Mb)
Load /work/output/en/icon-qi-optional.png                                                            (00:00.000 / 02:04.835, 420Mb)
Load /work/output/en/tbl_vjoin_slice-closed.png                                                      (00:00.000 / 02:04.836, 420Mb)
Load /work/output/en/StructureDefinition-e0e166b4-0f77-478d-9062-de0034d98ce0.html                   (00:00.000 / 02:04.836, 420Mb)
Load /work/output/en/SearchParameter-MII-SP-Consent-ProvisionCodeType.xml.html                       (00:00.279 / 02:05.116, 836Mb)
Load /work/output/en/StructureDefinition-e0e166b4-0f77-478d-9062-de0034d98ce0.xml                    (00:00.006 / 02:05.122, 842Mb)
Load /work/output/en/tbl_bck001001.png                                                               (00:00.037 / 02:05.159, 890Mb)
Load /work/output/en/tbl_bck02512.png                                                                (00:00.000 / 02:05.160, 890Mb)
Load /work/output/en/SearchParameter-MII-SP-Consent-ProvisionType-testing.html                       (00:00.000 / 02:05.160, 890Mb)
Load /work/output/en/metadata.md                                                                     (00:00.003 / 02:05.164, 894Mb)
Load /work/output/en/DocumentReference-8a3d1799-2463-405e-b49c-6a16c8692b01.change.history.html      (00:00.000 / 02:05.164, 894Mb)
Load /work/output/en/SearchParameter-MII-SP-Consent-ProvisionCode.md                                 (00:00.003 / 02:05.167, 898Mb)
Load /work/output/en/ImplementationGuide-mii-ig-consent.md                                           (00:00.000 / 02:05.167, 898Mb)
Load /work/output/en/tbl_bck02513.png                                                                (00:00.000 / 02:05.167, 898Mb)
Load /work/output/en/SearchParameter-MII-SP-Consent-ProvisionCodeType.json.html                      (00:00.000 / 02:05.168, 898Mb)
Load /work/output/en/tbl_bck001000.png                                                               (00:00.004 / 02:05.172, 902Mb)
Load /work/output/en/icon-qi-observation.png                                                         (00:00.000 / 02:05.172, 902Mb)
Load /work/output/en/tbl_bck101000.png                                                               (00:00.000 / 02:05.172, 902Mb)
Load /work/output/en/ValueSet-2.16.840.1.113883.3.1937.777.24.11.36--20230331232804.json.html        (00:00.000 / 02:05.173, 902Mb)
Load /work/output/en/general-requirements.html                                                       (00:00.004 / 02:05.178, 906Mb)
Load /work/output/en/tbl_vjoin_slicer-open.png                                                       (00:00.006 / 02:05.184, 914Mb)
Load /work/output/en/tbl_bck0251250.png                                                              (00:00.000 / 02:05.184, 914Mb)
Load /work/output/en/tbl_bck0351250.png                                                              (00:00.000 / 02:05.185, 914Mb)
Load /work/output/en/tbl_bck011011.png                                                               (00:00.000 / 02:05.185, 914Mb)
Load /work/output/en/tbl_bck113.png                                                                  (00:00.000 / 02:05.186, 914Mb)
Load /work/output/en/tbl_bck0000110.png                                                              (00:00.000 / 02:05.186, 914Mb)
Load /work/output/en/tbl_bck0350.png                                                                 (00:00.000 / 02:05.186, 914Mb)
Load /work/output/en/tbl_bck10010000.png                                                             (00:00.000 / 02:05.187, 914Mb)
Load /work/output/en/tbl_bck00001110110.png                                                          (00:00.000 / 02:05.187, 914Mb)
.Load /work/output/en/tbl_bck10110000.png                                                             (00:00.000 / 02:05.187, 914Mb)
Load /work/output/en/SearchParameter-MII-SP-Consent-PolicyUri.json                                   (00:00.000 / 02:05.188, 914Mb)
Load /work/output/en/tbl_bck0.png                                                                    (00:00.000 / 02:05.188, 914Mb)
Load /work/output/en/tbl_bck00001001.png                                                             (00:00.000 / 02:05.188, 914Mb)
Load /work/output/en/icon-change-add.png                                                             (00:00.000 / 02:05.189, 914Mb)
Load /work/output/en/tbl_bck000011111000.png                                                         (00:00.000 / 02:05.189, 914Mb)
Load /work/output/en/researcher-guidance.md                                                          (00:00.000 / 02:05.189, 914Mb)
Load /work/output/en/SearchParameter-MII-SP-Consent-ProvisionCodePeriod.md                           (00:00.000 / 02:05.189, 914Mb)
Load /work/output/en/icon-page.png                                                                   (00:00.000 / 02:05.190, 914Mb)
Load /work/output/en/tbl_bck1500.png                                                                 (00:00.000 / 02:05.190, 914Mb)
Load /work/output/en/ValueSet-88464c5b-5338-4c2b-9c07-b42fef2ada64.json.html                         (00:00.000 / 02:05.190, 914Mb)
Load /work/output/en/SearchParameter-MII-SP-Consent-ProvisionCodeType-testing.html                   (00:00.004 / 02:05.195, 920Mb)
Load /work/output/en/datasets-and-descriptions.md                                                    (00:00.003 / 02:05.198, 924Mb)
Load /work/output/en/StructureDefinition-f675b1e8-9f3f-44e8-bb59-9681f78eb464.profile.xml.html       (00:00.000 / 02:05.198, 924Mb)
Load /work/output/en/tbl_bck105.png                                                                  (00:00.075 / 02:05.273, 1Gb)
Load /work/output/en/tbl_bck01101100.png                                                             (00:00.000 / 02:05.274, 1Gb)
Load /work/output/en/tbl_bck111.png                                                                  (00:00.000 / 02:05.274, 1Gb)
Load /work/output/en/tbl_vline_slice.png                                                             (00:00.000 / 02:05.275, 1Gb)
Load /work/output/en/tbl_bck05040.png                                                                (00:00.000 / 02:05.275, 1Gb)
Load /work/output/en/tbl_bck0251252.png                                                              (00:00.000 / 02:05.275, 1Gb)
Load /work/output/en/tbl_bck00110.png                                                                (00:00.000 / 02:05.276, 1Gb)
Load /work/output/en/tbl_bck12500.png                                                                (00:00.000 / 02:05.276, 1Gb)
Load /work/output/en/tbl_bck0351252.png                                                              (00:00.000 / 02:05.276, 1Gb)
Load /work/output/en/icon_fixed.gif                                                                  (00:00.000 / 02:05.277, 1Gb)
Load /work/output/en/tbl_bck1110.png                                                                 (00:00.000 / 02:05.277, 1Gb)
Load /work/output/en/security-and-privacy.html                                                       (00:00.000 / 02:05.277, 1Gb)
Load /work/output/en/tbl_bck10101.png                                                                (00:00.003 / 02:05.280, 1Gb)
Load /work/output/en/SearchParameter-MII-SP-Consent-PolicyUri.xml.html                               (00:00.000 / 02:05.281, 1Gb)
Load /work/output/en/SearchParameter-MII-SP-Consent-ProvisionCodePeriod.json.html                    (00:00.003 / 02:05.284, 1Gb)
Load /work/output/en/StructureDefinition-f675b1e8-9f3f-44e8-bb59-9681f78eb464.xml                    (00:00.004 / 02:05.289, 1Gb)
Load /work/output/en/tbl_bck02510.png                                                                (00:00.007 / 02:05.297, 1Gb)
Load /work/output/en/modifier.png                                                                    (00:00.000 / 02:05.298, 1Gb)
Load /work/output/en/tbl_bck10100.png                                                                (00:00.000 / 02:05.298, 1Gb)
Load /work/output/en/icon-key.png                                                                    (00:00.000 / 02:05.298, 1Gb)
Load /work/output/en/tbl_bck15050.png                                                                (00:00.000 / 02:05.299, 1Gb)
Load /work/output/en/metadata.html                                                                   (00:00.000 / 02:05.299, 1Gb)
Load /work/output/en/icon-q-integer.png                                                              (00:00.006 / 02:05.305, 1Gb)
Load /work/output/en/tbl_bck1111.png                                                                 (00:00.000 / 02:05.306, 1Gb)
Load /work/output/en/StructureDefinition-56375452-bfa1-4111-af7c-5b5ba9a1857c-examples.html          (00:00.000 / 02:05.306, 1Gb)
Load /work/output/en/SearchParameter-MII-SP-Consent-ProvisionType.md                                 (00:00.002 / 02:05.309, 1Gb)
Load /work/output/en/must-support.md                                                                 (00:00.000 / 02:05.309, 1Gb)
Load /work/output/en/tbl_bck110.png                                                                  (00:00.000 / 02:05.309, 1Gb)
Load /work/output/en/SearchParameter-MII-SP-Consent-ProvisionCodePeriod.xml.html                     (00:00.000 / 02:05.309, 1Gb)
Load /work/output/en/index.md                                                                        (00:00.003 / 02:05.313, 1Gb)
Load /work/output/en/tbl_bck1515.png                                                                 (00:00.000 / 02:05.313, 1Gb)
Load /work/output/en/CodeSystem-2.16.840.1.113883.3.1937.777.24.5.2--20210423105554.xml              (00:00.000 / 02:05.314, 1Gb)
Load /work/output/en/tbl-closed.png                                                                  (00:00.001 / 02:05.315, 1Gb)
Load /work/output/en/tbl_bck000010010.png                                                            (00:00.000 / 02:05.315, 1Gb)
Load /work/output/en/version-history.md                                                              (00:00.000 / 02:05.315, 1Gb)
Load /work/output/en/search-parameters-and-operations.md                                             (00:00.000 / 02:05.316, 1Gb)
Load /work/output/en/SearchParameter-MII-SP-Consent-ProvisionCodeType.html                           (00:00.000 / 02:05.316, 1Gb)
Load /work/output/en/icon-dictionary.png                                                             (00:00.003 / 02:05.320, 1Gb)
Load /work/output/en/Consent-Example-MII-Consent-ResultType-document.json                            (00:00.000 / 02:05.320, 1Gb)
Load /work/output/en/tbl_bck000010000.png                                                            (00:00.000 / 02:05.320, 1Gb)
Load /work/output/en/SearchParameter-MII-SP-Consent-ProvisionPeriod.html                             (00:00.000 / 02:05.321, 1Gb)
Load /work/output/en/StructureDefinition-56375452-bfa1-4111-af7c-5b5ba9a1857c-mappings.html          (00:00.003 / 02:05.324, 1Gb)
Load /work/output/en/tbl_bck1505.png                                                                 (00:00.029 / 02:05.354, 377Mb)
Load /work/output/en/CodeSystem-2.16.840.1.113883.3.1937.777.24.5.2--20210423105554.md               (00:00.000 / 02:05.354, 377Mb)
.Load /work/output/en/tbl_bck100.png                                                                  (00:00.000 / 02:05.355, 377Mb)
Load /work/output/en/tbl_bck12511.png                                                                (00:00.000 / 02:05.355, 377Mb)
Load /work/output/en/tbl_bck00101.png                                                                (00:00.000 / 02:05.355, 377Mb)
Load /work/output/en/translationinfo.md                                                              (00:00.000 / 02:05.356, 377Mb)
Load /work/output/en/SearchParameter-MII-SP-Consent-ProvisionPeriod.xml.html                         (00:00.000 / 02:05.356, 377Mb)
Load /work/output/en/StructureDefinition-56375452-bfa1-4111-af7c-5b5ba9a1857c.xml                    (00:00.003 / 02:05.360, 383Mb)
Load /work/output/en/icon-list.gif                                                                   (00:00.009 / 02:05.369, 397Mb)
Load /work/output/en/missing-data.html                                                               (00:00.000 / 02:05.369, 397Mb)
Load /work/output/en/tbl_bck1101.png                                                                 (00:00.003 / 02:05.373, 403Mb)
Load /work/output/en/fhir-table-scripts.js                                                           (00:00.000 / 02:05.374, 403Mb)
Load /work/output/en/tbl_bck02500.png                                                                (00:00.000 / 02:05.374, 403Mb)
Load /work/output/en/tbl_bck10110.png                                                                (00:00.000 / 02:05.374, 403Mb)
Load /work/output/en/tbl_bck15040.png                                                                (00:00.000 / 02:05.374, 403Mb)
Load /work/output/en/icon_extension.png                                                              (00:00.000 / 02:05.375, 403Mb)
Load /work/output/en/icon-implementation.png                                                         (00:00.000 / 02:05.375, 403Mb)
Load /work/output/en/icon_entry_blue.png                                                             (00:00.000 / 02:05.375, 403Mb)
Load /work/output/en/icon-q-coding.png                                                               (00:00.000 / 02:05.376, 403Mb)
Load /work/output/en/tbl_bck10111.png                                                                (00:00.000 / 02:05.376, 403Mb)
Load /work/output/en/tbl_bck02501.png                                                                (00:00.000 / 02:05.376, 403Mb)
Load /work/output/en/tbl_bck1100.png                                                                 (00:00.000 / 02:05.377, 403Mb)
Load /work/output/en/CodeSystem-2.16.840.1.113883.3.1937.777.24.5.2--20210423105554.xml.html         (00:00.000 / 02:05.377, 403Mb)
Load /work/output/en/tbl_bck05050.png                                                                (00:00.072 / 02:05.450, 411Mb)
Load /work/output/en/SearchParameter-MII-SP-Consent-PolicyUri.json.html                              (00:00.001 / 02:05.452, 411Mb)
Load /work/output/en/tbl_bck00100.png                                                                (00:00.005 / 02:05.458, 415Mb)
Load /work/output/en/ValueSet-2.16.840.1.113883.3.1937.777.24.11.36--20230331232804.xml              (00:00.004 / 02:05.462, 415Mb)
Load /work/output/en/CodeSystem-2.16.840.1.113883.3.1937.777.24.5.3--20251211153003-testing.html     (00:00.004 / 02:05.467, 415Mb)
Load /work/output/en/tbl_bck12510.png                                                                (00:00.009 / 02:05.476, 419Mb)
Load /work/output/en/tbl_bck115.png                                                                  (00:00.001 / 02:05.478, 419Mb)
Load /work/output/en/icon-documentation.png                                                          (00:00.000 / 02:05.479, 419Mb)
Load /work/output/en/tbl_bck01101110.png                                                             (00:00.000 / 02:05.479, 419Mb)
Load /work/output/en/tbl_bck101.png                                                                  (00:00.001 / 02:05.480, 419Mb)
Load /work/output/en/icon-selected.png                                                               (00:00.000 / 02:05.481, 419Mb)
Load /work/output/en/icon-example.png                                                                (00:00.000 / 02:05.481, 419Mb)
Load /work/output/en/ValueSet-88464c5b-5338-4c2b-9c07-b42fef2ada64.xml                               (00:00.000 / 02:05.482, 419Mb)
Load /work/output/en/tbl_bck1510.png                                                                 (00:00.000 / 02:05.483, 419Mb)
Load /work/output/en/StructureDefinition-e0e166b4-0f77-478d-9062-de0034d98ce0-notes.md               (00:00.000 / 02:05.483, 419Mb)
Load /work/output/en/prism.css                                                                       (00:00.000 / 02:05.483, 419Mb)
Load /work/output/en/ImplementationGuide-mii-ig-consent.xml                                          (00:00.000 / 02:05.484, 419Mb)
Load /work/output/en/icon-qi-readonly.png                                                            (00:00.004 / 02:05.489, 425Mb)
Load /work/output/en/Consent-5143266b-8d60-4b28-8ee9-635140ffa5bb.md                                 (00:00.000 / 02:05.490, 425Mb)
Load /work/output/en/tbl_bck000011111010.png                                                         (00:00.000 / 02:05.490, 425Mb)
Load /work/output/en/SearchParameter-MII-SP-Consent-ProvisionCodePeriod-testing.html                 (00:00.000 / 02:05.491, 425Mb)
Load /work/output/en/tbl_bck0110111.png                                                              (00:00.002 / 02:05.493, 429Mb)
Load /work/output/en/icon-object-box.png                                                             (00:00.000 / 02:05.494, 429Mb)
Load /work/output/en/tbl_bck1512.png                                                                 (00:00.000 / 02:05.494, 429Mb)
Load /work/output/en/tbl_vjoin_slice.png                                                             (00:00.000 / 02:05.495, 429Mb)
Load /work/output/en/Parameters-mii-param-consent-manifest.change.history.html                       (00:00.000 / 02:05.495, 429Mb)
Load /work/output/en/icon-q-group.png                                                                (00:00.002 / 02:05.498, 433Mb)
Load /work/output/en/tbl_bck103.png                                                                  (00:00.000 / 02:05.499, 433Mb)
Load /work/output/en/tbl_bck0000100.png                                                              (00:00.000 / 02:05.499, 433Mb)
Load /work/output/en/tbl_bck0340.png                                                                 (00:00.000 / 02:05.499, 433Mb)
Load /work/output/en/tbl_bck10010010.png                                                             (00:00.000 / 02:05.500, 433Mb)
Load /work/output/en/Consent-Example-MII-Consent-ResultType-document.xml.html                        (00:00.000 / 02:05.500, 433Mb)
Load /work/output/en/tbl_bck00001110100.png                                                          (00:00.007 / 02:05.507, 443Mb)
Load /work/output/en/tbl_bck10110010.png                                                             (00:00.000 / 02:05.508, 443Mb)
Load /work/output/en/SearchParameter-MII-SP-Consent-PolicyUri.xml                                    (00:00.000 / 02:05.508, 443Mb)
Load /work/output/en/tbl_bck0251240.png                                                              (00:00.000 / 02:05.509, 445Mb)
Load /work/output/en/tbl_bck0351240.png                                                              (00:00.000 / 02:05.509, 445Mb)
.Load /work/output/en/tbl_bck12512.png                                                                (00:00.000 / 02:05.509, 445Mb)
Load /work/output/en/tbl_bck011001.png                                                               (00:00.000 / 02:05.510, 445Mb)
Load /work/output/en/new.png                                                                         (00:00.000 / 02:05.510, 445Mb)
Load /work/output/en/ValueSet-2.16.840.1.113883.3.1937.777.24.11.36--20230331232804.html             (00:00.000 / 02:05.510, 445Mb)
Load /work/output/en/tbl_bck02503.png                                                                (00:00.025 / 02:05.536, 485Mb)
Load /work/output/en/tbl_bck001010.png                                                               (00:00.001 / 02:05.537, 485Mb)
Load /work/output/en/tbl_bck101010.png                                                               (00:00.000 / 02:05.538, 485Mb)
Load /work/output/en/icon-qi-instructions.png                                                        (00:00.000 / 02:05.538, 485Mb)
Load /work/output/en/changes.md                                                                      (00:00.000 / 02:05.539, 485Mb)
Load /work/output/en/search-parameters-and-operations.html                                           (00:00.000 / 02:05.539, 485Mb)
Load /work/output/en/icon-clinical.png                                                               (00:00.004 / 02:05.543, 491Mb)
Load /work/output/en/SearchParameter-MII-SP-Consent-ProvisionCodePeriod.json                         (00:00.000 / 02:05.544, 491Mb)
Load /work/output/en/tbl_bck111000.png                                                               (00:00.000 / 02:05.544, 491Mb)
Load /work/output/en/tbl_bck011000.png                                                               (00:00.000 / 02:05.544, 491Mb)
Load /work/output/en/datasets-and-descriptions.html                                                  (00:00.000 / 02:05.545, 491Mb)
Load /work/output/en/Parameters-mii-param-consent-manifest.json                                      (00:00.004 / 02:05.549, 495Mb)
Load /work/output/en/tbl_bck0000101.png                                                              (00:00.000 / 02:05.550, 495Mb)
Load /work/output/en/tbl_bck0341.png                                                                 (00:00.000 / 02:05.550, 495Mb)
Load /work/output/en/StructureDefinition-f675b1e8-9f3f-44e8-bb59-9681f78eb464.md                     (00:00.000 / 02:05.550, 495Mb)
Load /work/output/en/DocumentReference-8a3d1799-2463-405e-b49c-6a16c8692b01.md                       (00:00.000 / 02:05.551, 495Mb)
Load /work/output/en/examples.html                                                                   (00:00.000 / 02:05.551, 495Mb)
Load /work/output/en/ValueSet-2.16.840.1.113883.3.1937.777.24.11.36--20230331232804-testing.html     (00:00.002 / 02:05.554, 499Mb)
Load /work/output/en/tbl_bck00001010.png                                                             (00:00.002 / 02:05.556, 503Mb)
Load /work/output/en/tbl_bck025010.png                                                               (00:00.000 / 02:05.557, 503Mb)
Load /work/output/en/tbl_bck0110110.png                                                              (00:00.000 / 02:05.557, 503Mb)
Load /work/output/en/tbl_bck000011111011.png                                                         (00:00.000 / 02:05.558, 503Mb)
Load /work/output/en/Consent-34150a23-b1c8-404f-874f-e042a30435d2.json.html                          (00:00.000 / 02:05.558, 503Mb)
Load /work/output/en/tbl_bck10001.png                                                                (00:00.006 / 02:05.564, 513Mb)
Load /work/output/en/tbl_bck05140.png                                                                (00:00.000 / 02:05.565, 513Mb)
Load /work/output/en/tbl_bck00010.png                                                                (00:00.000 / 02:05.565, 513Mb)
Load /work/output/en/tbl_bck12400.png                                                                (00:00.000 / 02:05.565, 513Mb)
Load /work/output/en/tbl_bck1010.png                                                                 (00:00.000 / 02:05.566, 513Mb)
Load /work/output/en/Provenance-55219d12-6245-4de4-8b50-ddf6f16a789b.json                            (00:00.000 / 02:05.566, 513Mb)
Load /work/output/en/ValueSet-88464c5b-5338-4c2b-9c07-b42fef2ada64.change.history.html               (00:00.000 / 02:05.567, 513Mb)
Load /work/output/en/icon-q-choice.png                                                               (00:00.002 / 02:05.569, 517Mb)
Load /work/output/en/icon_group.png                                                                  (00:00.000 / 02:05.569, 517Mb)
Load /work/output/en/StructureDefinition-f675b1e8-9f3f-44e8-bb59-9681f78eb464.profile.history.html   (00:00.000 / 02:05.570, 517Mb)
Load /work/output/en/tbl_bck011.png                                                                  (00:00.002 / 02:05.573, 519Mb)
Load /work/output/en/ValueSet-88464c5b-5338-4c2b-9c07-b42fef2ada64.html                              (00:00.000 / 02:05.573, 519Mb)
Load /work/output/en/tbl_bck1400.png                                                                 (00:00.003 / 02:05.576, 525Mb)
Load /work/output/en/icon_vd_union.png                                                               (00:00.000 / 02:05.577, 525Mb)
Load /work/output/en/capability-statements.html                                                      (00:00.000 / 02:05.577, 525Mb)
Load /work/output/en/tbl_bck01111010.png                                                             (00:00.002 / 02:05.580, 529Mb)
Load /work/output/en/tbl_bck03.png                                                                   (00:00.000 / 02:05.580, 529Mb)
Load /work/output/en/icon_latest.png                                                                 (00:00.000 / 02:05.580, 529Mb)
Load /work/output/en/tbl_bck010.png                                                                  (00:00.000 / 02:05.581, 529Mb)
Load /work/output/en/SearchParameter-MII-SP-Consent-ProvisionPeriod-testing.html                     (00:00.000 / 02:05.581, 529Mb)
Load /work/output/en/icon-q-attachment.png                                                           (00:00.002 / 02:05.583, 531Mb)
Load /work/output/en/tbl_spacer.png                                                                  (00:00.000 / 02:05.584, 531Mb)
Load /work/output/en/MII-KDS_de_Consent.jpg                                                          (00:00.000 / 02:05.584, 531Mb)
Load /work/output/en/StructureDefinition-f675b1e8-9f3f-44e8-bb59-9681f78eb464-mappings.html          (00:00.000 / 02:05.584, 531Mb)
Load /work/output/en/tbl_bck1011.png                                                                 (00:00.020 / 02:05.605, 563Mb)
Load /work/output/en/tbl_bck00011.png                                                                (00:00.000 / 02:05.606, 563Mb)
Load /work/output/en/icon-fhir-720.png                                                               (00:00.000 / 02:05.606, 563Mb)
Load /work/output/en/Consent-34150a23-b1c8-404f-874f-e042a30435d2.json                               (00:00.000 / 02:05.606, 563Mb)
Load /work/output/en/icon-q-reference.png                                                            (00:00.000 / 02:05.607, 563Mb)
Load /work/output/en/tbl_bck02410.png                                                                (00:00.000 / 02:05.607, 563Mb)
Load /work/output/en/tbl_bck10000.png                                                                (00:00.000 / 02:05.608, 563Mb)
.Load /work/output/en/tbl_bck15150.png                                                                (00:00.000 / 02:05.608, 563Mb)
Load /work/output/en/tbl_bck101101.png                                                               (00:00.000 / 02:05.609, 563Mb)
Load /work/output/en/tbl_bck15152.png                                                                (00:00.000 / 02:05.609, 563Mb)
Load /work/output/en/icon_page_n_c.gif                                                               (00:00.000 / 02:05.609, 563Mb)
Load /work/output/en/tbl_bck111110.png                                                               (00:00.000 / 02:05.610, 563Mb)
Load /work/output/en/StructureDefinition-56375452-bfa1-4111-af7c-5b5ba9a1857c.json                   (00:00.000 / 02:05.610, 563Mb)
Load /work/output/en/Provenance-55219d12-6245-4de4-8b50-ddf6f16a789b.md                              (00:00.000 / 02:05.610, 563Mb)
Load /work/output/en/tbl_bck011110.png                                                               (00:00.000 / 02:05.610, 563Mb)
Load /work/output/en/Consent-5143266b-8d60-4b28-8ee9-635140ffa5bb.change.history.html                (00:00.000 / 02:05.611, 563Mb)
Load /work/output/en/downloads.md                                                                    (00:00.002 / 02:05.613, 567Mb)
Load /work/output/en/tbl_bck0331.png                                                                 (00:00.000 / 02:05.613, 567Mb)
Load /work/output/en/summary.png                                                                     (00:00.000 / 02:05.614, 567Mb)
Load /work/output/en/StructureDefinition-f675b1e8-9f3f-44e8-bb59-9681f78eb464-notes.md               (00:00.000 / 02:05.614, 567Mb)
Load /work/output/en/tbl_bck0251.png                                                                 (00:00.000 / 02:05.615, 567Mb)
Load /work/output/en/tbl_bck012.png                                                                  (00:00.000 / 02:05.615, 567Mb)
Load /work/output/en/icon-q-url.png                                                                  (00:00.000 / 02:05.615, 567Mb)
Load /work/output/en/version-history.html                                                            (00:00.000 / 02:05.616, 567Mb)
Load /work/output/en/tbl_bck11240.png                                                                (00:00.002 / 02:05.619, 571Mb)
Load /work/output/en/tbl_bck125100.png                                                               (00:00.000 / 02:05.619, 571Mb)
Load /work/output/en/tbl_bck01.png                                                                   (00:00.000 / 02:05.619, 571Mb)
Load /work/output/en/tbl_bck15.png                                                                   (00:00.000 / 02:05.619, 571Mb)
Load /work/output/en/icon-error.gif                                                                  (00:00.000 / 02:05.620, 571Mb)
Load /work/output/en/tbl_bck00001100.png                                                             (00:00.000 / 02:05.620, 571Mb)
Load /work/output/en/tbl_bck0010000.png                                                              (00:00.000 / 02:05.620, 571Mb)
Load /work/output/en/tbl_bck0110000.png                                                              (00:00.000 / 02:05.621, 571Mb)
Load /work/output/en/tbl_bck14.png                                                                   (00:00.000 / 02:05.622, 571Mb)
Load /work/output/en/tbl_bck00.png                                                                   (00:00.000 / 02:05.622, 571Mb)
Load /work/output/en/tbl_bck000011111100.png                                                         (00:00.000 / 02:05.622, 571Mb)
Load /work/output/en/DocumentReference-8a3d1799-2463-405e-b49c-6a16c8692b01.html                     (00:00.000 / 02:05.623, 571Mb)
Load /work/output/en/CodeSystem-2.16.840.1.113883.3.1937.777.24.5.3--20251211153003.xml              (00:00.003 / 02:05.626, 575Mb)
Load /work/output/en/tbl_bck0250.png                                                                 (00:00.004 / 02:05.630, 583Mb)
Load /work/output/en/tbl_bck0000010.png                                                              (00:00.000 / 02:05.630, 583Mb)
Load /work/output/en/tbl_bck00001110010.png                                                          (00:00.000 / 02:05.630, 583Mb)
Load /work/output/en/tbl_bck0330.png                                                                 (00:00.000 / 02:05.631, 583Mb)
Load /work/output/en/icon-infrastructure.png                                                         (00:00.000 / 02:05.631, 583Mb)
Load /work/output/en/icon-qi-security.png                                                            (00:00.000 / 02:05.631, 583Mb)
Load /work/output/en/tbl_bck011111.png                                                               (00:00.000 / 02:05.632, 583Mb)
Load /work/output/en/SearchParameter-MII-SP-Consent-ProvisionCode.xml.html                           (00:00.000 / 02:05.632, 583Mb)
Load /work/output/en/ValueSet-2.16.840.1.113883.3.1937.777.24.11.30--20210323234509.html             (00:00.003 / 02:05.635, 587Mb)
Load /work/output/en/tbl_bck101100.png                                                               (00:00.003 / 02:05.638, 593Mb)
Load /work/output/en/assets/css/xml.css                                                              (00:00.000 / 02:05.639, 593Mb)
Load /work/output/en/assets/css/jquery-ui.theme.min.css                                              (00:00.000 / 02:05.639, 593Mb)
Load /work/output/en/assets/css/cqf.css                                                              (00:00.000 / 02:05.639, 593Mb)
Load /work/output/en/assets/css/mii.css                                                              (00:00.000 / 02:05.640, 593Mb)
Load /work/output/en/assets/css/hl7.css                                                              (00:00.000 / 02:05.640, 593Mb)
Load /work/output/en/assets/css/bootstrap-fhir.css                                                   (00:00.000 / 02:05.640, 593Mb)
Load /work/output/en/assets/css/prism-fhirpath.css                                                   (00:00.000 / 02:05.641, 593Mb)
Load /work/output/en/assets/css/jquery-ui.css                                                        (00:00.000 / 02:05.641, 593Mb)
Load /work/output/en/assets/css/bootstrap-glyphicons.css                                             (00:00.000 / 02:05.641, 593Mb)
Load /work/output/en/assets/css/prism.css                                                            (00:00.000 / 02:05.641, 593Mb)
Load /work/output/en/assets/css/jquery-ui.structure.min.css                                          (00:00.000 / 02:05.642, 593Mb)
Load /work/output/en/assets/css/pygments-manni.css                                                   (00:00.000 / 02:05.642, 593Mb)
Load /work/output/en/assets/css/project.css                                                          (00:00.000 / 02:05.642, 593Mb)
Load /work/output/en/assets/images/icon_arrow_up.png                                                 (00:00.000 / 02:05.643, 593Mb)
Load /work/output/en/assets/images/deu.svg                                                           (00:00.000 / 02:05.643, 593Mb)
Load /work/output/en/assets/images/external.png                                                      (00:00.000 / 02:05.644, 593Mb)
Load /work/output/en/assets/images/fhir-logo-www.png                                                 (00:00.000 / 02:05.644, 593Mb)
Load /work/output/en/assets/images/download.png                                                      (00:00.000 / 02:05.644, 593Mb)
.Load /work/output/en/assets/images/logo-en.svg                                                       (00:00.000 / 02:05.644, 593Mb)
Load /work/output/en/assets/images/link.svg                                                          (00:00.012 / 02:05.657, 611Mb)
Load /work/output/en/assets/images/dragon.png                                                        (00:00.000 / 02:05.657, 611Mb)
Load /work/output/en/assets/images/lang-es.png                                                       (00:00.000 / 02:05.658, 611Mb)
Load /work/output/en/assets/images/lang-de.png                                                       (00:00.000 / 02:05.658, 611Mb)
Load /work/output/en/assets/images/001.svg                                                           (00:00.000 / 02:05.658, 611Mb)
Load /work/output/en/assets/images/target.png                                                        (00:00.001 / 02:05.660, 613Mb)
Load /work/output/en/assets/images/fcp-logo.png                                                      (00:00.000 / 02:05.660, 613Mb)
Load /work/output/en/assets/images/lang-pt.png                                                       (00:00.000 / 02:05.661, 613Mb)
Load /work/output/en/assets/images/search.png                                                        (00:00.000 / 02:05.661, 613Mb)
Load /work/output/en/assets/images/lang-en.png                                                       (00:00.000 / 02:05.661, 613Mb)
Load /work/output/en/assets/images/lang-ja.png                                                       (00:00.000 / 02:05.662, 613Mb)
Load /work/output/en/assets/images/lang-kr.png                                                       (00:00.000 / 02:05.662, 613Mb)
Load /work/output/en/assets/images/logo_ansinew.jpg                                                  (00:00.000 / 02:05.662, 613Mb)
Load /work/output/en/assets/images/logo-de.svg                                                       (00:00.000 / 02:05.663, 613Mb)
Load /work/output/en/assets/images/lang-pt_BR.png                                                    (00:00.007 / 02:05.670, 623Mb)
Load /work/output/en/assets/images/lang-fr.png                                                       (00:00.000 / 02:05.670, 623Mb)
Load /work/output/en/assets/images/lang-ru.png                                                       (00:00.000 / 02:05.671, 623Mb)
Load /work/output/en/assets/images/lang-ar.png                                                       (00:00.000 / 02:05.671, 623Mb)
Load /work/output/en/assets/images/stripe.png                                                        (00:00.000 / 02:05.671, 623Mb)
Load /work/output/en/assets/images/hl7-logo-header.png                                               (00:00.000 / 02:05.671, 623Mb)
Load /work/output/en/assets/images/lang-nl.png                                                       (00:00.000 / 02:05.672, 623Mb)
Load /work/output/en/assets/images/lang-zh.png                                                       (00:00.000 / 02:05.672, 623Mb)
Load /work/output/en/assets/images/lang-zh-TW.png                                                    (00:00.000 / 02:05.672, 623Mb)
Load /work/output/en/assets/images/icon_arrow_down.png                                               (00:00.000 / 02:05.672, 623Mb)
Load /work/output/en/assets/js/html5shiv.js                                                          (00:00.000 / 02:05.673, 623Mb)
Load /work/output/en/assets/js/flags.js                                                              (00:00.000 / 02:05.673, 623Mb)
Load /work/output/en/assets/js/prism.js                                                              (00:00.000 / 02:05.673, 623Mb)
Load /work/output/en/assets/js/mermaid.js                                                            (00:00.000 / 02:05.674, 623Mb)
Load /work/output/en/assets/js/jquery-ui.min.js                                                      (00:00.000 / 02:05.674, 623Mb)
Load /work/output/en/assets/js/clipboard-btn.js                                                      (00:00.000 / 02:05.674, 623Mb)
Load /work/output/en/assets/js/respond.min.js                                                        (00:00.000 / 02:05.674, 623Mb)
Load /work/output/en/assets/js/prism-fhirpath.js                                                     (00:00.000 / 02:05.675, 623Mb)
Load /work/output/en/assets/js/xml.js                                                                (00:00.000 / 02:05.675, 623Mb)
Load /work/output/en/assets/js/window-hash.js                                                        (00:00.000 / 02:05.675, 623Mb)
Load /work/output/en/assets/js/clipboard.min.js                                                      (00:00.000 / 02:05.676, 623Mb)
Load /work/output/en/assets/js/tabs.js                                                               (00:00.000 / 02:05.676, 623Mb)
Load /work/output/en/assets/js/jquery-3.7.0.min.map                                                  (00:00.000 / 02:05.677, 623Mb)
Load /work/output/en/assets/js/mermaid-init.js                                                       (00:00.002 / 02:05.680, 623Mb)
Load /work/output/en/assets/js/bootstrap.min.js                                                      (00:00.000 / 02:05.681, 623Mb)
Load /work/output/en/assets/js/fhir-table-scripts.js                                                 (00:00.000 / 02:05.681, 623Mb)
Load /work/output/en/assets/js/anchor.min.js                                                         (00:00.000 / 02:05.681, 623Mb)
Load /work/output/en/assets/js/topofpage.js                                                          (00:00.000 / 02:05.681, 623Mb)
Load /work/output/en/assets/js/fhir.js                                                               (00:00.000 / 02:05.682, 623Mb)
Load /work/output/en/assets/js/readme.txt                                                            (00:00.000 / 02:05.682, 623Mb)
Load /work/output/en/assets/js/lang-redirects.js                                                     (00:00.000 / 02:05.682, 623Mb)
Load /work/output/en/assets/js/direction-management.js                                               (00:00.000 / 02:05.682, 623Mb)
Load /work/output/en/assets/js/anchor-hover.js                                                       (00:00.000 / 02:05.683, 623Mb)
Load /work/output/en/assets/js/jquery.js                                                             (00:00.000 / 02:05.683, 623Mb)
Load /work/output/en/assets/fonts/OpenSans-CondBold-webfont.svg                                      (00:00.000 / 02:05.683, 623Mb)
Load /work/output/en/assets/fonts/glyphiconshalflings-regular.otf                                    (00:00.013 / 02:05.697, 649Mb)
Load /work/output/en/assets/fonts/OpenSans-CondLight-webfont.eot                                     (00:00.000 / 02:05.697, 649Mb)
Load /work/output/en/assets/fonts/glyphiconshalflings-regular.eot                                    (00:00.000 / 02:05.697, 649Mb)
Load /work/output/en/assets/fonts/OpenSans-CondLight-webfont.ttf                                     (00:00.000 / 02:05.697, 649Mb)
Load /work/output/en/assets/fonts/glyphiconshalflings-regular.ttf                                    (00:00.000 / 02:05.698, 649Mb)
Load /work/output/en/assets/fonts/OpenSans-CondLight-webfont.woff                                    (00:00.000 / 02:05.698, 649Mb)
Load /work/output/en/assets/fonts/glyphiconshalflings-regular.woff                                   (00:00.000 / 02:05.698, 649Mb)
Load /work/output/en/assets/fonts/OpenSans-CondBold-webfont.ttf                                      (00:00.000 / 02:05.698, 649Mb)
.Load /work/output/en/assets/fonts/OpenSans-CondBold-webfont.woff                                     (00:00.000 / 02:05.699, 649Mb)
Load /work/output/en/assets/fonts/OpenSans-CondLight-webfont.svg                                     (00:00.000 / 02:05.699, 649Mb)
Load /work/output/en/assets/fonts/glyphiconshalflings-regular.svg                                    (00:00.015 / 02:05.714, 681Mb)
Load /work/output/en/assets/fonts/OpenSans-CondBold-webfont.eot                                      (00:00.006 / 02:05.720, 691Mb)
Load /work/output/en/assets/ico/icon-fhir-114.png                                                    (00:00.000 / 02:05.721, 691Mb)
Load /work/output/en/assets/ico/icon-fhir-72.png                                                     (00:00.000 / 02:05.721, 691Mb)
Load /work/output/en/assets/ico/icon-fhir-144.png                                                    (00:00.000 / 02:05.721, 691Mb)
Load /work/output/en/assets/ico/favicon.png                                                          (00:00.000 / 02:05.721, 691Mb)
Load /work/output/en/assets/ico/noun_copy to clipboard_1669410.png                                   (00:00.000 / 02:05.722, 691Mb)
Load /work/output/en/assets/ico/icon-fhir-57.png                                                     (00:00.000 / 02:05.722, 691Mb)
Load /work/output/en/tbl_bck101110.png                                                               (00:00.000 / 02:05.722, 691Mb)
Load /work/output/en/Provenance-55219d12-6245-4de4-8b50-ddf6f16a789b.xml                             (00:00.000 / 02:05.722, 691Mb)
Load /work/output/en/CodeSystem-mii-cs-consent-version-modules.change.history.html                   (00:00.000 / 02:05.723, 691Mb)
Load /work/output/en/tbl_bck05152.png                                                                (00:00.002 / 02:05.725, 695Mb)
Load /work/output/en/tbl_bck111101.png                                                               (00:00.000 / 02:05.726, 695Mb)
Load /work/output/en/tbl_bck0320.png                                                                 (00:00.000 / 02:05.726, 695Mb)
Load /work/output/en/icon-fhir-24.png                                                                (00:00.000 / 02:05.726, 695Mb)
Load /work/output/en/StructureDefinition-e0e166b4-0f77-478d-9062-de0034d98ce0.profile.xml.html       (00:00.000 / 02:05.726, 695Mb)
Load /work/output/en/icon-q-string.png                                                               (00:00.217 / 02:05.944, 1Gb)
Load /work/output/en/tbl_bck0240.png                                                                 (00:00.001 / 02:05.945, 1Gb)
Load /work/output/en/SearchParameter-MII-SP-Consent-ProvisionType.json                               (00:00.000 / 02:05.946, 1Gb)
Load /work/output/en/tbl_bck0000000.png                                                              (00:00.000 / 02:05.946, 1Gb)
Load /work/output/en/CodeSystem-2.16.840.1.113883.3.1937.777.24.5.3--20251211153003.json.html        (00:00.000 / 02:05.947, 1Gb)
Load /work/output/en/tbl_bck00001110000.png                                                          (00:00.022 / 02:05.969, 1Gb)
Load /work/output/en/tbl_bck000011111110.png                                                         (00:00.000 / 02:05.970, 1Gb)
Load /work/output/en/CodeSystem-mii-cs-consent-version-modules.json                                  (00:00.000 / 02:05.970, 1Gb)
Load /work/output/en/tbl_bck04.png                                                                   (00:00.000 / 02:05.970, 1Gb)
Load /work/output/en/tbl_bck00001111.png                                                             (00:00.000 / 02:05.971, 1Gb)
Load /work/output/en/tbl_bck10.png                                                                   (00:00.000 / 02:05.971, 1Gb)
Load /work/output/en/SearchParameter-MII-SP-Consent-ProvisionCodeType.change.history.html            (00:00.000 / 02:05.972, 1Gb)
Load /work/output/en/tbl_bck125110.png                                                               (00:00.002 / 02:05.974, 1Gb)
Load /work/output/en/tbl_bck11.png                                                                   (00:00.000 / 02:05.974, 1Gb)
Load /work/output/en/tbl_bck05.png                                                                   (00:00.000 / 02:05.975, 1Gb)
Load /work/output/en/ValueSet-2.16.840.1.113883.3.1937.777.24.11.36--20230331232804.md               (00:00.000 / 02:05.975, 1Gb)
Load /work/output/en/tbl_bck00001110.png                                                             (00:00.000 / 02:05.975, 1Gb)
Load /work/output/en/tbl_bck0010010.png                                                              (00:00.000 / 02:05.975, 1Gb)
Load /work/output/en/tbl_bck0110010.png                                                              (00:00.000 / 02:05.976, 1Gb)
Load /work/output/en/tbl_vline.png                                                                   (00:00.000 / 02:05.976, 1Gb)
Load /work/output/en/tbl_bck11250.png                                                                (00:00.000 / 02:05.976, 1Gb)
Load /work/output/en/Parameters-mii-param-consent-manifest.md                                        (00:00.000 / 02:05.976, 1Gb)
Load /work/output/en/Consent-5143266b-8d60-4b28-8ee9-635140ffa5bb.xml.html                           (00:00.000 / 02:05.977, 1Gb)
Load /work/output/en/tbl_bck0241.png                                                                 (00:00.017 / 02:05.994, 1Gb)
Load /work/output/en/icon_slice_item.png                                                             (00:00.000 / 02:05.994, 1Gb)
Load /work/output/en/CodeSystem-2.16.840.1.113883.3.1937.777.24.5.2--20210423105554.change.history.html (00:00.000 / 02:05.995, 1Gb)
Load /work/output/en/tbl_bck111100.png                                                               (00:00.008 / 02:06.004, 371Mb)
Load /work/output/en/ValueSet-2.16.840.1.113883.3.1937.777.24.11.36--20230331232804.change.history.html (00:00.000 / 02:06.004, 371Mb)
Load /work/output/en/tbl_bck011100.png                                                               (00:00.004 / 02:06.009, 373Mb)
Load /work/output/en/icon_page_n_p.gif                                                               (00:00.000 / 02:06.009, 373Mb)
Load /work/output/en/tbl_vjoin_end.png                                                               (00:00.000 / 02:06.010, 373Mb)
Load /work/output/en/tbl_bck101111.png                                                               (00:00.000 / 02:06.010, 373Mb)
Load /work/output/en/general-requirements.md                                                         (00:00.000 / 02:06.011, 373Mb)
Load /work/output/en/Parameters-mii-param-consent-manifest.xml.html                                  (00:00.000 / 02:06.011, 373Mb)
Load /work/output/en/tbl_bck02400.png                                                                (00:00.006 / 02:06.018, 383Mb)
Load /work/output/en/terminology.html                                                                (00:00.000 / 02:06.018, 383Mb)
Load /work/output/en/tbl_bck10010.png                                                                (00:00.003 / 02:06.022, 387Mb)
Load /work/output/en/tbl_bck15140.png                                                                (00:00.000 / 02:06.022, 387Mb)
Load /work/output/en/icon_resource.png                                                               (00:00.000 / 02:06.022, 387Mb)
Load /work/output/en/StructureDefinition-56375452-bfa1-4111-af7c-5b5ba9a1857c.profile.xml.html       (00:00.000 / 02:06.022, 387Mb)
.Load /work/output/en/profiles-and-extensions.html                                                    (00:00.061 / 02:06.084, 507Mb)
Load /work/output/en/tbl_bck00001.png                                                                (00:00.003 / 02:06.088, 511Mb)
Load /work/output/en/CodeSystem-2.16.840.1.113883.3.1937.777.24.5.3--20251211153003.json             (00:00.000 / 02:06.088, 511Mb)
Load /work/output/en/tbl_bck15424.png                                                                (00:00.000 / 02:06.088, 511Mb)
Load /work/output/en/tbl_bck1001.png                                                                 (00:00.000 / 02:06.089, 511Mb)
Load /work/output/en/icon_modifier_extension_complex.png                                             (00:00.000 / 02:06.089, 511Mb)
Load /work/output/en/tbl_bck000.png                                                                  (00:00.000 / 02:06.089, 511Mb)
Load /work/output/en/information-model_UML-Diagramm_MII-spez.png                                     (00:00.000 / 02:06.089, 511Mb)
Load /work/output/en/StructureDefinition-f675b1e8-9f3f-44e8-bb59-9681f78eb464.json                   (00:00.000 / 02:06.090, 511Mb)
Load /work/output/en/SearchParameter-MII-SP-Consent-ProvisionCode.html                               (00:00.000 / 02:06.090, 511Mb)
Load /work/output/en/SearchParameter-MII-SP-Consent-ProvisionCode.json.html                          (00:00.002 / 02:06.093, 515Mb)
Load /work/output/en/tbl_bck11252.png                                                                (00:00.002 / 02:06.096, 519Mb)
Load /work/output/en/ValueSet-2.16.840.1.113883.3.1937.777.24.11.30--20210323234509.change.history.html (00:00.000 / 02:06.096, 519Mb)
Load /work/output/en/tbl_bck13.png                                                                   (00:00.002 / 02:06.099, 523Mb)
Load /work/output/en/StructureDefinition-f675b1e8-9f3f-44e8-bb59-9681f78eb464-examples.html          (00:00.000 / 02:06.099, 523Mb)
Load /work/output/en/tbl_blank.png                                                                   (00:00.002 / 02:06.102, 527Mb)
Load /work/output/en/tbl_bck1410.png                                                                 (00:00.000 / 02:06.102, 527Mb)
Load /work/output/en/tbl_bck12.png                                                                   (00:00.000 / 02:06.102, 527Mb)
Load /work/output/en/icon-q-time.png                                                                 (00:00.000 / 02:06.103, 527Mb)
Load /work/output/en/tbl_bck01111001.png                                                             (00:00.000 / 02:06.103, 527Mb)
Load /work/output/en/icon-qi-horizontal.png                                                          (00:00.000 / 02:06.103, 527Mb)
Load /work/output/en/tbl_bck001.png                                                                  (00:00.000 / 02:06.104, 527Mb)
Load /work/output/en/fhir.css                                                                        (00:00.000 / 02:06.104, 527Mb)
Load /work/output/en/Consent-5143266b-8d60-4b28-8ee9-635140ffa5bb.html                               (00:00.000 / 02:06.104, 527Mb)
Load /work/output/en/tbl_vline_slicer.png                                                            (00:00.007 / 02:06.112, 539Mb)
Load /work/output/en/Provenance-55219d12-6245-4de4-8b50-ddf6f16a789b.json.html                       (00:00.000 / 02:06.112, 539Mb)
Load /work/output/en/tbl_bck1000.png                                                                 (00:00.003 / 02:06.116, 545Mb)
Load /work/output/en/icon-fhir-32.png                                                                (00:00.000 / 02:06.116, 545Mb)
Load /work/output/en/tbl_bck05150.png                                                                (00:00.000 / 02:06.116, 545Mb)
Load /work/output/en/icon_q_item.png                                                                 (00:00.000 / 02:06.117, 545Mb)
Load /work/output/en/tbl_bck00000.png                                                                (00:00.000 / 02:06.117, 545Mb)
Load /work/output/en/tbl_bck12410.png                                                                (00:00.000 / 02:06.117, 545Mb)
Load /work/output/en/tbl_bck10011.png                                                                (00:00.000 / 02:06.118, 545Mb)
Load /work/output/ValueSet-2.16.840.1.113883.3.1937.777.24.11.30--20210323234509.xlsx                (00:00.000 / 02:06.118, 545Mb)
Load /work/output/icon_page_n_c.gif                                                                  (00:00.000 / 02:06.118, 545Mb)
Load /work/output/tbl_bck111110.png                                                                  (00:00.000 / 02:06.119, 545Mb)
Load /work/output/valueset-ref-list.json                                                             (00:00.000 / 02:06.119, 545Mb)
Load /work/output/StructureDefinition-56375452-bfa1-4111-af7c-5b5ba9a1857c.json                      (00:00.000 / 02:06.119, 545Mb)
Load /work/output/tbl_bck011110.png                                                                  (00:00.000 / 02:06.120, 545Mb)
Load /work/output/Consent-5143266b-8d60-4b28-8ee9-635140ffa5bb.change.history.html                   (00:00.000 / 02:06.120, 545Mb)
Load /work/output/tbl_bck0331.png                                                                    (00:00.000 / 02:06.121, 545Mb)
Load /work/output/summary.png                                                                        (00:00.000 / 02:06.121, 545Mb)
Load /work/output/StructureDefinition-f675b1e8-9f3f-44e8-bb59-9681f78eb464-notes.md                  (00:00.000 / 02:06.122, 545Mb)
Load /work/output/tbl_bck0251.png                                                                    (00:00.000 / 02:06.122, 545Mb)
Load /work/output/tbl_bck012.png                                                                     (00:00.000 / 02:06.122, 545Mb)
Load /work/output/icon-q-url.png                                                                     (00:00.000 / 02:06.123, 545Mb)
Load /work/output/version-history.html                                                               (00:00.000 / 02:06.123, 545Mb)
Load /work/output/tbl_bck11240.png                                                                   (00:00.000 / 02:06.124, 545Mb)
Load /work/output/tbl_bck125100.png                                                                  (00:00.000 / 02:06.124, 545Mb)
Load /work/output/tbl_bck01.png                                                                      (00:00.000 / 02:06.124, 545Mb)
Load /work/output/tbl_bck15.png                                                                      (00:00.000 / 02:06.125, 545Mb)
Load /work/output/icon-error.gif                                                                     (00:00.000 / 02:06.125, 545Mb)
Load /work/output/tbl_bck00001100.png                                                                (00:00.000 / 02:06.126, 545Mb)
Load /work/output/tbl_bck0010000.png                                                                 (00:00.000 / 02:06.126, 545Mb)
Load /work/output/tbl_bck0110000.png                                                                 (00:00.000 / 02:06.127, 545Mb)
Load /work/output/tbl_bck14.png                                                                      (00:00.000 / 02:06.127, 545Mb)
Load /work/output/tbl_bck00.png                                                                      (00:00.000 / 02:06.127, 545Mb)
Load /work/output/tbl_bck000011111100.png                                                            (00:00.000 / 02:06.128, 545Mb)
.Load /work/output/DocumentReference-8a3d1799-2463-405e-b49c-6a16c8692b01.html                        (00:00.000 / 02:06.128, 545Mb)
Load /work/output/CodeSystem-2.16.840.1.113883.3.1937.777.24.5.3--20251211153003.xml                 (00:00.001 / 02:06.130, 545Mb)
Load /work/output/tbl_bck0250.png                                                                    (00:00.011 / 02:06.141, 557Mb)
Load /work/output/tbl_bck0000010.png                                                                 (00:00.000 / 02:06.141, 557Mb)
Load /work/output/tbl_bck013.png                                                                     (00:00.000 / 02:06.142, 557Mb)
Load /work/output/tbl_bck00001110010.png                                                             (00:00.000 / 02:06.142, 557Mb)
Load /work/output/tbl_bck1252410.png                                                                 (00:00.000 / 02:06.143, 557Mb)
Load /work/output/tbl_bck01250.png                                                                   (00:00.000 / 02:06.143, 557Mb)
Load /work/output/tbl_bck0330.png                                                                    (00:00.000 / 02:06.143, 557Mb)
Load /work/output/icon-infrastructure.png                                                            (00:00.000 / 02:06.143, 557Mb)
Load /work/output/icon-qi-security.png                                                               (00:00.000 / 02:06.144, 557Mb)
Load /work/output/tbl_bck011111.png                                                                  (00:00.000 / 02:06.144, 557Mb)
Load /work/output/SearchParameter-MII-SP-Consent-ProvisionCode.xml.html                              (00:00.000 / 02:06.144, 557Mb)
Load /work/output/ValueSet-2.16.840.1.113883.3.1937.777.24.11.30--20210323234509.html                (00:00.000 / 02:06.145, 557Mb)
Load /work/output/tbl_bck001100.png                                                                  (00:00.000 / 02:06.146, 557Mb)
Load /work/output/tbl_bck101100.png                                                                  (00:00.000 / 02:06.146, 557Mb)
Load /work/output/tbl_bck001110.png                                                                  (00:00.000 / 02:06.146, 557Mb)
Load /work/output/assets/css/xml.css                                                                 (00:00.000 / 02:06.147, 557Mb)
Load /work/output/assets/css/jquery-ui.theme.min.css                                                 (00:00.000 / 02:06.147, 557Mb)
Load /work/output/assets/css/cqf.css                                                                 (00:00.000 / 02:06.147, 557Mb)
Load /work/output/assets/css/mii.css                                                                 (00:00.000 / 02:06.147, 557Mb)
Load /work/output/assets/css/hl7.css                                                                 (00:00.000 / 02:06.148, 557Mb)
Load /work/output/assets/css/bootstrap-fhir.css                                                      (00:00.000 / 02:06.148, 557Mb)
Load /work/output/assets/css/prism-fhirpath.css                                                      (00:00.000 / 02:06.149, 557Mb)
Load /work/output/assets/css/jquery-ui.css                                                           (00:00.000 / 02:06.149, 557Mb)
Load /work/output/assets/css/bootstrap-glyphicons.css                                                (00:00.000 / 02:06.149, 557Mb)
Load /work/output/assets/css/prism.css                                                               (00:00.000 / 02:06.150, 557Mb)
Load /work/output/assets/css/jquery-ui.structure.min.css                                             (00:00.000 / 02:06.150, 557Mb)
Load /work/output/assets/css/pygments-manni.css                                                      (00:00.000 / 02:06.150, 557Mb)
Load /work/output/assets/css/project.css                                                             (00:00.000 / 02:06.150, 557Mb)
Load /work/output/assets/images/icon_arrow_up.png                                                    (00:00.000 / 02:06.151, 557Mb)
Load /work/output/assets/images/deu.svg                                                              (00:00.000 / 02:06.151, 557Mb)
Load /work/output/assets/images/external.png                                                         (00:00.000 / 02:06.152, 557Mb)
Load /work/output/assets/images/fhir-logo-www.png                                                    (00:00.000 / 02:06.152, 557Mb)
Load /work/output/assets/images/download.png                                                         (00:00.000 / 02:06.152, 557Mb)
Load /work/output/assets/images/logo-en.svg                                                          (00:00.000 / 02:06.152, 557Mb)
Load /work/output/assets/images/link.svg                                                             (00:00.012 / 02:06.165, 575Mb)
Load /work/output/assets/images/dragon.png                                                           (00:00.000 / 02:06.165, 575Mb)
Load /work/output/assets/images/lang-es.png                                                          (00:00.000 / 02:06.165, 575Mb)
Load /work/output/assets/images/lang-de.png                                                          (00:00.000 / 02:06.166, 575Mb)
Load /work/output/assets/images/001.svg                                                              (00:00.000 / 02:06.166, 575Mb)
Load /work/output/assets/images/target.png                                                           (00:00.001 / 02:06.167, 577Mb)
Load /work/output/assets/images/fcp-logo.png                                                         (00:00.000 / 02:06.168, 577Mb)
Load /work/output/assets/images/lang-pt.png                                                          (00:00.000 / 02:06.168, 577Mb)
Load /work/output/assets/images/search.png                                                           (00:00.000 / 02:06.169, 577Mb)
Load /work/output/assets/images/lang-en.png                                                          (00:00.000 / 02:06.169, 577Mb)
Load /work/output/assets/images/lang-ja.png                                                          (00:00.000 / 02:06.169, 577Mb)
Load /work/output/assets/images/lang-kr.png                                                          (00:00.000 / 02:06.169, 577Mb)
Load /work/output/assets/images/logo_ansinew.jpg                                                     (00:00.000 / 02:06.169, 577Mb)
Load /work/output/assets/images/logo-de.svg                                                          (00:00.000 / 02:06.170, 577Mb)
Load /work/output/assets/images/lang-pt_BR.png                                                       (00:00.007 / 02:06.177, 589Mb)
Load /work/output/assets/images/lang-fr.png                                                          (00:00.000 / 02:06.177, 589Mb)
Load /work/output/assets/images/lang-ru.png                                                          (00:00.000 / 02:06.177, 589Mb)
Load /work/output/assets/images/lang-ar.png                                                          (00:00.000 / 02:06.177, 589Mb)
Load /work/output/assets/images/stripe.png                                                           (00:00.000 / 02:06.178, 589Mb)
Load /work/output/assets/images/hl7-logo-header.png                                                  (00:00.000 / 02:06.178, 589Mb)
Load /work/output/assets/images/lang-nl.png                                                          (00:00.000 / 02:06.178, 589Mb)
Load /work/output/assets/images/lang-zh.png                                                          (00:00.000 / 02:06.178, 589Mb)
.Load /work/output/assets/images/lang-zh-TW.png                                                       (00:00.000 / 02:06.178, 589Mb)
Load /work/output/assets/images/icon_arrow_down.png                                                  (00:00.000 / 02:06.179, 589Mb)
Load /work/output/assets/js/html5shiv.js                                                             (00:00.000 / 02:06.179, 589Mb)
Load /work/output/assets/js/flags.js                                                                 (00:00.000 / 02:06.179, 589Mb)
Load /work/output/assets/js/prism.js                                                                 (00:00.000 / 02:06.179, 589Mb)
Load /work/output/assets/js/mermaid.js                                                               (00:00.000 / 02:06.180, 589Mb)
Load /work/output/assets/js/jquery-ui.min.js                                                         (00:00.000 / 02:06.180, 589Mb)
Load /work/output/assets/js/clipboard-btn.js                                                         (00:00.000 / 02:06.180, 589Mb)
Load /work/output/assets/js/respond.min.js                                                           (00:00.000 / 02:06.180, 589Mb)
Load /work/output/assets/js/prism-fhirpath.js                                                        (00:00.000 / 02:06.181, 589Mb)
Load /work/output/assets/js/xml.js                                                                   (00:00.000 / 02:06.181, 589Mb)
Load /work/output/assets/js/window-hash.js                                                           (00:00.000 / 02:06.181, 589Mb)
Load /work/output/assets/js/clipboard.min.js                                                         (00:00.000 / 02:06.181, 589Mb)
Load /work/output/assets/js/tabs.js                                                                  (00:00.000 / 02:06.181, 589Mb)
Load /work/output/assets/js/jquery-3.7.0.min.map                                                     (00:00.000 / 02:06.182, 589Mb)
Load /work/output/assets/js/mermaid-init.js                                                          (00:00.000 / 02:06.182, 589Mb)
Load /work/output/assets/js/bootstrap.min.js                                                         (00:00.000 / 02:06.182, 589Mb)
Load /work/output/assets/js/fhir-table-scripts.js                                                    (00:00.000 / 02:06.182, 589Mb)
Load /work/output/assets/js/anchor.min.js                                                            (00:00.000 / 02:06.183, 589Mb)
Load /work/output/assets/js/topofpage.js                                                             (00:00.000 / 02:06.183, 589Mb)
Load /work/output/assets/js/fhir.js                                                                  (00:00.000 / 02:06.183, 589Mb)
Load /work/output/assets/js/readme.txt                                                               (00:00.000 / 02:06.183, 589Mb)
Load /work/output/assets/js/lang-redirects.js                                                        (00:00.000 / 02:06.183, 589Mb)
Load /work/output/assets/js/direction-management.js                                                  (00:00.000 / 02:06.184, 589Mb)
Load /work/output/assets/js/anchor-hover.js                                                          (00:00.000 / 02:06.184, 589Mb)
Load /work/output/assets/js/jquery.js                                                                (00:00.000 / 02:06.184, 589Mb)
Load /work/output/assets/fonts/OpenSans-CondBold-webfont.svg                                         (00:00.000 / 02:06.184, 589Mb)
Load /work/output/assets/fonts/glyphiconshalflings-regular.otf                                       (00:00.013 / 02:06.198, 615Mb)
Load /work/output/assets/fonts/OpenSans-CondLight-webfont.eot                                        (00:00.000 / 02:06.198, 615Mb)
Load /work/output/assets/fonts/glyphiconshalflings-regular.eot                                       (00:00.000 / 02:06.199, 615Mb)
Load /work/output/assets/fonts/OpenSans-CondLight-webfont.ttf                                        (00:00.000 / 02:06.199, 615Mb)
Load /work/output/assets/fonts/glyphiconshalflings-regular.ttf                                       (00:00.000 / 02:06.199, 615Mb)
Load /work/output/assets/fonts/OpenSans-CondLight-webfont.woff                                       (00:00.000 / 02:06.199, 615Mb)
Load /work/output/assets/fonts/glyphiconshalflings-regular.woff                                      (00:00.000 / 02:06.200, 615Mb)
Load /work/output/assets/fonts/OpenSans-CondBold-webfont.ttf                                         (00:00.000 / 02:06.200, 615Mb)
Load /work/output/assets/fonts/OpenSans-CondBold-webfont.woff                                        (00:00.000 / 02:06.200, 615Mb)
Load /work/output/assets/fonts/OpenSans-CondLight-webfont.svg                                        (00:00.000 / 02:06.201, 615Mb)
Load /work/output/assets/fonts/glyphiconshalflings-regular.svg                                       (00:00.016 / 02:06.217, 645Mb)
Load /work/output/assets/fonts/OpenSans-CondBold-webfont.eot                                         (00:00.007 / 02:06.225, 655Mb)
Load /work/output/assets/ico/icon-fhir-114.png                                                       (00:00.000 / 02:06.225, 655Mb)
Load /work/output/assets/ico/icon-fhir-72.png                                                        (00:00.000 / 02:06.225, 655Mb)
Load /work/output/assets/ico/icon-fhir-144.png                                                       (00:00.000 / 02:06.226, 655Mb)
Load /work/output/assets/ico/favicon.png                                                             (00:00.000 / 02:06.226, 655Mb)
Load /work/output/assets/ico/noun_copy to clipboard_1669410.png                                      (00:00.000 / 02:06.226, 655Mb)
Load /work/output/assets/ico/icon-fhir-57.png                                                        (00:00.000 / 02:06.227, 655Mb)
Load /work/output/tbl_bck101110.png                                                                  (00:00.000 / 02:06.227, 655Mb)
Load /work/output/Provenance-55219d12-6245-4de4-8b50-ddf6f16a789b.xml                                (00:00.000 / 02:06.227, 655Mb)
Load /work/output/CodeSystem-mii-cs-consent-version-modules.change.history.html                      (00:00.000 / 02:06.228, 657Mb)
Load /work/output/tbl_bck05152.png                                                                   (00:00.000 / 02:06.229, 657Mb)
Load /work/output/tbl_bck111101.png                                                                  (00:00.000 / 02:06.229, 657Mb)
Load /work/output/tbl_bck0320.png                                                                    (00:00.000 / 02:06.230, 657Mb)
Load /work/output/icon-fhir-24.png                                                                   (00:00.000 / 02:06.230, 657Mb)
Load /work/output/StructureDefinition-e0e166b4-0f77-478d-9062-de0034d98ce0.profile.xml.html          (00:00.000 / 02:06.230, 657Mb)
Load /work/output/tbl_bck1252400.png                                                                 (00:00.000 / 02:06.231, 657Mb)
Load /work/output/tbl_bck01240.png                                                                   (00:00.000 / 02:06.232, 657Mb)
Load /work/output/icon-q-string.png                                                                  (00:00.000 / 02:06.232, 657Mb)
Load /work/output/tbl_bck0240.png                                                                    (00:00.000 / 02:06.233, 657Mb)
Load /work/output/SearchParameter-MII-SP-Consent-ProvisionType.json                                  (00:00.000 / 02:06.233, 657Mb)
.Load /work/output/tbl_bck0000000.png                                                                 (00:00.000 / 02:06.233, 657Mb)
Load /work/output/CodeSystem-2.16.840.1.113883.3.1937.777.24.5.3--20251211153003.json.html           (00:00.000 / 02:06.234, 657Mb)
Load /work/output/tbl_bck00001110000.png                                                             (00:00.000 / 02:06.234, 657Mb)
Load /work/output/tbl_bck000011111110.png                                                            (00:00.000 / 02:06.235, 657Mb)
Load /work/output/CodeSystem-mii-cs-consent-version-modules.json                                     (00:00.000 / 02:06.235, 657Mb)
Load /work/output/expansions.xml.zip                                                                 (00:00.000 / 02:06.235, 657Mb)
Load /work/output/tbl_bck04.png                                                                      (00:00.000 / 02:06.235, 657Mb)
Load /work/output/tbl_bck00001111.png                                                                (00:00.000 / 02:06.236, 657Mb)
Load /work/output/tbl_bck10.png                                                                      (00:00.000 / 02:06.236, 657Mb)
Load /work/output/SearchParameter-MII-SP-Consent-ProvisionCodeType.change.history.html               (00:00.000 / 02:06.236, 657Mb)
Load /work/output/tbl_bck125110.png                                                                  (00:00.000 / 02:06.237, 657Mb)
Load /work/output/tbl_bck11.png                                                                      (00:00.000 / 02:06.237, 657Mb)
Load /work/output/tbl_bck05.png                                                                      (00:00.000 / 02:06.238, 657Mb)
Load /work/output/tbl_bck00001110.png                                                                (00:00.000 / 02:06.238, 657Mb)
Load /work/output/tbl_bck0010010.png                                                                 (00:00.000 / 02:06.238, 657Mb)
Load /work/output/tbl_bck0110010.png                                                                 (00:00.000 / 02:06.238, 657Mb)
Load /work/output/tbl_vline.png                                                                      (00:00.000 / 02:06.239, 657Mb)
Load /work/output/tbl_bck11250.png                                                                   (00:00.000 / 02:06.239, 657Mb)
Load /work/output/Consent-5143266b-8d60-4b28-8ee9-635140ffa5bb.xml.html                              (00:00.000 / 02:06.239, 657Mb)
Load /work/output/excels.zip                                                                         (00:00.000 / 02:06.240, 657Mb)
Load /work/output/tbl_bck0241.png                                                                    (00:00.000 / 02:06.240, 657Mb)
Load /work/output/all-profiles.xlsx                                                                  (00:00.000 / 02:06.241, 657Mb)
Load /work/output/icon_slice_item.png                                                                (00:00.000 / 02:06.241, 657Mb)
Load /work/output/expansions.json.zip                                                                (00:00.000 / 02:06.241, 657Mb)
Load /work/output/CodeSystem-2.16.840.1.113883.3.1937.777.24.5.2--20210423105554.change.history.html (00:00.000 / 02:06.242, 657Mb)
Load /work/output/tbl_bck111100.png                                                                  (00:00.000 / 02:06.242, 657Mb)
Load /work/output/ValueSet-2.16.840.1.113883.3.1937.777.24.11.36--20230331232804.change.history.html (00:00.000 / 02:06.242, 657Mb)
Load /work/output/tbl_bck011100.png                                                                  (00:00.000 / 02:06.243, 657Mb)
Load /work/output/icon_page_n_p.gif                                                                  (00:00.000 / 02:06.243, 657Mb)
Load /work/output/tbl_vjoin_end.png                                                                  (00:00.000 / 02:06.244, 657Mb)
Load /work/output/tbl_bck101111.png                                                                  (00:00.000 / 02:06.244, 657Mb)
Load /work/output/Parameters-mii-param-consent-manifest.xml.html                                     (00:00.000 / 02:06.244, 657Mb)
Load /work/output/tbl_bck02400.png                                                                   (00:00.000 / 02:06.245, 657Mb)
Load /work/output/terminology.html                                                                   (00:00.000 / 02:06.245, 657Mb)
Load /work/output/tbl_bck10010.png                                                                   (00:00.000 / 02:06.246, 657Mb)
Load /work/output/tbl_bck15140.png                                                                   (00:00.000 / 02:06.246, 657Mb)
Load /work/output/icon_resource.png                                                                  (00:00.000 / 02:06.247, 657Mb)
Load /work/output/StructureDefinition-56375452-bfa1-4111-af7c-5b5ba9a1857c.profile.xml.html          (00:00.000 / 02:06.247, 657Mb)
Load /work/output/profiles-and-extensions.html                                                       (00:00.000 / 02:06.248, 659Mb)
Load /work/output/tbl_bck00001.png                                                                   (00:00.000 / 02:06.249, 659Mb)
Load /work/output/CodeSystem-2.16.840.1.113883.3.1937.777.24.5.3--20251211153003.json                (00:00.000 / 02:06.249, 659Mb)
Load /work/output/tbl_bck15424.png                                                                   (00:00.000 / 02:06.249, 659Mb)
Load /work/output/tbl_bck1001.png                                                                    (00:00.000 / 02:06.250, 659Mb)
Load /work/output/icon_modifier_extension_complex.png                                                (00:00.000 / 02:06.250, 659Mb)
Load /work/output/tbl_bck000.png                                                                     (00:00.000 / 02:06.250, 659Mb)
Load /work/output/information-model_UML-Diagramm_MII-spez.png                                        (00:00.000 / 02:06.251, 659Mb)
Load /work/output/StructureDefinition-f675b1e8-9f3f-44e8-bb59-9681f78eb464.json                      (00:00.000 / 02:06.251, 659Mb)
Load /work/output/SearchParameter-MII-SP-Consent-ProvisionCode.html                                  (00:00.000 / 02:06.251, 659Mb)
Load /work/output/SearchParameter-MII-SP-Consent-ProvisionCode.json.html                             (00:00.000 / 02:06.252, 659Mb)
Load /work/output/tbl_bck11252.png                                                                   (00:00.000 / 02:06.253, 659Mb)
Load /work/output/ValueSet-2.16.840.1.113883.3.1937.777.24.11.30--20210323234509.change.history.html (00:00.000 / 02:06.253, 659Mb)
Load /work/output/tbl_bck13.png                                                                      (00:00.000 / 02:06.254, 659Mb)
Load /work/output/StructureDefinition-f675b1e8-9f3f-44e8-bb59-9681f78eb464-examples.html             (00:00.000 / 02:06.254, 659Mb)
Load /work/output/tbl_blank.png                                                                      (00:00.000 / 02:06.254, 659Mb)
Load /work/output/package.r4b.manifest.json                                                          (00:00.000 / 02:06.255, 659Mb)
Load /work/output/tbl_bck1410.png                                                                    (00:00.000 / 02:06.255, 659Mb)
Load /work/output/tbl_bck12.png                                                                      (00:00.000 / 02:06.255, 659Mb)
Load /work/output/icon-q-time.png                                                                    (00:00.000 / 02:06.255, 659Mb)
.Load /work/output/tbl_bck01111001.png                                                                (00:00.000 / 02:06.256, 659Mb)
Load /work/output/icon-qi-horizontal.png                                                             (00:00.000 / 02:06.256, 659Mb)
Load /work/output/tbl_bck015.png                                                                     (00:00.000 / 02:06.256, 659Mb)
Load /work/output/tbl_bck001.png                                                                     (00:00.000 / 02:06.257, 659Mb)
Load /work/output/fhir.css                                                                           (00:00.000 / 02:06.257, 659Mb)
Load /work/output/valueset-ref-list.csv                                                              (00:00.000 / 02:06.257, 659Mb)
Load /work/output/Consent-5143266b-8d60-4b28-8ee9-635140ffa5bb.html                                  (00:00.000 / 02:06.257, 659Mb)
Load /work/output/tbl_vline_slicer.png                                                               (00:00.000 / 02:06.258, 659Mb)
Load /work/output/csvs.zip                                                                           (00:00.000 / 02:06.258, 659Mb)
Load /work/output/Provenance-55219d12-6245-4de4-8b50-ddf6f16a789b.json.html                          (00:00.000 / 02:06.258, 659Mb)
Load /work/output/tbl_bck1000.png                                                                    (00:00.000 / 02:06.259, 659Mb)
Load /work/output/icon-fhir-32.png                                                                   (00:00.000 / 02:06.259, 659Mb)
Load /work/output/sub-package-list.json                                                              (00:00.000 / 02:06.260, 659Mb)
Load /work/output/tbl_bck05150.png                                                                   (00:00.000 / 02:06.260, 659Mb)
Load /work/output/icon_q_item.png                                                                    (00:00.000 / 02:06.260, 659Mb)
Load /work/output/tbl_bck00000.png                                                                   (00:00.000 / 02:06.261, 659Mb)
Load /work/output/tbl_bck12410.png                                                                   (00:00.000 / 02:06.261, 659Mb)
Load /work/output/tbl_bck001112.png                                                                  (00:00.000 / 02:06.261, 659Mb)
Load /work/output/observations-summary.xlsx                                                          (00:00.000 / 02:06.261, 659Mb)
Load /work/output/tbl_bck10011.png                                                                   (00:00.000 / 02:06.261, 659Mb)

Checking Resources                                                                                   (00:00.000 / 02:06.262, 659Mb)
Checking Files                                                                                       (00:00.061 / 02:06.324, 675Mb)
Check /work/output/CodeSystem-2.16.840.1.113883.3.1937.777.24.5.2--20210423105554-testing.html       (00:00.001 / 02:06.325, 675Mb)
Check /work/output/CodeSystem-2.16.840.1.113883.3.1937.777.24.5.2--20210423105554.change.history.html (00:00.010 / 02:06.336, 675Mb)
Check /work/output/CodeSystem-2.16.840.1.113883.3.1937.777.24.5.2--20210423105554.html               (00:00.000 / 02:06.336, 675Mb)
Check /work/output/CodeSystem-2.16.840.1.113883.3.1937.777.24.5.2--20210423105554.json               (00:00.000 / 02:06.337, 675Mb)
Check /work/output/CodeSystem-2.16.840.1.113883.3.1937.777.24.5.2--20210423105554.json.html          (00:00.000 / 02:06.337, 675Mb)
Check /work/output/CodeSystem-2.16.840.1.113883.3.1937.777.24.5.2--20210423105554.xlsx               (00:00.000 / 02:06.338, 675Mb)
Check /work/output/CodeSystem-2.16.840.1.113883.3.1937.777.24.5.2--20210423105554.xml                (00:00.000 / 02:06.338, 675Mb)
Check /work/output/CodeSystem-2.16.840.1.113883.3.1937.777.24.5.2--20210423105554.xml.html           (00:00.000 / 02:06.339, 677Mb)
Check /work/output/CodeSystem-2.16.840.1.113883.3.1937.777.24.5.3--20251211153003-testing.html       (00:00.000 / 02:06.339, 677Mb)
Check /work/output/CodeSystem-2.16.840.1.113883.3.1937.777.24.5.3--20251211153003.change.history.html (00:00.000 / 02:06.340, 677Mb)
Check /work/output/CodeSystem-2.16.840.1.113883.3.1937.777.24.5.3--20251211153003.html               (00:00.000 / 02:06.340, 677Mb)
Check /work/output/CodeSystem-2.16.840.1.113883.3.1937.777.24.5.3--20251211153003.json               (00:00.000 / 02:06.341, 677Mb)
Check /work/output/CodeSystem-2.16.840.1.113883.3.1937.777.24.5.3--20251211153003.json.html          (00:00.000 / 02:06.342, 677Mb)
Check /work/output/CodeSystem-2.16.840.1.113883.3.1937.777.24.5.3--20251211153003.xlsx               (00:00.000 / 02:06.343, 677Mb)
Check /work/output/CodeSystem-2.16.840.1.113883.3.1937.777.24.5.3--20251211153003.xml                (00:00.000 / 02:06.343, 677Mb)
Check /work/output/CodeSystem-2.16.840.1.113883.3.1937.777.24.5.3--20251211153003.xml.html           (00:00.000 / 02:06.344, 677Mb)
Check /work/output/CodeSystem-mii-cs-consent-version-modules-testing.html                            (00:00.000 / 02:06.344, 677Mb)
Check /work/output/CodeSystem-mii-cs-consent-version-modules.change.history.html                     (00:00.000 / 02:06.345, 677Mb)
Check /work/output/CodeSystem-mii-cs-consent-version-modules.html                                    (00:00.000 / 02:06.345, 677Mb)
Check /work/output/CodeSystem-mii-cs-consent-version-modules.json                                    (00:00.000 / 02:06.346, 677Mb)
Check /work/output/CodeSystem-mii-cs-consent-version-modules.json.html                               (00:00.000 / 02:06.346, 679Mb)
Check /work/output/CodeSystem-mii-cs-consent-version-modules.xlsx                                    (00:00.000 / 02:06.347, 679Mb)
Check /work/output/CodeSystem-mii-cs-consent-version-modules.xml                                     (00:00.000 / 02:06.347, 679Mb)
Check /work/output/CodeSystem-mii-cs-consent-version-modules.xml.html                                (00:00.000 / 02:06.347, 679Mb)
Check /work/output/Consent-34150a23-b1c8-404f-874f-e042a30435d2.change.history.html                  (00:00.001 / 02:06.349, 679Mb)
Check /work/output/Consent-34150a23-b1c8-404f-874f-e042a30435d2.html                                 (00:00.000 / 02:06.349, 679Mb)
Check /work/output/Consent-34150a23-b1c8-404f-874f-e042a30435d2.json                                 (00:00.000 / 02:06.350, 679Mb)
Check /work/output/Consent-34150a23-b1c8-404f-874f-e042a30435d2.json.html                            (00:00.000 / 02:06.351, 679Mb)
Check /work/output/Consent-34150a23-b1c8-404f-874f-e042a30435d2.xml                                  (00:00.000 / 02:06.351, 679Mb)
Check /work/output/Consent-34150a23-b1c8-404f-874f-e042a30435d2.xml.html                             (00:00.000 / 02:06.352, 679Mb)
Check /work/output/Consent-5143266b-8d60-4b28-8ee9-635140ffa5bb.change.history.html                  (00:00.000 / 02:06.352, 679Mb)
Check /work/output/Consent-5143266b-8d60-4b28-8ee9-635140ffa5bb.html                                 (00:00.000 / 02:06.353, 679Mb)
Check /work/output/Consent-5143266b-8d60-4b28-8ee9-635140ffa5bb.json                                 (00:00.000 / 02:06.353, 679Mb)
Check /work/output/Consent-5143266b-8d60-4b28-8ee9-635140ffa5bb.json.html                            (00:00.000 / 02:06.354, 679Mb)
Check /work/output/Consent-5143266b-8d60-4b28-8ee9-635140ffa5bb.xml                                  (00:00.000 / 02:06.355, 679Mb)
Check /work/output/Consent-5143266b-8d60-4b28-8ee9-635140ffa5bb.xml.html                             (00:00.000 / 02:06.355, 681Mb)
Check /work/output/Consent-Example-MII-Consent-ResultType-document.change.history.html               (00:00.000 / 02:06.356, 681Mb)
Check /work/output/Consent-Example-MII-Consent-ResultType-document.html                              (00:00.000 / 02:06.357, 681Mb)
Check /work/output/Consent-Example-MII-Consent-ResultType-document.json                              (00:00.000 / 02:06.358, 681Mb)
Check /work/output/Consent-Example-MII-Consent-ResultType-document.json.html                         (00:00.000 / 02:06.358, 681Mb)
Check /work/output/Consent-Example-MII-Consent-ResultType-document.xml                               (00:00.000 / 02:06.359, 681Mb)
Check /work/output/Consent-Example-MII-Consent-ResultType-document.xml.html                          (00:00.000 / 02:06.359, 681Mb)
Check /work/output/DocumentReference-8a3d1799-2463-405e-b49c-6a16c8692b01.change.history.html        (00:00.000 / 02:06.360, 681Mb)
Check /work/output/DocumentReference-8a3d1799-2463-405e-b49c-6a16c8692b01.html                       (00:00.000 / 02:06.360, 681Mb)
Check /work/output/DocumentReference-8a3d1799-2463-405e-b49c-6a16c8692b01.json                       (00:00.000 / 02:06.361, 681Mb)
Check /work/output/DocumentReference-8a3d1799-2463-405e-b49c-6a16c8692b01.json.html                  (00:00.000 / 02:06.361, 681Mb)
Check /work/output/DocumentReference-8a3d1799-2463-405e-b49c-6a16c8692b01.xml                        (00:00.000 / 02:06.362, 681Mb)
Check /work/output/DocumentReference-8a3d1799-2463-405e-b49c-6a16c8692b01.xml.html                   (00:00.000 / 02:06.362, 681Mb)
Check /work/output/ImplementationGuide-mii-ig-consent.json                                           (00:00.000 / 02:06.363, 681Mb)
Check /work/output/ImplementationGuide-mii-ig-consent.xml                                            (00:00.001 / 02:06.364, 681Mb)
Check /work/output/MII-KDS_de_Consent.jpg                                                            (00:00.000 / 02:06.365, 681Mb)
Check /work/output/MII-KDS_en_Consent.jpg                                                            (00:00.001 / 02:06.366, 681Mb)
Check /work/output/Parameters-mii-param-consent-manifest.change.history.html                         (00:00.001 / 02:06.367, 682Mb)
Check /work/output/Parameters-mii-param-consent-manifest.html                                        (00:00.000 / 02:06.368, 683Mb)
Check /work/output/Parameters-mii-param-consent-manifest.json                                        (00:00.000 / 02:06.369, 683Mb)
Check /work/output/Parameters-mii-param-consent-manifest.json.html                                   (00:00.000 / 02:06.369, 683Mb)
Check /work/output/Parameters-mii-param-consent-manifest.xml                                         (00:00.000 / 02:06.369, 683Mb)
Check /work/output/Parameters-mii-param-consent-manifest.xml.html                                    (00:00.000 / 02:06.370, 683Mb)
Check /work/output/Provenance-55219d12-6245-4de4-8b50-ddf6f16a789b.change.history.html               (00:00.000 / 02:06.370, 683Mb)
.Check /work/output/Provenance-55219d12-6245-4de4-8b50-ddf6f16a789b.html                              (00:00.000 / 02:06.371, 683Mb)
Check /work/output/Provenance-55219d12-6245-4de4-8b50-ddf6f16a789b.json                              (00:00.000 / 02:06.371, 683Mb)
Check /work/output/Provenance-55219d12-6245-4de4-8b50-ddf6f16a789b.json.html                         (00:00.000 / 02:06.371, 683Mb)
Check /work/output/Provenance-55219d12-6245-4de4-8b50-ddf6f16a789b.xml                               (00:00.000 / 02:06.372, 683Mb)
Check /work/output/Provenance-55219d12-6245-4de4-8b50-ddf6f16a789b.xml.html                          (00:00.000 / 02:06.372, 683Mb)
Check /work/output/SearchParameter-MII-SP-Consent-PolicyUri-testing.html                             (00:00.000 / 02:06.373, 683Mb)
Check /work/output/SearchParameter-MII-SP-Consent-PolicyUri.change.history.html                      (00:00.000 / 02:06.373, 683Mb)
Check /work/output/SearchParameter-MII-SP-Consent-PolicyUri.html                                     (00:00.000 / 02:06.374, 685Mb)
Check /work/output/SearchParameter-MII-SP-Consent-PolicyUri.json                                     (00:00.000 / 02:06.374, 685Mb)
Check /work/output/SearchParameter-MII-SP-Consent-PolicyUri.json.html                                (00:00.000 / 02:06.375, 685Mb)
Check /work/output/SearchParameter-MII-SP-Consent-PolicyUri.xml                                      (00:00.000 / 02:06.375, 685Mb)
Check /work/output/SearchParameter-MII-SP-Consent-PolicyUri.xml.html                                 (00:00.000 / 02:06.376, 685Mb)
Check /work/output/SearchParameter-MII-SP-Consent-ProvisionCode-testing.html                         (00:00.000 / 02:06.376, 685Mb)
Check /work/output/SearchParameter-MII-SP-Consent-ProvisionCode.change.history.html                  (00:00.000 / 02:06.377, 685Mb)
Check /work/output/SearchParameter-MII-SP-Consent-ProvisionCode.html                                 (00:00.000 / 02:06.377, 685Mb)
Check /work/output/SearchParameter-MII-SP-Consent-ProvisionCode.json                                 (00:00.000 / 02:06.377, 685Mb)
Check /work/output/SearchParameter-MII-SP-Consent-ProvisionCode.json.html                            (00:00.000 / 02:06.378, 685Mb)
Check /work/output/SearchParameter-MII-SP-Consent-ProvisionCode.xml                                  (00:00.000 / 02:06.378, 685Mb)
Check /work/output/SearchParameter-MII-SP-Consent-ProvisionCode.xml.html                             (00:00.000 / 02:06.378, 685Mb)
Check /work/output/SearchParameter-MII-SP-Consent-ProvisionCodePeriod-testing.html                   (00:00.000 / 02:06.379, 685Mb)
Check /work/output/SearchParameter-MII-SP-Consent-ProvisionCodePeriod.change.history.html            (00:00.000 / 02:06.379, 685Mb)
Check /work/output/SearchParameter-MII-SP-Consent-ProvisionCodePeriod.html                           (00:00.000 / 02:06.380, 685Mb)
Check /work/output/SearchParameter-MII-SP-Consent-ProvisionCodePeriod.json                           (00:00.000 / 02:06.380, 685Mb)
Check /work/output/SearchParameter-MII-SP-Consent-ProvisionCodePeriod.json.html                      (00:00.000 / 02:06.381, 685Mb)
Check /work/output/SearchParameter-MII-SP-Consent-ProvisionCodePeriod.xml                            (00:00.000 / 02:06.381, 685Mb)
Check /work/output/SearchParameter-MII-SP-Consent-ProvisionCodePeriod.xml.html                       (00:00.000 / 02:06.381, 685Mb)
Check /work/output/SearchParameter-MII-SP-Consent-ProvisionCodeType-testing.html                     (00:00.000 / 02:06.382, 685Mb)
Check /work/output/SearchParameter-MII-SP-Consent-ProvisionCodeType.change.history.html              (00:00.000 / 02:06.383, 687Mb)
Check /work/output/SearchParameter-MII-SP-Consent-ProvisionCodeType.html                             (00:00.000 / 02:06.383, 687Mb)
Check /work/output/SearchParameter-MII-SP-Consent-ProvisionCodeType.json                             (00:00.000 / 02:06.384, 687Mb)
Check /work/output/SearchParameter-MII-SP-Consent-ProvisionCodeType.json.html                        (00:00.000 / 02:06.384, 687Mb)
Check /work/output/SearchParameter-MII-SP-Consent-ProvisionCodeType.xml                              (00:00.000 / 02:06.385, 687Mb)
Check /work/output/SearchParameter-MII-SP-Consent-ProvisionCodeType.xml.html                         (00:00.000 / 02:06.385, 687Mb)
Check /work/output/SearchParameter-MII-SP-Consent-ProvisionPeriod-testing.html                       (00:00.000 / 02:06.386, 687Mb)
Check /work/output/SearchParameter-MII-SP-Consent-ProvisionPeriod.change.history.html                (00:00.000 / 02:06.386, 687Mb)
Check /work/output/SearchParameter-MII-SP-Consent-ProvisionPeriod.html                               (00:00.000 / 02:06.387, 687Mb)
Check /work/output/SearchParameter-MII-SP-Consent-ProvisionPeriod.json                               (00:00.000 / 02:06.387, 687Mb)
Check /work/output/SearchParameter-MII-SP-Consent-ProvisionPeriod.json.html                          (00:00.000 / 02:06.388, 687Mb)
Check /work/output/SearchParameter-MII-SP-Consent-ProvisionPeriod.xml                                (00:00.000 / 02:06.388, 687Mb)
Check /work/output/SearchParameter-MII-SP-Consent-ProvisionPeriod.xml.html                           (00:00.000 / 02:06.388, 687Mb)
Check /work/output/SearchParameter-MII-SP-Consent-ProvisionType-testing.html                         (00:00.000 / 02:06.389, 687Mb)
Check /work/output/SearchParameter-MII-SP-Consent-ProvisionType.change.history.html                  (00:00.000 / 02:06.390, 687Mb)
Check /work/output/SearchParameter-MII-SP-Consent-ProvisionType.html                                 (00:00.000 / 02:06.390, 687Mb)
Check /work/output/SearchParameter-MII-SP-Consent-ProvisionType.json                                 (00:00.000 / 02:06.391, 687Mb)
Check /work/output/SearchParameter-MII-SP-Consent-ProvisionType.json.html                            (00:00.000 / 02:06.391, 687Mb)
Check /work/output/SearchParameter-MII-SP-Consent-ProvisionType.xml                                  (00:00.000 / 02:06.392, 687Mb)
Check /work/output/SearchParameter-MII-SP-Consent-ProvisionType.xml.html                             (00:00.000 / 02:06.392, 687Mb)
Check /work/output/StructureDefinition-56375452-bfa1-4111-af7c-5b5ba9a1857c-definitions.html         (00:00.000 / 02:06.393, 687Mb)
Check /work/output/StructureDefinition-56375452-bfa1-4111-af7c-5b5ba9a1857c-examples.html            (00:00.000 / 02:06.394, 689Mb)
Check /work/output/StructureDefinition-56375452-bfa1-4111-af7c-5b5ba9a1857c-intro.md                 (00:00.000 / 02:06.395, 689Mb)
Check /work/output/StructureDefinition-56375452-bfa1-4111-af7c-5b5ba9a1857c-mappings.html            (00:00.000 / 02:06.395, 689Mb)
Check /work/output/StructureDefinition-56375452-bfa1-4111-af7c-5b5ba9a1857c-notes.md                 (00:00.000 / 02:06.395, 689Mb)
Check /work/output/StructureDefinition-56375452-bfa1-4111-af7c-5b5ba9a1857c-testing.html             (00:00.000 / 02:06.396, 689Mb)
Check /work/output/StructureDefinition-56375452-bfa1-4111-af7c-5b5ba9a1857c.csv                      (00:00.000 / 02:06.396, 689Mb)
Check /work/output/StructureDefinition-56375452-bfa1-4111-af7c-5b5ba9a1857c.html                     (00:00.000 / 02:06.396, 689Mb)
Check /work/output/StructureDefinition-56375452-bfa1-4111-af7c-5b5ba9a1857c.json                     (00:00.000 / 02:06.397, 689Mb)
Check /work/output/StructureDefinition-56375452-bfa1-4111-af7c-5b5ba9a1857c.profile.history.html     (00:00.000 / 02:06.398, 689Mb)
Check /work/output/StructureDefinition-56375452-bfa1-4111-af7c-5b5ba9a1857c.profile.json.html        (00:00.000 / 02:06.398, 689Mb)
.Check /work/output/StructureDefinition-56375452-bfa1-4111-af7c-5b5ba9a1857c.profile.xml.html         (00:00.000 / 02:06.399, 689Mb)
Check /work/output/StructureDefinition-56375452-bfa1-4111-af7c-5b5ba9a1857c.sch                      (00:00.000 / 02:06.399, 689Mb)
Check /work/output/StructureDefinition-56375452-bfa1-4111-af7c-5b5ba9a1857c.xlsx                     (00:00.000 / 02:06.399, 689Mb)
Check /work/output/StructureDefinition-56375452-bfa1-4111-af7c-5b5ba9a1857c.xml                      (00:00.000 / 02:06.400, 689Mb)
Check /work/output/StructureDefinition-e0e166b4-0f77-478d-9062-de0034d98ce0-definitions.html         (00:00.000 / 02:06.400, 689Mb)
Check /work/output/StructureDefinition-e0e166b4-0f77-478d-9062-de0034d98ce0-examples.html            (00:00.000 / 02:06.401, 689Mb)
Check /work/output/StructureDefinition-e0e166b4-0f77-478d-9062-de0034d98ce0-intro.md                 (00:00.000 / 02:06.401, 691Mb)
Check /work/output/StructureDefinition-e0e166b4-0f77-478d-9062-de0034d98ce0-mappings.html            (00:00.000 / 02:06.402, 691Mb)
Check /work/output/StructureDefinition-e0e166b4-0f77-478d-9062-de0034d98ce0-notes.md                 (00:00.000 / 02:06.402, 691Mb)
Check /work/output/StructureDefinition-e0e166b4-0f77-478d-9062-de0034d98ce0-testing.html             (00:00.000 / 02:06.402, 691Mb)
Check /work/output/StructureDefinition-e0e166b4-0f77-478d-9062-de0034d98ce0.csv                      (00:00.000 / 02:06.403, 691Mb)
Check /work/output/StructureDefinition-e0e166b4-0f77-478d-9062-de0034d98ce0.html                     (00:00.000 / 02:06.403, 691Mb)
Check /work/output/StructureDefinition-e0e166b4-0f77-478d-9062-de0034d98ce0.json                     (00:00.000 / 02:06.404, 691Mb)
Check /work/output/StructureDefinition-e0e166b4-0f77-478d-9062-de0034d98ce0.profile.history.html     (00:00.002 / 02:06.407, 694Mb)
Check /work/output/StructureDefinition-e0e166b4-0f77-478d-9062-de0034d98ce0.profile.json.html        (00:00.000 / 02:06.407, 694Mb)
Check /work/output/StructureDefinition-e0e166b4-0f77-478d-9062-de0034d98ce0.profile.xml.html         (00:00.000 / 02:06.408, 695Mb)
Check /work/output/StructureDefinition-e0e166b4-0f77-478d-9062-de0034d98ce0.sch                      (00:00.000 / 02:06.408, 695Mb)
Check /work/output/StructureDefinition-e0e166b4-0f77-478d-9062-de0034d98ce0.xlsx                     (00:00.000 / 02:06.409, 695Mb)
Check /work/output/StructureDefinition-e0e166b4-0f77-478d-9062-de0034d98ce0.xml                      (00:00.000 / 02:06.409, 695Mb)
Check /work/output/StructureDefinition-f675b1e8-9f3f-44e8-bb59-9681f78eb464-definitions.html         (00:00.002 / 02:06.411, 698Mb)
Check /work/output/StructureDefinition-f675b1e8-9f3f-44e8-bb59-9681f78eb464-examples.html            (00:00.000 / 02:06.412, 698Mb)
Check /work/output/StructureDefinition-f675b1e8-9f3f-44e8-bb59-9681f78eb464-intro.md                 (00:00.000 / 02:06.413, 699Mb)
Check /work/output/StructureDefinition-f675b1e8-9f3f-44e8-bb59-9681f78eb464-mappings.html            (00:00.000 / 02:06.413, 699Mb)
Check /work/output/StructureDefinition-f675b1e8-9f3f-44e8-bb59-9681f78eb464-notes.md                 (00:00.000 / 02:06.414, 699Mb)
Check /work/output/StructureDefinition-f675b1e8-9f3f-44e8-bb59-9681f78eb464-testing.html             (00:00.000 / 02:06.414, 699Mb)
Check /work/output/StructureDefinition-f675b1e8-9f3f-44e8-bb59-9681f78eb464.csv                      (00:00.000 / 02:06.415, 699Mb)
Check /work/output/StructureDefinition-f675b1e8-9f3f-44e8-bb59-9681f78eb464.html                     (00:00.000 / 02:06.415, 699Mb)
Check /work/output/StructureDefinition-f675b1e8-9f3f-44e8-bb59-9681f78eb464.json                     (00:00.000 / 02:06.416, 701Mb)
Check /work/output/StructureDefinition-f675b1e8-9f3f-44e8-bb59-9681f78eb464.profile.history.html     (00:00.001 / 02:06.417, 701Mb)
Check /work/output/StructureDefinition-f675b1e8-9f3f-44e8-bb59-9681f78eb464.profile.json.html        (00:00.000 / 02:06.417, 701Mb)
Check /work/output/StructureDefinition-f675b1e8-9f3f-44e8-bb59-9681f78eb464.profile.xml.html         (00:00.000 / 02:06.418, 701Mb)
Check /work/output/StructureDefinition-f675b1e8-9f3f-44e8-bb59-9681f78eb464.sch                      (00:00.000 / 02:06.419, 701Mb)
Check /work/output/StructureDefinition-f675b1e8-9f3f-44e8-bb59-9681f78eb464.xlsx                     (00:00.000 / 02:06.419, 701Mb)
Check /work/output/StructureDefinition-f675b1e8-9f3f-44e8-bb59-9681f78eb464.xml                      (00:00.000 / 02:06.420, 701Mb)
Check /work/output/ValueSet-2.16.840.1.113883.3.1937.777.24.11.30--20210323234509-testing.html       (00:00.000 / 02:06.421, 701Mb)
Check /work/output/ValueSet-2.16.840.1.113883.3.1937.777.24.11.30--20210323234509.change.history.html (00:00.000 / 02:06.421, 701Mb)
Check /work/output/ValueSet-2.16.840.1.113883.3.1937.777.24.11.30--20210323234509.html               (00:00.000 / 02:06.422, 701Mb)
Check /work/output/ValueSet-2.16.840.1.113883.3.1937.777.24.11.30--20210323234509.json               (00:00.000 / 02:06.422, 701Mb)
Check /work/output/ValueSet-2.16.840.1.113883.3.1937.777.24.11.30--20210323234509.json.html          (00:00.000 / 02:06.423, 701Mb)
Check /work/output/ValueSet-2.16.840.1.113883.3.1937.777.24.11.30--20210323234509.xlsx               (00:00.000 / 02:06.423, 701Mb)
Check /work/output/ValueSet-2.16.840.1.113883.3.1937.777.24.11.30--20210323234509.xml                (00:00.000 / 02:06.424, 701Mb)
Check /work/output/ValueSet-2.16.840.1.113883.3.1937.777.24.11.30--20210323234509.xml.html           (00:00.000 / 02:06.424, 703Mb)
Check /work/output/ValueSet-2.16.840.1.113883.3.1937.777.24.11.36--20230331232804-testing.html       (00:00.000 / 02:06.424, 703Mb)
Check /work/output/ValueSet-2.16.840.1.113883.3.1937.777.24.11.36--20230331232804.change.history.html (00:00.000 / 02:06.425, 703Mb)
Check /work/output/ValueSet-2.16.840.1.113883.3.1937.777.24.11.36--20230331232804.html               (00:00.000 / 02:06.426, 703Mb)
Check /work/output/ValueSet-2.16.840.1.113883.3.1937.777.24.11.36--20230331232804.json               (00:00.000 / 02:06.426, 703Mb)
Check /work/output/ValueSet-2.16.840.1.113883.3.1937.777.24.11.36--20230331232804.json.html          (00:00.000 / 02:06.426, 703Mb)
Check /work/output/ValueSet-2.16.840.1.113883.3.1937.777.24.11.36--20230331232804.xlsx               (00:00.000 / 02:06.427, 703Mb)
Check /work/output/ValueSet-2.16.840.1.113883.3.1937.777.24.11.36--20230331232804.xml                (00:00.000 / 02:06.428, 703Mb)
Check /work/output/ValueSet-2.16.840.1.113883.3.1937.777.24.11.36--20230331232804.xml.html           (00:00.000 / 02:06.428, 703Mb)
Check /work/output/ValueSet-88464c5b-5338-4c2b-9c07-b42fef2ada64-testing.html                        (00:00.000 / 02:06.429, 703Mb)
Check /work/output/ValueSet-88464c5b-5338-4c2b-9c07-b42fef2ada64.change.history.html                 (00:00.000 / 02:06.429, 703Mb)
Check /work/output/ValueSet-88464c5b-5338-4c2b-9c07-b42fef2ada64.html                                (00:00.000 / 02:06.430, 703Mb)
Check /work/output/ValueSet-88464c5b-5338-4c2b-9c07-b42fef2ada64.json                                (00:00.000 / 02:06.431, 703Mb)
Check /work/output/ValueSet-88464c5b-5338-4c2b-9c07-b42fef2ada64.json.html                           (00:00.000 / 02:06.431, 703Mb)
Check /work/output/ValueSet-88464c5b-5338-4c2b-9c07-b42fef2ada64.xlsx                                (00:00.000 / 02:06.431, 703Mb)
Check /work/output/ValueSet-88464c5b-5338-4c2b-9c07-b42fef2ada64.xml                                 (00:00.000 / 02:06.432, 703Mb)
Check /work/output/ValueSet-88464c5b-5338-4c2b-9c07-b42fef2ada64.xml.html                            (00:00.000 / 02:06.432, 703Mb)
.Check /work/output/alert.jpg                                                                         (00:00.000 / 02:06.433, 703Mb)
Check /work/output/all-profiles.csv                                                                  (00:00.000 / 02:06.433, 703Mb)
Check /work/output/all-profiles.xlsx                                                                 (00:00.001 / 02:06.434, 704Mb)
Check /work/output/artifacts.html                                                                    (00:00.000 / 02:06.435, 705Mb)
Check /work/output/assets/css/bootstrap-fhir.css                                                     (00:00.001 / 02:06.436, 707Mb)
Check /work/output/assets/css/bootstrap-glyphicons.css                                               (00:00.000 / 02:06.437, 707Mb)
Check /work/output/assets/css/cqf.css                                                                (00:00.000 / 02:06.438, 707Mb)
Check /work/output/assets/css/hl7.css                                                                (00:00.000 / 02:06.438, 707Mb)
Check /work/output/assets/css/jquery-ui.css                                                          (00:00.000 / 02:06.438, 707Mb)
Check /work/output/assets/css/jquery-ui.structure.min.css                                            (00:00.000 / 02:06.439, 707Mb)
Check /work/output/assets/css/jquery-ui.theme.min.css                                                (00:00.000 / 02:06.440, 707Mb)
Check /work/output/assets/css/mii.css                                                                (00:00.000 / 02:06.440, 707Mb)
Check /work/output/assets/css/prism-fhirpath.css                                                     (00:00.000 / 02:06.441, 707Mb)
Check /work/output/assets/css/prism.css                                                              (00:00.000 / 02:06.441, 707Mb)
Check /work/output/assets/css/project.css                                                            (00:00.000 / 02:06.442, 707Mb)
Check /work/output/assets/css/pygments-manni.css                                                     (00:00.000 / 02:06.442, 707Mb)
Check /work/output/assets/css/xml.css                                                                (00:00.000 / 02:06.443, 707Mb)
Check /work/output/assets/fonts/OpenSans-CondBold-webfont.eot                                        (00:00.000 / 02:06.443, 707Mb)
Check /work/output/assets/fonts/OpenSans-CondBold-webfont.svg                                        (00:00.000 / 02:06.444, 707Mb)
Check /work/output/assets/fonts/OpenSans-CondBold-webfont.ttf                                        (00:00.018 / 02:06.463, 723Mb)
Check /work/output/assets/fonts/OpenSans-CondBold-webfont.woff                                       (00:00.001 / 02:06.464, 723Mb)
Check /work/output/assets/fonts/OpenSans-CondLight-webfont.eot                                       (00:00.001 / 02:06.465, 723Mb)
Check /work/output/assets/fonts/OpenSans-CondLight-webfont.svg                                       (00:00.000 / 02:06.466, 723Mb)
Check /work/output/assets/fonts/OpenSans-CondLight-webfont.ttf                                       (00:00.024 / 02:06.490, 743Mb)
Check /work/output/assets/fonts/OpenSans-CondLight-webfont.woff                                      (00:00.001 / 02:06.492, 743Mb)
Check /work/output/assets/fonts/glyphiconshalflings-regular.eot                                      (00:00.000 / 02:06.493, 743Mb)
Check /work/output/assets/fonts/glyphiconshalflings-regular.otf                                      (00:00.000 / 02:06.494, 743Mb)
Check /work/output/assets/fonts/glyphiconshalflings-regular.svg                                      (00:00.001 / 02:06.495, 743Mb)
Check /work/output/assets/fonts/glyphiconshalflings-regular.ttf                                      (00:00.004 / 02:06.500, 749Mb)
Check /work/output/assets/fonts/glyphiconshalflings-regular.woff                                     (00:00.000 / 02:06.501, 749Mb)
Check /work/output/assets/ico/favicon.png                                                            (00:00.000 / 02:06.501, 749Mb)
Check /work/output/assets/ico/icon-fhir-114.png                                                      (00:00.000 / 02:06.502, 749Mb)
Check /work/output/assets/ico/icon-fhir-144.png                                                      (00:00.000 / 02:06.503, 749Mb)
Check /work/output/assets/ico/icon-fhir-57.png                                                       (00:00.000 / 02:06.503, 750Mb)
Check /work/output/assets/ico/icon-fhir-72.png                                                       (00:00.000 / 02:06.504, 751Mb)
Check /work/output/assets/ico/noun_copy to clipboard_1669410.png                                     (00:00.002 / 02:06.506, 751Mb)
Check /work/output/assets/images/001.svg                                                             (00:00.001 / 02:06.508, 751Mb)
Check /work/output/assets/images/deu.svg                                                             (00:00.005 / 02:06.513, 751Mb)
Check /work/output/assets/images/download.png                                                        (00:00.000 / 02:06.514, 751Mb)
Check /work/output/assets/images/dragon.png                                                          (00:00.001 / 02:06.515, 751Mb)
Check /work/output/assets/images/external.png                                                        (00:00.002 / 02:06.517, 752Mb)
Check /work/output/assets/images/fcp-logo.png                                                        (00:00.000 / 02:06.518, 752Mb)
Check /work/output/assets/images/fhir-logo-www.png                                                   (00:00.002 / 02:06.520, 753Mb)
Check /work/output/assets/images/hl7-logo-header.png                                                 (00:00.000 / 02:06.521, 755Mb)
Check /work/output/assets/images/icon_arrow_down.png                                                 (00:00.000 / 02:06.521, 755Mb)
Check /work/output/assets/images/icon_arrow_up.png                                                   (00:00.000 / 02:06.522, 755Mb)
Check /work/output/assets/images/lang-ar.png                                                         (00:00.000 / 02:06.523, 755Mb)
Check /work/output/assets/images/lang-de.png                                                         (00:00.000 / 02:06.523, 755Mb)
Check /work/output/assets/images/lang-en.png                                                         (00:00.000 / 02:06.524, 755Mb)
Check /work/output/assets/images/lang-es.png                                                         (00:00.000 / 02:06.525, 755Mb)
Check /work/output/assets/images/lang-fr.png                                                         (00:00.001 / 02:06.526, 755Mb)
Check /work/output/assets/images/lang-ja.png                                                         (00:00.000 / 02:06.527, 755Mb)
Check /work/output/assets/images/lang-kr.png                                                         (00:00.001 / 02:06.528, 755Mb)
Check /work/output/assets/images/lang-nl.png                                                         (00:00.000 / 02:06.529, 755Mb)
Check /work/output/assets/images/lang-pt.png                                                         (00:00.001 / 02:06.530, 755Mb)
Check /work/output/assets/images/lang-pt_BR.png                                                      (00:00.001 / 02:06.532, 755Mb)
Check /work/output/assets/images/lang-ru.png                                                         (00:00.000 / 02:06.532, 755Mb)
Check /work/output/assets/images/lang-zh-TW.png                                                      (00:00.000 / 02:06.533, 755Mb)
.Check /work/output/assets/images/lang-zh.png                                                         (00:00.000 / 02:06.534, 755Mb)
Check /work/output/assets/images/link.svg                                                            (00:00.000 / 02:06.535, 755Mb)
Check /work/output/assets/images/logo-de.svg                                                         (00:00.001 / 02:06.536, 755Mb)
Check /work/output/assets/images/logo-en.svg                                                         (00:00.004 / 02:06.541, 759Mb)
Check /work/output/assets/images/logo_ansinew.jpg                                                    (00:00.008 / 02:06.550, 769Mb)
Check /work/output/assets/images/search.png                                                          (00:00.001 / 02:06.551, 769Mb)
Check /work/output/assets/images/stripe.png                                                          (00:00.000 / 02:06.552, 769Mb)
Check /work/output/assets/images/target.png                                                          (00:00.000 / 02:06.552, 769Mb)
Check /work/output/assets/js/anchor-hover.js                                                         (00:00.000 / 02:06.553, 769Mb)
Check /work/output/assets/js/anchor.min.js                                                           (00:00.000 / 02:06.553, 769Mb)
Check /work/output/assets/js/bootstrap.min.js                                                        (00:00.000 / 02:06.554, 769Mb)
Check /work/output/assets/js/clipboard-btn.js                                                        (00:00.000 / 02:06.555, 769Mb)
Check /work/output/assets/js/clipboard.min.js                                                        (00:00.000 / 02:06.555, 769Mb)
Check /work/output/assets/js/direction-management.js                                                 (00:00.000 / 02:06.555, 769Mb)
Check /work/output/assets/js/fhir-table-scripts.js                                                   (00:00.000 / 02:06.556, 769Mb)
Check /work/output/assets/js/fhir.js                                                                 (00:00.000 / 02:06.556, 769Mb)
Check /work/output/assets/js/flags.js                                                                (00:00.000 / 02:06.556, 769Mb)
Check /work/output/assets/js/html5shiv.js                                                            (00:00.000 / 02:06.557, 769Mb)
Check /work/output/assets/js/jquery-3.7.0.min.map                                                    (00:00.000 / 02:06.557, 769Mb)
Check /work/output/assets/js/jquery-ui.min.js                                                        (00:00.000 / 02:06.558, 769Mb)
Check /work/output/assets/js/jquery.js                                                               (00:00.000 / 02:06.558, 769Mb)
Check /work/output/assets/js/lang-redirects.js                                                       (00:00.000 / 02:06.559, 769Mb)
Check /work/output/assets/js/mermaid-init.js                                                         (00:00.000 / 02:06.559, 769Mb)
Check /work/output/assets/js/mermaid.js                                                              (00:00.000 / 02:06.559, 769Mb)
Check /work/output/assets/js/prism-fhirpath.js                                                       (00:00.026 / 02:06.586, 385Mb)
Check /work/output/assets/js/prism.js                                                                (00:00.001 / 02:06.588, 385Mb)
Check /work/output/assets/js/readme.txt                                                              (00:00.003 / 02:06.592, 386Mb)
Check /work/output/assets/js/respond.min.js                                                          (00:00.000 / 02:06.592, 386Mb)
Check /work/output/assets/js/tabs.js                                                                 (00:00.000 / 02:06.592, 386Mb)
Check /work/output/assets/js/topofpage.js                                                            (00:00.000 / 02:06.593, 386Mb)
Check /work/output/assets/js/window-hash.js                                                          (00:00.000 / 02:06.593, 386Mb)
Check /work/output/assets/js/xml.js                                                                  (00:00.000 / 02:06.593, 386Mb)
Check /work/output/canonicals.json                                                                   (00:00.000 / 02:06.594, 386Mb)
Check /work/output/capability-statements.html                                                        (00:00.000 / 02:06.594, 386Mb)
Check /work/output/cc0.png                                                                           (00:00.000 / 02:06.595, 387Mb)
Check /work/output/changes.html                                                                      (00:00.000 / 02:06.596, 387Mb)
Check /work/output/codesystem-list.csv                                                               (00:00.000 / 02:06.596, 387Mb)
Check /work/output/codesystem-list.json                                                              (00:00.000 / 02:06.597, 387Mb)
Check /work/output/codesystem-ref-all-list.csv                                                       (00:00.000 / 02:06.597, 387Mb)
Check /work/output/codesystem-ref-all-list.json                                                      (00:00.000 / 02:06.597, 387Mb)
Check /work/output/codesystem-ref-list.csv                                                           (00:00.000 / 02:06.598, 387Mb)
Check /work/output/codesystem-ref-list.json                                                          (00:00.000 / 02:06.598, 387Mb)
Check /work/output/conformance.html                                                                  (00:00.000 / 02:06.598, 387Mb)
Check /work/output/csvs.zip                                                                          (00:00.000 / 02:06.599, 387Mb)
Check /work/output/datasets-and-descriptions.html                                                    (00:00.001 / 02:06.600, 387Mb)
Check /work/output/de.medizininformatikinitiative.kerndatensatz.consent.de.manifest.json             (00:00.000 / 02:06.601, 387Mb)
Check /work/output/de.medizininformatikinitiative.kerndatensatz.consent.de.tgz                       (00:00.000 / 02:06.601, 387Mb)
Check /work/output/de.medizininformatikinitiative.kerndatensatz.consent.en.manifest.json             (00:00.001 / 02:06.603, 387Mb)
Check /work/output/de.medizininformatikinitiative.kerndatensatz.consent.en.tgz                       (00:00.000 / 02:06.603, 387Mb)
Check /work/output/de/CodeSystem-2.16.840.1.113883.3.1937.777.24.5.2--20210423105554-testing.html    (00:00.001 / 02:06.605, 388Mb)
Check /work/output/de/CodeSystem-2.16.840.1.113883.3.1937.777.24.5.2--20210423105554.change.history.html (00:00.007 / 02:06.612, 395Mb)
Check /work/output/de/CodeSystem-2.16.840.1.113883.3.1937.777.24.5.2--20210423105554.html            (00:00.004 / 02:06.616, 399Mb)
Check /work/output/de/CodeSystem-2.16.840.1.113883.3.1937.777.24.5.2--20210423105554.json            (00:00.005 / 02:06.622, 407Mb)
Check /work/output/de/CodeSystem-2.16.840.1.113883.3.1937.777.24.5.2--20210423105554.json.html       (00:00.000 / 02:06.622, 407Mb)
Check /work/output/de/CodeSystem-2.16.840.1.113883.3.1937.777.24.5.2--20210423105554.md              (00:00.009 / 02:06.631, 423Mb)
Check /work/output/de/CodeSystem-2.16.840.1.113883.3.1937.777.24.5.2--20210423105554.xml             (00:00.000 / 02:06.631, 423Mb)
Check /work/output/de/CodeSystem-2.16.840.1.113883.3.1937.777.24.5.2--20210423105554.xml.html        (00:00.000 / 02:06.632, 423Mb)
Check /work/output/de/CodeSystem-2.16.840.1.113883.3.1937.777.24.5.3--20251211153003-testing.html    (00:00.008 / 02:06.640, 437Mb)
.Check /work/output/de/CodeSystem-2.16.840.1.113883.3.1937.777.24.5.3--20251211153003.change.history.html (00:00.004 / 02:06.645, 443Mb)
Check /work/output/de/CodeSystem-2.16.840.1.113883.3.1937.777.24.5.3--20251211153003.html            (00:00.004 / 02:06.649, 447Mb)
Check /work/output/de/CodeSystem-2.16.840.1.113883.3.1937.777.24.5.3--20251211153003.json            (00:00.017 / 02:06.667, 477Mb)
Check /work/output/de/CodeSystem-2.16.840.1.113883.3.1937.777.24.5.3--20251211153003.json.html       (00:00.000 / 02:06.668, 477Mb)
Check /work/output/de/CodeSystem-2.16.840.1.113883.3.1937.777.24.5.3--20251211153003.md              (00:00.034 / 02:06.702, 603Mb)
Check /work/output/de/CodeSystem-2.16.840.1.113883.3.1937.777.24.5.3--20251211153003.xml             (00:00.000 / 02:06.703, 603Mb)
Check /work/output/de/CodeSystem-2.16.840.1.113883.3.1937.777.24.5.3--20251211153003.xml.html        (00:00.000 / 02:06.704, 603Mb)
Check /work/output/de/CodeSystem-mii-cs-consent-version-modules-testing.html                         (00:00.023 / 02:06.728, 677Mb)
Check /work/output/de/CodeSystem-mii-cs-consent-version-modules.change.history.html                  (00:00.003 / 02:06.731, 683Mb)
Check /work/output/de/CodeSystem-mii-cs-consent-version-modules.html                                 (00:00.002 / 02:06.733, 687Mb)
Check /work/output/de/CodeSystem-mii-cs-consent-version-modules.json                                 (00:00.005 / 02:06.739, 701Mb)
Check /work/output/de/CodeSystem-mii-cs-consent-version-modules.json.html                            (00:00.002 / 02:06.741, 701Mb)
Check /work/output/de/CodeSystem-mii-cs-consent-version-modules.md                                   (00:00.014 / 02:06.756, 757Mb)
Check /work/output/de/CodeSystem-mii-cs-consent-version-modules.xml                                  (00:00.000 / 02:06.757, 757Mb)
Check /work/output/de/CodeSystem-mii-cs-consent-version-modules.xml.html                             (00:00.000 / 02:06.758, 757Mb)
Check /work/output/de/Consent-34150a23-b1c8-404f-874f-e042a30435d2.change.history.html               (00:00.025 / 02:06.783, 795Mb)
Check /work/output/de/Consent-34150a23-b1c8-404f-874f-e042a30435d2.html                              (00:00.006 / 02:06.790, 801Mb)
Check /work/output/de/Consent-34150a23-b1c8-404f-874f-e042a30435d2.json                              (00:00.005 / 02:06.795, 809Mb)
Check /work/output/de/Consent-34150a23-b1c8-404f-874f-e042a30435d2.json.html                         (00:00.000 / 02:06.796, 809Mb)
Check /work/output/de/Consent-34150a23-b1c8-404f-874f-e042a30435d2.md                                (00:00.007 / 02:06.803, 851Mb)
Check /work/output/de/Consent-34150a23-b1c8-404f-874f-e042a30435d2.xml                               (00:00.000 / 02:06.804, 851Mb)
Check /work/output/de/Consent-34150a23-b1c8-404f-874f-e042a30435d2.xml.html                          (00:00.000 / 02:06.805, 851Mb)
Check /work/output/de/Consent-5143266b-8d60-4b28-8ee9-635140ffa5bb.change.history.html               (00:00.012 / 02:06.817, 875Mb)
Check /work/output/de/Consent-5143266b-8d60-4b28-8ee9-635140ffa5bb.html                              (00:00.005 / 02:06.823, 881Mb)
Check /work/output/de/Consent-5143266b-8d60-4b28-8ee9-635140ffa5bb.json                              (00:00.019 / 02:06.842, 897Mb)
Check /work/output/de/Consent-5143266b-8d60-4b28-8ee9-635140ffa5bb.json.html                         (00:00.001 / 02:06.843, 897Mb)
Check /work/output/de/Consent-5143266b-8d60-4b28-8ee9-635140ffa5bb.md                                (00:00.030 / 02:06.873, 1007Mb)
Check /work/output/de/Consent-5143266b-8d60-4b28-8ee9-635140ffa5bb.xml                               (00:00.001 / 02:06.874, 1009Mb)
Check /work/output/de/Consent-5143266b-8d60-4b28-8ee9-635140ffa5bb.xml.html                          (00:00.001 / 02:06.876, 1009Mb)
Check /work/output/de/Consent-Example-MII-Consent-ResultType-document.change.history.html            (00:00.016 / 02:06.893, 1Gb)
Check /work/output/de/Consent-Example-MII-Consent-ResultType-document.html                           (00:00.003 / 02:06.896, 1Gb)
Check /work/output/de/Consent-Example-MII-Consent-ResultType-document.json                           (00:00.005 / 02:06.901, 1Gb)
Check /work/output/de/Consent-Example-MII-Consent-ResultType-document.json.html                      (00:00.000 / 02:06.902, 1Gb)
Check /work/output/de/Consent-Example-MII-Consent-ResultType-document.md                             (00:00.007 / 02:06.910, 1Gb)
Check /work/output/de/Consent-Example-MII-Consent-ResultType-document.xml                            (00:00.000 / 02:06.911, 1Gb)
Check /work/output/de/Consent-Example-MII-Consent-ResultType-document.xml.html                       (00:00.000 / 02:06.911, 1Gb)
Check /work/output/de/DocumentReference-8a3d1799-2463-405e-b49c-6a16c8692b01.change.history.html     (00:00.013 / 02:06.925, 379Mb)
Check /work/output/de/DocumentReference-8a3d1799-2463-405e-b49c-6a16c8692b01.html                    (00:00.003 / 02:06.928, 385Mb)
Check /work/output/de/DocumentReference-8a3d1799-2463-405e-b49c-6a16c8692b01.json                    (00:00.006 / 02:06.935, 391Mb)
Check /work/output/de/DocumentReference-8a3d1799-2463-405e-b49c-6a16c8692b01.json.html               (00:00.001 / 02:06.936, 391Mb)
Check /work/output/de/DocumentReference-8a3d1799-2463-405e-b49c-6a16c8692b01.md                      (00:00.004 / 02:06.941, 399Mb)
Check /work/output/de/DocumentReference-8a3d1799-2463-405e-b49c-6a16c8692b01.xml                     (00:00.001 / 02:06.943, 399Mb)
Check /work/output/de/DocumentReference-8a3d1799-2463-405e-b49c-6a16c8692b01.xml.html                (00:00.000 / 02:06.944, 399Mb)
Check /work/output/de/ImplementationGuide-mii-ig-consent.json                                        (00:00.003 / 02:06.948, 407Mb)
Check /work/output/de/ImplementationGuide-mii-ig-consent.md                                          (00:00.002 / 02:06.951, 407Mb)
Check /work/output/de/ImplementationGuide-mii-ig-consent.xml                                         (00:00.001 / 02:06.952, 407Mb)
Check /work/output/de/MII-KDS_de_Consent.jpg                                                         (00:00.001 / 02:06.953, 407Mb)
Check /work/output/de/MII-KDS_en_Consent.jpg                                                         (00:00.001 / 02:06.954, 407Mb)
Check /work/output/de/Parameters-mii-param-consent-manifest.change.history.html                      (00:00.001 / 02:06.956, 409Mb)
Check /work/output/de/Parameters-mii-param-consent-manifest.html                                     (00:00.003 / 02:06.959, 413Mb)
Check /work/output/de/Parameters-mii-param-consent-manifest.json                                     (00:00.004 / 02:06.964, 423Mb)
Check /work/output/de/Parameters-mii-param-consent-manifest.json.html                                (00:00.000 / 02:06.964, 423Mb)
Check /work/output/de/Parameters-mii-param-consent-manifest.md                                       (00:00.005 / 02:06.970, 439Mb)
Check /work/output/de/Parameters-mii-param-consent-manifest.xml                                      (00:00.000 / 02:06.971, 439Mb)
Check /work/output/de/Parameters-mii-param-consent-manifest.xml.html                                 (00:00.000 / 02:06.971, 439Mb)
Check /work/output/de/Provenance-55219d12-6245-4de4-8b50-ddf6f16a789b.change.history.html            (00:00.005 / 02:06.977, 453Mb)
Check /work/output/de/Provenance-55219d12-6245-4de4-8b50-ddf6f16a789b.html                           (00:00.004 / 02:06.981, 457Mb)
Check /work/output/de/Provenance-55219d12-6245-4de4-8b50-ddf6f16a789b.json                           (00:00.004 / 02:06.986, 463Mb)
.Check /work/output/de/Provenance-55219d12-6245-4de4-8b50-ddf6f16a789b.json.html                      (00:00.000 / 02:06.987, 463Mb)
Check /work/output/de/Provenance-55219d12-6245-4de4-8b50-ddf6f16a789b.md                             (00:00.005 / 02:06.992, 475Mb)
Check /work/output/de/Provenance-55219d12-6245-4de4-8b50-ddf6f16a789b.xml                            (00:00.001 / 02:06.993, 475Mb)
Check /work/output/de/Provenance-55219d12-6245-4de4-8b50-ddf6f16a789b.xml.html                       (00:00.000 / 02:06.994, 475Mb)
Check /work/output/de/SearchParameter-MII-SP-Consent-PolicyUri-testing.html                          (00:00.006 / 02:07.001, 487Mb)
Check /work/output/de/SearchParameter-MII-SP-Consent-PolicyUri.change.history.html                   (00:00.004 / 02:07.005, 493Mb)
Check /work/output/de/SearchParameter-MII-SP-Consent-PolicyUri.html                                  (00:00.003 / 02:07.009, 497Mb)
Check /work/output/de/SearchParameter-MII-SP-Consent-PolicyUri.json                                  (00:00.003 / 02:07.013, 503Mb)
Check /work/output/de/SearchParameter-MII-SP-Consent-PolicyUri.json.html                             (00:00.000 / 02:07.013, 503Mb)
Check /work/output/de/SearchParameter-MII-SP-Consent-PolicyUri.md                                    (00:00.003 / 02:07.017, 511Mb)
Check /work/output/de/SearchParameter-MII-SP-Consent-PolicyUri.xml                                   (00:00.001 / 02:07.019, 511Mb)
Check /work/output/de/SearchParameter-MII-SP-Consent-PolicyUri.xml.html                              (00:00.001 / 02:07.020, 511Mb)
Check /work/output/de/SearchParameter-MII-SP-Consent-ProvisionCode-testing.html                      (00:00.004 / 02:07.025, 517Mb)
Check /work/output/de/SearchParameter-MII-SP-Consent-ProvisionCode.change.history.html               (00:00.004 / 02:07.029, 523Mb)
Check /work/output/de/SearchParameter-MII-SP-Consent-ProvisionCode.html                              (00:00.002 / 02:07.032, 527Mb)
Check /work/output/de/SearchParameter-MII-SP-Consent-ProvisionCode.json                              (00:00.004 / 02:07.037, 533Mb)
Check /work/output/de/SearchParameter-MII-SP-Consent-ProvisionCode.json.html                         (00:00.000 / 02:07.037, 535Mb)
Check /work/output/de/SearchParameter-MII-SP-Consent-ProvisionCode.md                                (00:00.003 / 02:07.040, 541Mb)
Check /work/output/de/SearchParameter-MII-SP-Consent-ProvisionCode.xml                               (00:00.000 / 02:07.041, 541Mb)
Check /work/output/de/SearchParameter-MII-SP-Consent-ProvisionCode.xml.html                          (00:00.000 / 02:07.041, 541Mb)
Check /work/output/de/SearchParameter-MII-SP-Consent-ProvisionCodePeriod-testing.html                (00:00.002 / 02:07.044, 549Mb)
Check /work/output/de/SearchParameter-MII-SP-Consent-ProvisionCodePeriod.change.history.html         (00:00.002 / 02:07.047, 553Mb)
Check /work/output/de/SearchParameter-MII-SP-Consent-ProvisionCodePeriod.html                        (00:00.004 / 02:07.051, 559Mb)
Check /work/output/de/SearchParameter-MII-SP-Consent-ProvisionCodePeriod.json                        (00:00.004 / 02:07.056, 565Mb)
Check /work/output/de/SearchParameter-MII-SP-Consent-ProvisionCodePeriod.json.html                   (00:00.000 / 02:07.056, 565Mb)
Check /work/output/de/SearchParameter-MII-SP-Consent-ProvisionCodePeriod.md                          (00:00.005 / 02:07.061, 573Mb)
Check /work/output/de/SearchParameter-MII-SP-Consent-ProvisionCodePeriod.xml                         (00:00.000 / 02:07.062, 573Mb)
Check /work/output/de/SearchParameter-MII-SP-Consent-ProvisionCodePeriod.xml.html                    (00:00.000 / 02:07.062, 573Mb)
Check /work/output/de/SearchParameter-MII-SP-Consent-ProvisionCodeType-testing.html                  (00:00.005 / 02:07.068, 581Mb)
Check /work/output/de/SearchParameter-MII-SP-Consent-ProvisionCodeType.change.history.html           (00:00.004 / 02:07.072, 587Mb)
Check /work/output/de/SearchParameter-MII-SP-Consent-ProvisionCodeType.html                          (00:00.003 / 02:07.076, 591Mb)
Check /work/output/de/SearchParameter-MII-SP-Consent-ProvisionCodeType.json                          (00:00.004 / 02:07.080, 599Mb)
Check /work/output/de/SearchParameter-MII-SP-Consent-ProvisionCodeType.json.html                     (00:00.000 / 02:07.081, 599Mb)
Check /work/output/de/SearchParameter-MII-SP-Consent-ProvisionCodeType.md                            (00:00.004 / 02:07.086, 607Mb)
Check /work/output/de/SearchParameter-MII-SP-Consent-ProvisionCodeType.xml                           (00:00.000 / 02:07.086, 607Mb)
Check /work/output/de/SearchParameter-MII-SP-Consent-ProvisionCodeType.xml.html                      (00:00.000 / 02:07.086, 607Mb)
Check /work/output/de/SearchParameter-MII-SP-Consent-ProvisionPeriod-testing.html                    (00:00.005 / 02:07.091, 615Mb)
Check /work/output/de/SearchParameter-MII-SP-Consent-ProvisionPeriod.change.history.html             (00:00.003 / 02:07.095, 619Mb)
Check /work/output/de/SearchParameter-MII-SP-Consent-ProvisionPeriod.html                            (00:00.003 / 02:07.098, 625Mb)
Check /work/output/de/SearchParameter-MII-SP-Consent-ProvisionPeriod.json                            (00:00.004 / 02:07.103, 631Mb)
Check /work/output/de/SearchParameter-MII-SP-Consent-ProvisionPeriod.json.html                       (00:00.000 / 02:07.103, 631Mb)
Check /work/output/de/SearchParameter-MII-SP-Consent-ProvisionPeriod.md                              (00:00.004 / 02:07.107, 639Mb)
Check /work/output/de/SearchParameter-MII-SP-Consent-ProvisionPeriod.xml                             (00:00.000 / 02:07.108, 639Mb)
Check /work/output/de/SearchParameter-MII-SP-Consent-ProvisionPeriod.xml.html                        (00:00.000 / 02:07.108, 639Mb)
Check /work/output/de/SearchParameter-MII-SP-Consent-ProvisionType-testing.html                      (00:00.004 / 02:07.113, 647Mb)
Check /work/output/de/SearchParameter-MII-SP-Consent-ProvisionType.change.history.html               (00:00.003 / 02:07.116, 651Mb)
Check /work/output/de/SearchParameter-MII-SP-Consent-ProvisionType.html                              (00:00.005 / 02:07.122, 657Mb)
Check /work/output/de/SearchParameter-MII-SP-Consent-ProvisionType.json                              (00:00.004 / 02:07.127, 663Mb)
Check /work/output/de/SearchParameter-MII-SP-Consent-ProvisionType.json.html                         (00:00.000 / 02:07.128, 663Mb)
Check /work/output/de/SearchParameter-MII-SP-Consent-ProvisionType.md                                (00:00.005 / 02:07.133, 669Mb)
Check /work/output/de/SearchParameter-MII-SP-Consent-ProvisionType.xml                               (00:00.000 / 02:07.134, 669Mb)
Check /work/output/de/SearchParameter-MII-SP-Consent-ProvisionType.xml.html                          (00:00.000 / 02:07.134, 669Mb)
Check /work/output/de/StructureDefinition-56375452-bfa1-4111-af7c-5b5ba9a1857c-definitions.html      (00:00.004 / 02:07.139, 677Mb)
Check /work/output/de/StructureDefinition-56375452-bfa1-4111-af7c-5b5ba9a1857c-examples.html         (00:00.062 / 02:07.202, 813Mb)
Check /work/output/de/StructureDefinition-56375452-bfa1-4111-af7c-5b5ba9a1857c-intro.md              (00:00.003 / 02:07.205, 819Mb)
Check /work/output/de/StructureDefinition-56375452-bfa1-4111-af7c-5b5ba9a1857c-mappings.html         (00:00.000 / 02:07.206, 819Mb)
Check /work/output/de/StructureDefinition-56375452-bfa1-4111-af7c-5b5ba9a1857c-notes.md              (00:00.018 / 02:07.224, 851Mb)
Check /work/output/de/StructureDefinition-56375452-bfa1-4111-af7c-5b5ba9a1857c-testing.html          (00:00.000 / 02:07.224, 851Mb)
.Check /work/output/de/StructureDefinition-56375452-bfa1-4111-af7c-5b5ba9a1857c.html                  (00:00.002 / 02:07.226, 857Mb)
Check /work/output/de/StructureDefinition-56375452-bfa1-4111-af7c-5b5ba9a1857c.json                  (00:00.098 / 02:07.324, 1Gb)
Check /work/output/de/StructureDefinition-56375452-bfa1-4111-af7c-5b5ba9a1857c.md                    (00:00.001 / 02:07.326, 1Gb)
Check /work/output/de/StructureDefinition-56375452-bfa1-4111-af7c-5b5ba9a1857c.profile.history.html  (00:00.000 / 02:07.327, 1Gb)
Check /work/output/de/StructureDefinition-56375452-bfa1-4111-af7c-5b5ba9a1857c.profile.json.html     (00:00.004 / 02:07.331, 1Gb)
Check /work/output/de/StructureDefinition-56375452-bfa1-4111-af7c-5b5ba9a1857c.profile.xml.html      (00:00.059 / 02:07.391, 577Mb)
Check /work/output/de/StructureDefinition-56375452-bfa1-4111-af7c-5b5ba9a1857c.xml                   (00:00.054 / 02:07.445, 751Mb)
Check /work/output/de/StructureDefinition-e0e166b4-0f77-478d-9062-de0034d98ce0-definitions.html      (00:00.001 / 02:07.447, 752Mb)
Check /work/output/de/StructureDefinition-e0e166b4-0f77-478d-9062-de0034d98ce0-examples.html         (00:00.170 / 02:07.617, 750Mb)
Check /work/output/de/StructureDefinition-e0e166b4-0f77-478d-9062-de0034d98ce0-intro.md              (00:00.002 / 02:07.620, 756Mb)
Check /work/output/de/StructureDefinition-e0e166b4-0f77-478d-9062-de0034d98ce0-mappings.html         (00:00.000 / 02:07.620, 756Mb)
Check /work/output/de/StructureDefinition-e0e166b4-0f77-478d-9062-de0034d98ce0-notes.md              (00:00.040 / 02:07.661, 824Mb)
Check /work/output/de/StructureDefinition-e0e166b4-0f77-478d-9062-de0034d98ce0-testing.html          (00:00.000 / 02:07.662, 824Mb)
Check /work/output/de/StructureDefinition-e0e166b4-0f77-478d-9062-de0034d98ce0.html                  (00:00.002 / 02:07.664, 830Mb)
Check /work/output/de/StructureDefinition-e0e166b4-0f77-478d-9062-de0034d98ce0.json                  (00:00.223 / 02:07.887, 733Mb)
Check /work/output/de/StructureDefinition-e0e166b4-0f77-478d-9062-de0034d98ce0.md                    (00:00.003 / 02:07.890, 734Mb)
Check /work/output/de/StructureDefinition-e0e166b4-0f77-478d-9062-de0034d98ce0.profile.history.html  (00:00.000 / 02:07.891, 734Mb)
Check /work/output/de/StructureDefinition-e0e166b4-0f77-478d-9062-de0034d98ce0.profile.json.html     (00:00.002 / 02:07.893, 741Mb)
Check /work/output/de/StructureDefinition-e0e166b4-0f77-478d-9062-de0034d98ce0.profile.xml.html      (00:00.131 / 02:08.025, 878Mb)
Check /work/output/de/StructureDefinition-e0e166b4-0f77-478d-9062-de0034d98ce0.xml                   (00:00.181 / 02:08.207, 472Mb)
Check /work/output/de/StructureDefinition-f675b1e8-9f3f-44e8-bb59-9681f78eb464-definitions.html      (00:00.002 / 02:08.209, 474Mb)
Check /work/output/de/StructureDefinition-f675b1e8-9f3f-44e8-bb59-9681f78eb464-examples.html         (00:00.042 / 02:08.252, 646Mb)
Check /work/output/de/StructureDefinition-f675b1e8-9f3f-44e8-bb59-9681f78eb464-intro.md              (00:00.002 / 02:08.254, 650Mb)
Check /work/output/de/StructureDefinition-f675b1e8-9f3f-44e8-bb59-9681f78eb464-mappings.html         (00:00.001 / 02:08.256, 650Mb)
Check /work/output/de/StructureDefinition-f675b1e8-9f3f-44e8-bb59-9681f78eb464-notes.md              (00:00.015 / 02:08.271, 680Mb)
Check /work/output/de/StructureDefinition-f675b1e8-9f3f-44e8-bb59-9681f78eb464-testing.html          (00:00.000 / 02:08.271, 680Mb)
Check /work/output/de/StructureDefinition-f675b1e8-9f3f-44e8-bb59-9681f78eb464.html                  (00:00.002 / 02:08.274, 686Mb)
Check /work/output/de/StructureDefinition-f675b1e8-9f3f-44e8-bb59-9681f78eb464.json                  (00:00.066 / 02:08.340, 922Mb)
Check /work/output/de/StructureDefinition-f675b1e8-9f3f-44e8-bb59-9681f78eb464.md                    (00:00.001 / 02:08.342, 922Mb)
Check /work/output/de/StructureDefinition-f675b1e8-9f3f-44e8-bb59-9681f78eb464.profile.history.html  (00:00.000 / 02:08.342, 922Mb)
Check /work/output/de/StructureDefinition-f675b1e8-9f3f-44e8-bb59-9681f78eb464.profile.json.html     (00:00.002 / 02:08.345, 926Mb)
Check /work/output/de/StructureDefinition-f675b1e8-9f3f-44e8-bb59-9681f78eb464.profile.xml.html      (00:00.043 / 02:08.388, 456Mb)
Check /work/output/de/StructureDefinition-f675b1e8-9f3f-44e8-bb59-9681f78eb464.xml                   (00:00.055 / 02:08.444, 630Mb)
Check /work/output/de/ValueSet-2.16.840.1.113883.3.1937.777.24.11.30--20210323234509-testing.html    (00:00.001 / 02:08.445, 630Mb)
Check /work/output/de/ValueSet-2.16.840.1.113883.3.1937.777.24.11.30--20210323234509.change.history.html (00:00.002 / 02:08.448, 636Mb)
Check /work/output/de/ValueSet-2.16.840.1.113883.3.1937.777.24.11.30--20210323234509.html            (00:00.002 / 02:08.450, 642Mb)
Check /work/output/de/ValueSet-2.16.840.1.113883.3.1937.777.24.11.30--20210323234509.json            (00:00.003 / 02:08.453, 652Mb)
Check /work/output/de/ValueSet-2.16.840.1.113883.3.1937.777.24.11.30--20210323234509.json.html       (00:00.000 / 02:08.454, 652Mb)
Check /work/output/de/ValueSet-2.16.840.1.113883.3.1937.777.24.11.30--20210323234509.md              (00:00.003 / 02:08.458, 670Mb)
Check /work/output/de/ValueSet-2.16.840.1.113883.3.1937.777.24.11.30--20210323234509.xml             (00:00.000 / 02:08.458, 670Mb)
Check /work/output/de/ValueSet-2.16.840.1.113883.3.1937.777.24.11.30--20210323234509.xml.html        (00:00.000 / 02:08.458, 670Mb)
Check /work/output/de/ValueSet-2.16.840.1.113883.3.1937.777.24.11.36--20230331232804-testing.html    (00:00.004 / 02:08.462, 682Mb)
Check /work/output/de/ValueSet-2.16.840.1.113883.3.1937.777.24.11.36--20230331232804.change.history.html (00:00.002 / 02:08.465, 688Mb)
Check /work/output/de/ValueSet-2.16.840.1.113883.3.1937.777.24.11.36--20230331232804.html            (00:00.001 / 02:08.467, 694Mb)
Check /work/output/de/ValueSet-2.16.840.1.113883.3.1937.777.24.11.36--20230331232804.json            (00:00.029 / 02:08.496, 754Mb)
Check /work/output/de/ValueSet-2.16.840.1.113883.3.1937.777.24.11.36--20230331232804.json.html       (00:00.000 / 02:08.497, 754Mb)
Check /work/output/de/ValueSet-2.16.840.1.113883.3.1937.777.24.11.36--20230331232804.md              (00:00.003 / 02:08.501, 768Mb)
Check /work/output/de/ValueSet-2.16.840.1.113883.3.1937.777.24.11.36--20230331232804.xml             (00:00.001 / 02:08.502, 768Mb)
Check /work/output/de/ValueSet-2.16.840.1.113883.3.1937.777.24.11.36--20230331232804.xml.html        (00:00.000 / 02:08.503, 768Mb)
Check /work/output/de/ValueSet-88464c5b-5338-4c2b-9c07-b42fef2ada64-testing.html                     (00:00.003 / 02:08.507, 778Mb)
Check /work/output/de/ValueSet-88464c5b-5338-4c2b-9c07-b42fef2ada64.change.history.html              (00:00.003 / 02:08.510, 782Mb)
Check /work/output/de/ValueSet-88464c5b-5338-4c2b-9c07-b42fef2ada64.html                             (00:00.003 / 02:08.513, 788Mb)
Check /work/output/de/ValueSet-88464c5b-5338-4c2b-9c07-b42fef2ada64.json                             (00:00.003 / 02:08.517, 798Mb)
Check /work/output/de/ValueSet-88464c5b-5338-4c2b-9c07-b42fef2ada64.json.html                        (00:00.000 / 02:08.518, 798Mb)
Check /work/output/de/ValueSet-88464c5b-5338-4c2b-9c07-b42fef2ada64.md                               (00:00.004 / 02:08.523, 810Mb)
Check /work/output/de/ValueSet-88464c5b-5338-4c2b-9c07-b42fef2ada64.xml                              (00:00.000 / 02:08.523, 810Mb)
Check /work/output/de/ValueSet-88464c5b-5338-4c2b-9c07-b42fef2ada64.xml.html                         (00:00.000 / 02:08.524, 810Mb)
Check /work/output/de/ai.zip                                                                         (00:00.004 / 02:08.529, 820Mb)
.Check /work/output/de/alert.jpg                                                                      (00:00.001 / 02:08.531, 820Mb)
Check /work/output/de/artifacts.html                                                                 (00:00.000 / 02:08.531, 820Mb)
Check /work/output/de/artifacts.md                                                                   (00:00.008 / 02:08.539, 848Mb)
Check /work/output/de/assets/css/bootstrap-fhir.css                                                  (00:00.000 / 02:08.540, 848Mb)
Check /work/output/de/assets/css/bootstrap-glyphicons.css                                            (00:00.000 / 02:08.541, 848Mb)
Check /work/output/de/assets/css/cqf.css                                                             (00:00.000 / 02:08.541, 848Mb)
Check /work/output/de/assets/css/hl7.css                                                             (00:00.000 / 02:08.542, 848Mb)
Check /work/output/de/assets/css/jquery-ui.css                                                       (00:00.000 / 02:08.543, 848Mb)
Check /work/output/de/assets/css/jquery-ui.structure.min.css                                         (00:00.000 / 02:08.543, 848Mb)
Check /work/output/de/assets/css/jquery-ui.theme.min.css                                             (00:00.000 / 02:08.544, 848Mb)
Check /work/output/de/assets/css/mii.css                                                             (00:00.000 / 02:08.544, 848Mb)
Check /work/output/de/assets/css/prism-fhirpath.css                                                  (00:00.000 / 02:08.545, 848Mb)
Check /work/output/de/assets/css/prism.css                                                           (00:00.000 / 02:08.545, 848Mb)
Check /work/output/de/assets/css/project.css                                                         (00:00.000 / 02:08.546, 848Mb)
Check /work/output/de/assets/css/pygments-manni.css                                                  (00:00.000 / 02:08.546, 848Mb)
Check /work/output/de/assets/css/xml.css                                                             (00:00.000 / 02:08.547, 848Mb)
Check /work/output/de/assets/fonts/OpenSans-CondBold-webfont.eot                                     (00:00.000 / 02:08.547, 848Mb)
Check /work/output/de/assets/fonts/OpenSans-CondBold-webfont.svg                                     (00:00.000 / 02:08.548, 848Mb)
Check /work/output/de/assets/fonts/OpenSans-CondBold-webfont.ttf                                     (00:00.009 / 02:08.558, 864Mb)
Check /work/output/de/assets/fonts/OpenSans-CondBold-webfont.woff                                    (00:00.000 / 02:08.559, 864Mb)
Check /work/output/de/assets/fonts/OpenSans-CondLight-webfont.eot                                    (00:00.000 / 02:08.559, 864Mb)
Check /work/output/de/assets/fonts/OpenSans-CondLight-webfont.svg                                    (00:00.000 / 02:08.560, 864Mb)
Check /work/output/de/assets/fonts/OpenSans-CondLight-webfont.ttf                                    (00:00.010 / 02:08.571, 884Mb)
Check /work/output/de/assets/fonts/OpenSans-CondLight-webfont.woff                                   (00:00.000 / 02:08.572, 884Mb)
Check /work/output/de/assets/fonts/glyphiconshalflings-regular.eot                                   (00:00.000 / 02:08.572, 884Mb)
Check /work/output/de/assets/fonts/glyphiconshalflings-regular.otf                                   (00:00.000 / 02:08.573, 884Mb)
Check /work/output/de/assets/fonts/glyphiconshalflings-regular.svg                                   (00:00.000 / 02:08.573, 884Mb)
Check /work/output/de/assets/fonts/glyphiconshalflings-regular.ttf                                   (00:00.003 / 02:08.577, 890Mb)
Check /work/output/de/assets/fonts/glyphiconshalflings-regular.woff                                  (00:00.000 / 02:08.577, 890Mb)
Check /work/output/de/assets/ico/favicon.png                                                         (00:00.000 / 02:08.578, 890Mb)
Check /work/output/de/assets/ico/icon-fhir-114.png                                                   (00:00.000 / 02:08.578, 890Mb)
Check /work/output/de/assets/ico/icon-fhir-144.png                                                   (00:00.000 / 02:08.579, 890Mb)
Check /work/output/de/assets/ico/icon-fhir-57.png                                                    (00:00.000 / 02:08.580, 892Mb)
Check /work/output/de/assets/ico/icon-fhir-72.png                                                    (00:00.000 / 02:08.580, 892Mb)
Check /work/output/de/assets/ico/noun_copy to clipboard_1669410.png                                  (00:00.000 / 02:08.581, 892Mb)
Check /work/output/de/assets/images/001.svg                                                          (00:00.000 / 02:08.581, 892Mb)
Check /work/output/de/assets/images/deu.svg                                                          (00:00.001 / 02:08.582, 892Mb)
Check /work/output/de/assets/images/download.png                                                     (00:00.000 / 02:08.582, 892Mb)
Check /work/output/de/assets/images/dragon.png                                                       (00:00.000 / 02:08.583, 892Mb)
Check /work/output/de/assets/images/external.png                                                     (00:00.001 / 02:08.584, 893Mb)
Check /work/output/de/assets/images/fcp-logo.png                                                     (00:00.000 / 02:08.585, 893Mb)
Check /work/output/de/assets/images/fhir-logo-www.png                                                (00:00.001 / 02:08.586, 894Mb)
Check /work/output/de/assets/images/hl7-logo-header.png                                              (00:00.000 / 02:08.586, 894Mb)
Check /work/output/de/assets/images/icon_arrow_down.png                                              (00:00.000 / 02:08.587, 894Mb)
Check /work/output/de/assets/images/icon_arrow_up.png                                                (00:00.000 / 02:08.587, 894Mb)
Check /work/output/de/assets/images/lang-ar.png                                                      (00:00.000 / 02:08.588, 894Mb)
Check /work/output/de/assets/images/lang-de.png                                                      (00:00.000 / 02:08.588, 894Mb)
Check /work/output/de/assets/images/lang-en.png                                                      (00:00.000 / 02:08.588, 894Mb)
Check /work/output/de/assets/images/lang-es.png                                                      (00:00.000 / 02:08.588, 894Mb)
Check /work/output/de/assets/images/lang-fr.png                                                      (00:00.000 / 02:08.589, 894Mb)
Check /work/output/de/assets/images/lang-ja.png                                                      (00:00.000 / 02:08.589, 894Mb)
Check /work/output/de/assets/images/lang-kr.png                                                      (00:00.000 / 02:08.589, 894Mb)
Check /work/output/de/assets/images/lang-nl.png                                                      (00:00.000 / 02:08.589, 894Mb)
Check /work/output/de/assets/images/lang-pt.png                                                      (00:00.000 / 02:08.590, 894Mb)
Check /work/output/de/assets/images/lang-pt_BR.png                                                   (00:00.000 / 02:08.590, 894Mb)
Check /work/output/de/assets/images/lang-ru.png                                                      (00:00.000 / 02:08.590, 894Mb)
Check /work/output/de/assets/images/lang-zh-TW.png                                                   (00:00.000 / 02:08.590, 894Mb)
Check /work/output/de/assets/images/lang-zh.png                                                      (00:00.000 / 02:08.591, 894Mb)
.Check /work/output/de/assets/images/link.svg                                                         (00:00.000 / 02:08.591, 894Mb)
Check /work/output/de/assets/images/logo-de.svg                                                      (00:00.000 / 02:08.591, 894Mb)
Check /work/output/de/assets/images/logo-en.svg                                                      (00:00.003 / 02:08.595, 900Mb)
Check /work/output/de/assets/images/logo_ansinew.jpg                                                 (00:00.006 / 02:08.601, 910Mb)
Check /work/output/de/assets/images/search.png                                                       (00:00.000 / 02:08.601, 910Mb)
Check /work/output/de/assets/images/stripe.png                                                       (00:00.000 / 02:08.602, 910Mb)
Check /work/output/de/assets/images/target.png                                                       (00:00.000 / 02:08.602, 910Mb)
Check /work/output/de/assets/js/anchor-hover.js                                                      (00:00.000 / 02:08.602, 910Mb)
Check /work/output/de/assets/js/anchor.min.js                                                        (00:00.000 / 02:08.602, 910Mb)
Check /work/output/de/assets/js/bootstrap.min.js                                                     (00:00.000 / 02:08.603, 910Mb)
Check /work/output/de/assets/js/clipboard-btn.js                                                     (00:00.000 / 02:08.603, 910Mb)
Check /work/output/de/assets/js/clipboard.min.js                                                     (00:00.000 / 02:08.603, 910Mb)
Check /work/output/de/assets/js/direction-management.js                                              (00:00.000 / 02:08.604, 910Mb)
Check /work/output/de/assets/js/fhir-table-scripts.js                                                (00:00.000 / 02:08.604, 910Mb)
Check /work/output/de/assets/js/fhir.js                                                              (00:00.000 / 02:08.604, 910Mb)
Check /work/output/de/assets/js/flags.js                                                             (00:00.000 / 02:08.604, 910Mb)
Check /work/output/de/assets/js/html5shiv.js                                                         (00:00.000 / 02:08.605, 910Mb)
Check /work/output/de/assets/js/jquery-3.7.0.min.map                                                 (00:00.000 / 02:08.605, 910Mb)
Check /work/output/de/assets/js/jquery-ui.min.js                                                     (00:00.000 / 02:08.605, 910Mb)
Check /work/output/de/assets/js/jquery.js                                                            (00:00.000 / 02:08.606, 910Mb)
Check /work/output/de/assets/js/lang-redirects.js                                                    (00:00.000 / 02:08.606, 910Mb)
Check /work/output/de/assets/js/mermaid-init.js                                                      (00:00.000 / 02:08.607, 910Mb)
Check /work/output/de/assets/js/mermaid.js                                                           (00:00.000 / 02:08.607, 910Mb)
Check /work/output/de/assets/js/prism-fhirpath.js                                                    (00:00.015 / 02:08.622, 934Mb)
Check /work/output/de/assets/js/prism.js                                                             (00:00.000 / 02:08.622, 934Mb)
Check /work/output/de/assets/js/readme.txt                                                           (00:00.002 / 02:08.625, 935Mb)
Check /work/output/de/assets/js/respond.min.js                                                       (00:00.000 / 02:08.625, 935Mb)
Check /work/output/de/assets/js/tabs.js                                                              (00:00.000 / 02:08.626, 935Mb)
Check /work/output/de/assets/js/topofpage.js                                                         (00:00.000 / 02:08.626, 935Mb)
Check /work/output/de/assets/js/window-hash.js                                                       (00:00.000 / 02:08.626, 935Mb)
Check /work/output/de/assets/js/xml.js                                                               (00:00.000 / 02:08.627, 935Mb)
Check /work/output/de/capability-statements.html                                                     (00:00.000 / 02:08.627, 935Mb)
Check /work/output/de/capability-statements.md                                                       (00:00.002 / 02:08.629, 944Mb)
Check /work/output/de/cc0.png                                                                        (00:00.000 / 02:08.629, 944Mb)
Check /work/output/de/changes.html                                                                   (00:00.000 / 02:08.630, 944Mb)
Check /work/output/de/changes.md                                                                     (00:00.004 / 02:08.634, 966Mb)
Check /work/output/de/conformance.html                                                               (00:00.000 / 02:08.635, 966Mb)
Check /work/output/de/conformance.md                                                                 (00:00.003 / 02:08.638, 976Mb)
Check /work/output/de/datasets-and-descriptions.html                                                 (00:00.000 / 02:08.638, 976Mb)
Check /work/output/de/datasets-and-descriptions.md                                                   (00:00.002 / 02:08.641, 984Mb)
Check /work/output/de/downloads.html                                                                 (00:00.000 / 02:08.641, 984Mb)
Check /work/output/de/downloads.md                                                                   (00:00.002 / 02:08.644, 994Mb)
Check /work/output/de/examples.html                                                                  (00:00.000 / 02:08.644, 994Mb)
Check /work/output/de/examples.md                                                                    (00:00.002 / 02:08.647, 1004Mb)
Check /work/output/de/external.png                                                                   (00:00.000 / 02:08.648, 1004Mb)
Check /work/output/de/fhir-table-scripts.js                                                          (00:00.000 / 02:08.648, 1004Mb)
Check /work/output/de/fhir.css                                                                       (00:00.000 / 02:08.648, 1004Mb)
Check /work/output/de/general-requirements.html                                                      (00:00.000 / 02:08.649, 1004Mb)
Check /work/output/de/general-requirements.md                                                        (00:00.005 / 02:08.654, 1Gb)
Check /work/output/de/guidance.html                                                                  (00:00.000 / 02:08.655, 1Gb)
Check /work/output/de/guidance.md                                                                    (00:00.002 / 02:08.658, 1Gb)
Check /work/output/de/icon-administration.png                                                        (00:00.000 / 02:08.658, 1Gb)
Check /work/output/de/icon-change-add.png                                                            (00:00.000 / 02:08.659, 1Gb)
Check /work/output/de/icon-change-edit.png                                                           (00:00.000 / 02:08.659, 1Gb)
Check /work/output/de/icon-change-remove.png                                                         (00:00.000 / 02:08.660, 1Gb)
Check /work/output/de/icon-clinical.png                                                              (00:00.000 / 02:08.660, 1Gb)
Check /work/output/de/icon-dictionary.png                                                            (00:00.000 / 02:08.660, 1Gb)
Check /work/output/de/icon-directory.gif                                                             (00:00.000 / 02:08.661, 1Gb)
.Check /work/output/de/icon-documentation.png                                                         (00:00.000 / 02:08.661, 1Gb)
Check /work/output/de/icon-error.gif                                                                 (00:00.000 / 02:08.661, 1Gb)
Check /work/output/de/icon-example.png                                                               (00:00.000 / 02:08.662, 1Gb)
Check /work/output/de/icon-fhir-1024.png                                                             (00:00.000 / 02:08.662, 1Gb)
Check /work/output/de/icon-fhir-128.png                                                              (00:00.001 / 02:08.663, 1Gb)
Check /work/output/de/icon-fhir-16-grey.png                                                          (00:00.000 / 02:08.664, 1Gb)
Check /work/output/de/icon-fhir-16.png                                                               (00:00.000 / 02:08.665, 1Gb)
Check /work/output/de/icon-fhir-24.png                                                               (00:00.000 / 02:08.665, 1Gb)
Check /work/output/de/icon-fhir-32.png                                                               (00:00.000 / 02:08.665, 1Gb)
Check /work/output/de/icon-fhir-48.png                                                               (00:00.000 / 02:08.666, 1Gb)
Check /work/output/de/icon-fhir-64.png                                                               (00:00.000 / 02:08.666, 1Gb)
Check /work/output/de/icon-fhir-720.png                                                              (00:00.000 / 02:08.666, 1Gb)
Check /work/output/de/icon-implementation.png                                                        (00:00.000 / 02:08.667, 1Gb)
Check /work/output/de/icon-include.png                                                               (00:00.000 / 02:08.668, 1Gb)
Check /work/output/de/icon-infrastructure.png                                                        (00:00.000 / 02:08.668, 1Gb)
Check /work/output/de/icon-key.png                                                                   (00:00.000 / 02:08.669, 1Gb)
Check /work/output/de/icon-list.gif                                                                  (00:00.000 / 02:08.669, 1Gb)
Check /work/output/de/icon-not-selected.png                                                          (00:00.000 / 02:08.669, 1Gb)
Check /work/output/de/icon-object-box.png                                                            (00:00.000 / 02:08.669, 1Gb)
Check /work/output/de/icon-page.png                                                                  (00:00.000 / 02:08.670, 1Gb)
Check /work/output/de/icon-q-attachment.png                                                          (00:00.000 / 02:08.670, 1Gb)
Check /work/output/de/icon-q-boolean.png                                                             (00:00.000 / 02:08.670, 1Gb)
Check /work/output/de/icon-q-choice.png                                                              (00:00.000 / 02:08.671, 1Gb)
Check /work/output/de/icon-q-coding.png                                                              (00:00.000 / 02:08.671, 1Gb)
Check /work/output/de/icon-q-date.png                                                                (00:00.000 / 02:08.671, 1Gb)
Check /work/output/de/icon-q-datetime.png                                                            (00:00.000 / 02:08.671, 1Gb)
Check /work/output/de/icon-q-decimal.png                                                             (00:00.000 / 02:08.672, 1Gb)
Check /work/output/de/icon-q-display.png                                                             (00:00.000 / 02:08.672, 1Gb)
Check /work/output/de/icon-q-group.png                                                               (00:00.000 / 02:08.672, 1Gb)
Check /work/output/de/icon-q-integer.png                                                             (00:00.000 / 02:08.672, 1Gb)
Check /work/output/de/icon-q-item.png                                                                (00:00.000 / 02:08.673, 1Gb)
Check /work/output/de/icon-q-open-choice.png                                                         (00:00.000 / 02:08.673, 1Gb)
Check /work/output/de/icon-q-quantity.png                                                            (00:00.000 / 02:08.673, 1Gb)
Check /work/output/de/icon-q-reference.png                                                           (00:00.000 / 02:08.673, 1Gb)
Check /work/output/de/icon-q-string.png                                                              (00:00.000 / 02:08.674, 1Gb)
Check /work/output/de/icon-q-text.png                                                                (00:00.000 / 02:08.674, 1Gb)
Check /work/output/de/icon-q-time.png                                                                (00:00.000 / 02:08.674, 1Gb)
Check /work/output/de/icon-q-url.png                                                                 (00:00.000 / 02:08.674, 1Gb)
Check /work/output/de/icon-qi-help.png                                                               (00:00.000 / 02:08.675, 1Gb)
Check /work/output/de/icon-qi-hidden.png                                                             (00:00.000 / 02:08.675, 1Gb)
Check /work/output/de/icon-qi-horizontal.png                                                         (00:00.000 / 02:08.675, 1Gb)
Check /work/output/de/icon-qi-instructions.png                                                       (00:00.000 / 02:08.675, 1Gb)
Check /work/output/de/icon-qi-observation.png                                                        (00:00.000 / 02:08.676, 1Gb)
Check /work/output/de/icon-qi-optional.png                                                           (00:00.000 / 02:08.676, 1Gb)
Check /work/output/de/icon-qi-readonly.png                                                           (00:00.000 / 02:08.676, 1Gb)
Check /work/output/de/icon-qi-security.bmp                                                           (00:00.000 / 02:08.677, 1Gb)
Check /work/output/de/icon-qi-security.png                                                           (00:00.000 / 02:08.677, 1Gb)
Check /work/output/de/icon-qi-subject.png                                                            (00:00.000 / 02:08.677, 1Gb)
Check /work/output/de/icon-qi-vertical.png                                                           (00:00.000 / 02:08.677, 1Gb)
Check /work/output/de/icon-resource.png                                                              (00:00.000 / 02:08.677, 1Gb)
Check /work/output/de/icon-selected.png                                                              (00:00.000 / 02:08.678, 1Gb)
Check /work/output/de/icon-toc.png                                                                   (00:00.000 / 02:08.678, 1Gb)
Check /work/output/de/icon-type-operation.png                                                        (00:00.000 / 02:08.678, 1Gb)
Check /work/output/de/icon-warning.png                                                               (00:00.000 / 02:08.678, 1Gb)
Check /work/output/de/icon_bundle.png                                                                (00:00.000 / 02:08.679, 1Gb)
Check /work/output/de/icon_choice.gif                                                                (00:00.000 / 02:08.679, 1Gb)
Check /work/output/de/icon_datatype.gif                                                              (00:00.000 / 02:08.679, 1Gb)
Check /work/output/de/icon_element.gif                                                               (00:00.000 / 02:08.679, 1Gb)
.Check /work/output/de/icon_entry_blue.png                                                            (00:00.000 / 02:08.679, 1Gb)
Check /work/output/de/icon_extension.png                                                             (00:00.000 / 02:08.680, 1Gb)
Check /work/output/de/icon_extension_complex.png                                                     (00:00.000 / 02:08.680, 1Gb)
Check /work/output/de/icon_extension_simple.png                                                      (00:00.000 / 02:08.680, 1Gb)
Check /work/output/de/icon_fixed.gif                                                                 (00:00.000 / 02:08.680, 1Gb)
Check /work/output/de/icon_group.png                                                                 (00:00.000 / 02:08.681, 1Gb)
Check /work/output/de/icon_latest.png                                                                (00:00.000 / 02:08.681, 1Gb)
Check /work/output/de/icon_modifier_extension_complex.png                                            (00:00.000 / 02:08.681, 1Gb)
Check /work/output/de/icon_modifier_extension_simple.png                                             (00:00.000 / 02:08.681, 1Gb)
Check /work/output/de/icon_page-child.gif                                                            (00:00.000 / 02:08.681, 1Gb)
Check /work/output/de/icon_page.gif                                                                  (00:00.000 / 02:08.682, 1Gb)
Check /work/output/de/icon_page_n.gif                                                                (00:00.000 / 02:08.682, 1Gb)
Check /work/output/de/icon_page_n_c.gif                                                              (00:00.000 / 02:08.682, 1Gb)
Check /work/output/de/icon_page_n_i.gif                                                              (00:00.000 / 02:08.682, 1Gb)
Check /work/output/de/icon_page_n_o.gif                                                              (00:00.000 / 02:08.683, 1Gb)
Check /work/output/de/icon_page_n_p.gif                                                              (00:00.000 / 02:08.683, 1Gb)
Check /work/output/de/icon_primitive.png                                                             (00:00.002 / 02:08.686, 1Gb)
Check /work/output/de/icon_profile.png                                                               (00:00.001 / 02:08.687, 1Gb)
Check /work/output/de/icon_q_item.png                                                                (00:00.000 / 02:08.687, 1Gb)
Check /work/output/de/icon_q_root.gif                                                                (00:00.000 / 02:08.688, 1Gb)
Check /work/output/de/icon_reference.png                                                             (00:00.000 / 02:08.689, 1Gb)
Check /work/output/de/icon_resource.png                                                              (00:00.000 / 02:08.689, 1Gb)
Check /work/output/de/icon_reuse.png                                                                 (00:00.000 / 02:08.690, 1Gb)
Check /work/output/de/icon_slice.png                                                                 (00:00.000 / 02:08.691, 1Gb)
Check /work/output/de/icon_slice_item.png                                                            (00:00.000 / 02:08.691, 1Gb)
Check /work/output/de/icon_text.png                                                                  (00:00.000 / 02:08.692, 1Gb)
Check /work/output/de/icon_vd_col.png                                                                (00:00.000 / 02:08.692, 1Gb)
Check /work/output/de/icon_vd_foreach.png                                                            (00:00.000 / 02:08.692, 1Gb)
Check /work/output/de/icon_vd_select.png                                                             (00:00.000 / 02:08.693, 1Gb)
Check /work/output/de/icon_vd_union.png                                                              (00:00.000 / 02:08.693, 1Gb)
Check /work/output/de/icon_vd_view.png                                                               (00:00.000 / 02:08.694, 1Gb)
Check /work/output/de/implementer-guidance.html                                                      (00:00.000 / 02:08.694, 1Gb)
Check /work/output/de/implementer-guidance.md                                                        (00:00.007 / 02:08.702, 1Gb)
Check /work/output/de/index.html                                                                     (00:00.000 / 02:08.702, 1Gb)
Check /work/output/de/index.md                                                                       (00:00.006 / 02:08.709, 1Gb)
Check /work/output/de/information-model_UML-Diagramm_MII-spez.png                                    (00:00.000 / 02:08.710, 1Gb)
Check /work/output/de/information.png                                                                (00:00.003 / 02:08.713, 1Gb)
Check /work/output/de/link.svg                                                                       (00:00.000 / 02:08.713, 1Gb)
Check /work/output/de/llms.txt                                                                       (00:00.000 / 02:08.714, 1Gb)
Check /work/output/de/lock.png                                                                       (00:00.000 / 02:08.714, 1Gb)
Check /work/output/de/logical-models.html                                                            (00:00.000 / 02:08.715, 1Gb)
Check /work/output/de/logical-models.md                                                              (00:00.002 / 02:08.717, 1Gb)
Check /work/output/de/metadata.html                                                                  (00:00.000 / 02:08.718, 1Gb)
Check /work/output/de/metadata.md                                                                    (00:00.010 / 02:08.728, 1Gb)
Check /work/output/de/missing-data.html                                                              (00:00.000 / 02:08.729, 1Gb)
Check /work/output/de/missing-data.md                                                                (00:00.009 / 02:08.738, 378Mb)
Check /work/output/de/modifier.png                                                                   (00:00.000 / 02:08.739, 378Mb)
Check /work/output/de/must-support.html                                                              (00:00.000 / 02:08.739, 378Mb)
Check /work/output/de/must-support.md                                                                (00:00.004 / 02:08.743, 396Mb)
Check /work/output/de/mustsupport.png                                                                (00:00.000 / 02:08.744, 396Mb)
Check /work/output/de/new.png                                                                        (00:00.000 / 02:08.744, 396Mb)
Check /work/output/de/prism.css                                                                      (00:00.000 / 02:08.744, 396Mb)
Check /work/output/de/prism.js                                                                       (00:00.000 / 02:08.745, 396Mb)
Check /work/output/de/profiles-and-extensions.html                                                   (00:00.002 / 02:08.748, 398Mb)
Check /work/output/de/profiles-and-extensions.md                                                     (00:00.003 / 02:08.751, 412Mb)
Check /work/output/de/researcher-guidance.html                                                       (00:00.000 / 02:08.752, 412Mb)
Check /work/output/de/researcher-guidance.md                                                         (00:00.002 / 02:08.754, 418Mb)
Check /work/output/de/search-parameters-and-operations.html                                          (00:00.000 / 02:08.755, 418Mb)
.Check /work/output/de/search-parameters-and-operations.md                                            (00:00.005 / 02:08.760, 436Mb)
Check /work/output/de/searchform.html                                                                (00:00.000 / 02:08.761, 436Mb)
Check /work/output/de/security-and-privacy.html                                                      (00:00.004 / 02:08.766, 436Mb)
Check /work/output/de/security-and-privacy.md                                                        (00:00.003 / 02:08.770, 448Mb)
Check /work/output/de/summary.png                                                                    (00:00.000 / 02:08.770, 448Mb)
Check /work/output/de/target.png                                                                     (00:00.000 / 02:08.771, 448Mb)
Check /work/output/de/tbl-closed.png                                                                 (00:00.000 / 02:08.772, 448Mb)
Check /work/output/de/tbl-open.png                                                                   (00:00.000 / 02:08.772, 448Mb)
Check /work/output/de/tbl_bck0.png                                                                   (00:00.000 / 02:08.773, 448Mb)
Check /work/output/de/tbl_bck00.png                                                                  (00:00.000 / 02:08.774, 448Mb)
Check /work/output/de/tbl_bck000.png                                                                 (00:00.000 / 02:08.774, 448Mb)
Check /work/output/de/tbl_bck0000.png                                                                (00:00.000 / 02:08.774, 448Mb)
Check /work/output/de/tbl_bck00000.png                                                               (00:00.000 / 02:08.775, 448Mb)
Check /work/output/de/tbl_bck000000.png                                                              (00:00.000 / 02:08.775, 448Mb)
Check /work/output/de/tbl_bck0000000.png                                                             (00:00.000 / 02:08.776, 448Mb)
Check /work/output/de/tbl_bck000001.png                                                              (00:00.000 / 02:08.776, 448Mb)
Check /work/output/de/tbl_bck0000010.png                                                             (00:00.000 / 02:08.776, 448Mb)
Check /work/output/de/tbl_bck00001.png                                                               (00:00.000 / 02:08.777, 448Mb)
Check /work/output/de/tbl_bck000010.png                                                              (00:00.000 / 02:08.777, 448Mb)
Check /work/output/de/tbl_bck0000100.png                                                             (00:00.000 / 02:08.777, 448Mb)
Check /work/output/de/tbl_bck000010000.png                                                           (00:00.000 / 02:08.778, 448Mb)
Check /work/output/de/tbl_bck00001001.png                                                            (00:00.000 / 02:08.778, 448Mb)
Check /work/output/de/tbl_bck000010010.png                                                           (00:00.000 / 02:08.778, 448Mb)
Check /work/output/de/tbl_bck0000101.png                                                             (00:00.000 / 02:08.779, 448Mb)
Check /work/output/de/tbl_bck00001010.png                                                            (00:00.000 / 02:08.779, 448Mb)
Check /work/output/de/tbl_bck000011.png                                                              (00:00.000 / 02:08.780, 448Mb)
Check /work/output/de/tbl_bck0000110.png                                                             (00:00.000 / 02:08.780, 448Mb)
Check /work/output/de/tbl_bck00001100.png                                                            (00:00.000 / 02:08.781, 448Mb)
Check /work/output/de/tbl_bck0000111.png                                                             (00:00.000 / 02:08.781, 448Mb)
Check /work/output/de/tbl_bck00001110.png                                                            (00:00.000 / 02:08.782, 448Mb)
Check /work/output/de/tbl_bck000011100.png                                                           (00:00.000 / 02:08.782, 448Mb)
Check /work/output/de/tbl_bck0000111000.png                                                          (00:00.000 / 02:08.782, 448Mb)
Check /work/output/de/tbl_bck00001110000.png                                                         (00:00.000 / 02:08.783, 448Mb)
Check /work/output/de/tbl_bck0000111001.png                                                          (00:00.000 / 02:08.783, 448Mb)
Check /work/output/de/tbl_bck00001110010.png                                                         (00:00.000 / 02:08.783, 448Mb)
Check /work/output/de/tbl_bck000011101.png                                                           (00:00.000 / 02:08.783, 448Mb)
Check /work/output/de/tbl_bck0000111010.png                                                          (00:00.000 / 02:08.784, 448Mb)
Check /work/output/de/tbl_bck00001110100.png                                                         (00:00.000 / 02:08.784, 448Mb)
Check /work/output/de/tbl_bck0000111011.png                                                          (00:00.000 / 02:08.784, 448Mb)
Check /work/output/de/tbl_bck00001110110.png                                                         (00:00.000 / 02:08.785, 448Mb)
Check /work/output/de/tbl_bck00001111.png                                                            (00:00.000 / 02:08.785, 448Mb)
Check /work/output/de/tbl_bck000011110.png                                                           (00:00.000 / 02:08.785, 448Mb)
Check /work/output/de/tbl_bck0000111100.png                                                          (00:00.000 / 02:08.786, 448Mb)
Check /work/output/de/tbl_bck000011110000.png                                                        (00:00.000 / 02:08.786, 448Mb)
Check /work/output/de/tbl_bck00001111001.png                                                         (00:00.000 / 02:08.786, 448Mb)
Check /work/output/de/tbl_bck000011110010.png                                                        (00:00.000 / 02:08.786, 448Mb)
Check /work/output/de/tbl_bck0000111101.png                                                          (00:00.000 / 02:08.787, 448Mb)
Check /work/output/de/tbl_bck00001111010.png                                                         (00:00.000 / 02:08.787, 448Mb)
Check /work/output/de/tbl_bck000011111.png                                                           (00:00.000 / 02:08.787, 448Mb)
Check /work/output/de/tbl_bck0000111110.png                                                          (00:00.000 / 02:08.787, 448Mb)
Check /work/output/de/tbl_bck00001111100.png                                                         (00:00.000 / 02:08.788, 448Mb)
Check /work/output/de/tbl_bck000011111000.png                                                        (00:00.000 / 02:08.788, 448Mb)
Check /work/output/de/tbl_bck00001111101.png                                                         (00:00.000 / 02:08.788, 448Mb)
Check /work/output/de/tbl_bck000011111010.png                                                        (00:00.000 / 02:08.788, 448Mb)
Check /work/output/de/tbl_bck0000111110100.png                                                       (00:00.000 / 02:08.788, 448Mb)
Check /work/output/de/tbl_bck000011111011.png                                                        (00:00.000 / 02:08.789, 448Mb)
Check /work/output/de/tbl_bck0000111110110.png                                                       (00:00.000 / 02:08.789, 448Mb)
Check /work/output/de/tbl_bck0000111111.png                                                          (00:00.000 / 02:08.789, 448Mb)
.Check /work/output/de/tbl_bck00001111110.png                                                         (00:00.000 / 02:08.789, 448Mb)
Check /work/output/de/tbl_bck000011111100.png                                                        (00:00.000 / 02:08.790, 448Mb)
Check /work/output/de/tbl_bck00001111111.png                                                         (00:00.000 / 02:08.790, 448Mb)
Check /work/output/de/tbl_bck000011111110.png                                                        (00:00.000 / 02:08.790, 448Mb)
Check /work/output/de/tbl_bck0001.png                                                                (00:00.000 / 02:08.790, 448Mb)
Check /work/output/de/tbl_bck00010.png                                                               (00:00.000 / 02:08.791, 448Mb)
Check /work/output/de/tbl_bck000100.png                                                              (00:00.000 / 02:08.791, 448Mb)
Check /work/output/de/tbl_bck00011.png                                                               (00:00.000 / 02:08.791, 448Mb)
Check /work/output/de/tbl_bck000110.png                                                              (00:00.000 / 02:08.792, 448Mb)
Check /work/output/de/tbl_bck001.png                                                                 (00:00.000 / 02:08.792, 448Mb)
Check /work/output/de/tbl_bck0010.png                                                                (00:00.000 / 02:08.792, 448Mb)
Check /work/output/de/tbl_bck00100.png                                                               (00:00.000 / 02:08.792, 448Mb)
Check /work/output/de/tbl_bck001000.png                                                              (00:00.000 / 02:08.793, 448Mb)
Check /work/output/de/tbl_bck0010000.png                                                             (00:00.000 / 02:08.793, 448Mb)
Check /work/output/de/tbl_bck001001.png                                                              (00:00.000 / 02:08.793, 448Mb)
Check /work/output/de/tbl_bck0010010.png                                                             (00:00.000 / 02:08.794, 448Mb)
Check /work/output/de/tbl_bck00101.png                                                               (00:00.000 / 02:08.794, 448Mb)
Check /work/output/de/tbl_bck001010.png                                                              (00:00.000 / 02:08.794, 448Mb)
Check /work/output/de/tbl_bck0011.png                                                                (00:00.000 / 02:08.794, 448Mb)
Check /work/output/de/tbl_bck00110.png                                                               (00:00.000 / 02:08.795, 448Mb)
Check /work/output/de/tbl_bck01.png                                                                  (00:00.000 / 02:08.795, 448Mb)
Check /work/output/de/tbl_bck010.png                                                                 (00:00.000 / 02:08.795, 448Mb)
Check /work/output/de/tbl_bck0100.png                                                                (00:00.000 / 02:08.795, 448Mb)
Check /work/output/de/tbl_bck01000.png                                                               (00:00.000 / 02:08.796, 448Mb)
Check /work/output/de/tbl_bck0101.png                                                                (00:00.000 / 02:08.796, 448Mb)
Check /work/output/de/tbl_bck01010.png                                                               (00:00.000 / 02:08.796, 448Mb)
Check /work/output/de/tbl_bck010100.png                                                              (00:00.000 / 02:08.796, 448Mb)
Check /work/output/de/tbl_bck01011.png                                                               (00:00.000 / 02:08.797, 448Mb)
Check /work/output/de/tbl_bck010110.png                                                              (00:00.000 / 02:08.797, 448Mb)
Check /work/output/de/tbl_bck011.png                                                                 (00:00.000 / 02:08.797, 448Mb)
Check /work/output/de/tbl_bck0110.png                                                                (00:00.000 / 02:08.797, 448Mb)
Check /work/output/de/tbl_bck01100.png                                                               (00:00.000 / 02:08.798, 448Mb)
Check /work/output/de/tbl_bck011000.png                                                              (00:00.000 / 02:08.798, 448Mb)
Check /work/output/de/tbl_bck0110000.png                                                             (00:00.000 / 02:08.798, 448Mb)
Check /work/output/de/tbl_bck011001.png                                                              (00:00.000 / 02:08.798, 448Mb)
Check /work/output/de/tbl_bck0110010.png                                                             (00:00.000 / 02:08.799, 448Mb)
Check /work/output/de/tbl_bck01101.png                                                               (00:00.000 / 02:08.799, 448Mb)
Check /work/output/de/tbl_bck011010.png                                                              (00:00.000 / 02:08.799, 448Mb)
Check /work/output/de/tbl_bck0110100.png                                                             (00:00.000 / 02:08.799, 448Mb)
Check /work/output/de/tbl_bck011011.png                                                              (00:00.000 / 02:08.800, 448Mb)
Check /work/output/de/tbl_bck0110110.png                                                             (00:00.000 / 02:08.800, 448Mb)
Check /work/output/de/tbl_bck01101100.png                                                            (00:00.000 / 02:08.800, 448Mb)
Check /work/output/de/tbl_bck0110111.png                                                             (00:00.000 / 02:08.801, 448Mb)
Check /work/output/de/tbl_bck01101110.png                                                            (00:00.000 / 02:08.801, 448Mb)
Check /work/output/de/tbl_bck0111.png                                                                (00:00.000 / 02:08.801, 448Mb)
Check /work/output/de/tbl_bck01110.png                                                               (00:00.000 / 02:08.802, 448Mb)
Check /work/output/de/tbl_bck011100.png                                                              (00:00.000 / 02:08.802, 448Mb)
Check /work/output/de/tbl_bck01111.png                                                               (00:00.000 / 02:08.802, 448Mb)
Check /work/output/de/tbl_bck011110.png                                                              (00:00.000 / 02:08.803, 448Mb)
Check /work/output/de/tbl_bck0111100.png                                                             (00:00.000 / 02:08.803, 448Mb)
Check /work/output/de/tbl_bck011110000.png                                                           (00:00.000 / 02:08.804, 448Mb)
Check /work/output/de/tbl_bck01111001.png                                                            (00:00.000 / 02:08.804, 448Mb)
Check /work/output/de/tbl_bck011110010.png                                                           (00:00.000 / 02:08.805, 448Mb)
Check /work/output/de/tbl_bck0111101.png                                                             (00:00.000 / 02:08.805, 448Mb)
Check /work/output/de/tbl_bck01111010.png                                                            (00:00.000 / 02:08.805, 448Mb)
Check /work/output/de/tbl_bck011111.png                                                              (00:00.000 / 02:08.806, 448Mb)
Check /work/output/de/tbl_bck0111110.png                                                             (00:00.000 / 02:08.806, 448Mb)
Check /work/output/de/tbl_bck012.png                                                                 (00:00.000 / 02:08.806, 448Mb)
.Check /work/output/de/tbl_bck0240.png                                                                (00:00.000 / 02:08.807, 448Mb)
Check /work/output/de/tbl_bck02400.png                                                               (00:00.000 / 02:08.807, 448Mb)
Check /work/output/de/tbl_bck0241.png                                                                (00:00.000 / 02:08.808, 448Mb)
Check /work/output/de/tbl_bck02410.png                                                               (00:00.000 / 02:08.808, 448Mb)
Check /work/output/de/tbl_bck025.png                                                                 (00:00.000 / 02:08.809, 448Mb)
Check /work/output/de/tbl_bck0250.png                                                                (00:00.000 / 02:08.809, 448Mb)
Check /work/output/de/tbl_bck02500.png                                                               (00:00.000 / 02:08.809, 448Mb)
Check /work/output/de/tbl_bck025000.png                                                              (00:00.000 / 02:08.810, 448Mb)
Check /work/output/de/tbl_bck02501.png                                                               (00:00.000 / 02:08.810, 448Mb)
Check /work/output/de/tbl_bck025010.png                                                              (00:00.000 / 02:08.811, 448Mb)
Check /work/output/de/tbl_bck0250240.png                                                             (00:00.000 / 02:08.812, 448Mb)
Check /work/output/de/tbl_bck025025.png                                                              (00:00.000 / 02:08.812, 448Mb)
Check /work/output/de/tbl_bck0250250.png                                                             (00:00.000 / 02:08.813, 448Mb)
Check /work/output/de/tbl_bck02503.png                                                               (00:00.000 / 02:08.813, 448Mb)
Check /work/output/de/tbl_bck0251.png                                                                (00:00.000 / 02:08.813, 448Mb)
Check /work/output/de/tbl_bck02510.png                                                               (00:00.000 / 02:08.814, 448Mb)
Check /work/output/de/tbl_bck02512.png                                                               (00:00.001 / 02:08.815, 448Mb)
Check /work/output/de/tbl_bck0251240.png                                                             (00:00.000 / 02:08.815, 448Mb)
Check /work/output/de/tbl_bck025125.png                                                              (00:00.000 / 02:08.816, 448Mb)
Check /work/output/de/tbl_bck0251250.png                                                             (00:00.000 / 02:08.816, 448Mb)
Check /work/output/de/tbl_bck0251252.png                                                             (00:00.000 / 02:08.816, 448Mb)
Check /work/output/de/tbl_bck02513.png                                                               (00:00.000 / 02:08.817, 448Mb)
Check /work/output/de/tbl_bck03.png                                                                  (00:00.000 / 02:08.817, 448Mb)
Check /work/output/de/tbl_bck0320.png                                                                (00:00.000 / 02:08.818, 448Mb)
Check /work/output/de/tbl_bck033.png                                                                 (00:00.000 / 02:08.818, 448Mb)
Check /work/output/de/tbl_bck0330.png                                                                (00:00.000 / 02:08.818, 448Mb)
Check /work/output/de/tbl_bck03300.png                                                               (00:00.000 / 02:08.819, 448Mb)
Check /work/output/de/tbl_bck0331.png                                                                (00:00.000 / 02:08.819, 448Mb)
Check /work/output/de/tbl_bck03310.png                                                               (00:00.000 / 02:08.820, 448Mb)
Check /work/output/de/tbl_bck0340.png                                                                (00:00.000 / 02:08.820, 448Mb)
Check /work/output/de/tbl_bck03400.png                                                               (00:00.001 / 02:08.822, 448Mb)
Check /work/output/de/tbl_bck0341.png                                                                (00:00.000 / 02:08.822, 448Mb)
Check /work/output/de/tbl_bck03410.png                                                               (00:00.000 / 02:08.823, 448Mb)
Check /work/output/de/tbl_bck035.png                                                                 (00:00.000 / 02:08.823, 448Mb)
Check /work/output/de/tbl_bck0350.png                                                                (00:00.000 / 02:08.823, 448Mb)
Check /work/output/de/tbl_bck03500.png                                                               (00:00.000 / 02:08.823, 448Mb)
Check /work/output/de/tbl_bck0350240.png                                                             (00:00.000 / 02:08.824, 448Mb)
Check /work/output/de/tbl_bck035025.png                                                              (00:00.000 / 02:08.824, 448Mb)
Check /work/output/de/tbl_bck0350250.png                                                             (00:00.000 / 02:08.824, 448Mb)
Check /work/output/de/tbl_bck03503.png                                                               (00:00.000 / 02:08.825, 448Mb)
Check /work/output/de/tbl_bck0351.png                                                                (00:00.000 / 02:08.825, 448Mb)
Check /work/output/de/tbl_bck03510.png                                                               (00:00.000 / 02:08.825, 448Mb)
Check /work/output/de/tbl_bck03512.png                                                               (00:00.000 / 02:08.825, 448Mb)
Check /work/output/de/tbl_bck0351240.png                                                             (00:00.000 / 02:08.826, 448Mb)
Check /work/output/de/tbl_bck035125.png                                                              (00:00.000 / 02:08.826, 448Mb)
Check /work/output/de/tbl_bck0351250.png                                                             (00:00.000 / 02:08.826, 448Mb)
Check /work/output/de/tbl_bck0351252.png                                                             (00:00.000 / 02:08.826, 448Mb)
Check /work/output/de/tbl_bck03513.png                                                               (00:00.000 / 02:08.827, 448Mb)
Check /work/output/de/tbl_bck04.png                                                                  (00:00.000 / 02:08.827, 448Mb)
Check /work/output/de/tbl_bck040.png                                                                 (00:00.000 / 02:08.827, 448Mb)
Check /work/output/de/tbl_bck0400.png                                                                (00:00.000 / 02:08.827, 448Mb)
Check /work/output/de/tbl_bck041.png                                                                 (00:00.000 / 02:08.828, 448Mb)
Check /work/output/de/tbl_bck0410.png                                                                (00:00.000 / 02:08.828, 448Mb)
Check /work/output/de/tbl_bck05.png                                                                  (00:00.000 / 02:08.828, 448Mb)
Check /work/output/de/tbl_bck050.png                                                                 (00:00.000 / 02:08.829, 448Mb)
Check /work/output/de/tbl_bck0500.png                                                                (00:00.000 / 02:08.829, 448Mb)
Check /work/output/de/tbl_bck05040.png                                                               (00:00.000 / 02:08.829, 448Mb)
Check /work/output/de/tbl_bck0505.png                                                                (00:00.000 / 02:08.829, 448Mb)
.Check /work/output/de/tbl_bck05050.png                                                               (00:00.000 / 02:08.830, 448Mb)
Check /work/output/de/tbl_bck051.png                                                                 (00:00.000 / 02:08.830, 448Mb)
Check /work/output/de/tbl_bck0510.png                                                                (00:00.000 / 02:08.830, 448Mb)
Check /work/output/de/tbl_bck0512.png                                                                (00:00.000 / 02:08.830, 448Mb)
Check /work/output/de/tbl_bck05140.png                                                               (00:00.000 / 02:08.831, 448Mb)
Check /work/output/de/tbl_bck0515.png                                                                (00:00.000 / 02:08.831, 448Mb)
Check /work/output/de/tbl_bck05150.png                                                               (00:00.000 / 02:08.831, 448Mb)
Check /work/output/de/tbl_bck05152.png                                                               (00:00.000 / 02:08.832, 448Mb)
Check /work/output/de/tbl_bck1.png                                                                   (00:00.000 / 02:08.832, 448Mb)
Check /work/output/de/tbl_bck10.png                                                                  (00:00.000 / 02:08.833, 448Mb)
Check /work/output/de/tbl_bck100.png                                                                 (00:00.000 / 02:08.834, 448Mb)
Check /work/output/de/tbl_bck1000.png                                                                (00:00.000 / 02:08.835, 448Mb)
Check /work/output/de/tbl_bck10000.png                                                               (00:00.000 / 02:08.835, 448Mb)
Check /work/output/de/tbl_bck100000.png                                                              (00:00.000 / 02:08.835, 448Mb)
Check /work/output/de/tbl_bck10001.png                                                               (00:00.000 / 02:08.836, 448Mb)
Check /work/output/de/tbl_bck100010.png                                                              (00:00.000 / 02:08.836, 448Mb)
Check /work/output/de/tbl_bck1001.png                                                                (00:00.000 / 02:08.836, 448Mb)
Check /work/output/de/tbl_bck10010.png                                                               (00:00.000 / 02:08.836, 448Mb)
Check /work/output/de/tbl_bck100100.png                                                              (00:00.000 / 02:08.837, 448Mb)
Check /work/output/de/tbl_bck1001000.png                                                             (00:00.000 / 02:08.837, 448Mb)
Check /work/output/de/tbl_bck10010000.png                                                            (00:00.000 / 02:08.837, 448Mb)
Check /work/output/de/tbl_bck1001001.png                                                             (00:00.000 / 02:08.837, 448Mb)
Check /work/output/de/tbl_bck10010010.png                                                            (00:00.000 / 02:08.838, 448Mb)
Check /work/output/de/tbl_bck100101.png                                                              (00:00.000 / 02:08.838, 448Mb)
Check /work/output/de/tbl_bck1001010.png                                                             (00:00.000 / 02:08.838, 448Mb)
Check /work/output/de/tbl_bck10011.png                                                               (00:00.000 / 02:08.839, 448Mb)
Check /work/output/de/tbl_bck100110.png                                                              (00:00.000 / 02:08.839, 448Mb)
Check /work/output/de/tbl_bck101.png                                                                 (00:00.000 / 02:08.839, 448Mb)
Check /work/output/de/tbl_bck1010.png                                                                (00:00.000 / 02:08.840, 448Mb)
Check /work/output/de/tbl_bck10100.png                                                               (00:00.000 / 02:08.840, 448Mb)
Check /work/output/de/tbl_bck101000.png                                                              (00:00.000 / 02:08.840, 448Mb)
Check /work/output/de/tbl_bck10101.png                                                               (00:00.000 / 02:08.841, 448Mb)
Check /work/output/de/tbl_bck101010.png                                                              (00:00.000 / 02:08.841, 448Mb)
Check /work/output/de/tbl_bck1011.png                                                                (00:00.000 / 02:08.841, 448Mb)
Check /work/output/de/tbl_bck10110.png                                                               (00:00.000 / 02:08.841, 448Mb)
Check /work/output/de/tbl_bck101100.png                                                              (00:00.000 / 02:08.842, 448Mb)
Check /work/output/de/tbl_bck1011000.png                                                             (00:00.000 / 02:08.842, 448Mb)
Check /work/output/de/tbl_bck10110000.png                                                            (00:00.000 / 02:08.842, 448Mb)
Check /work/output/de/tbl_bck1011001.png                                                             (00:00.000 / 02:08.842, 448Mb)
Check /work/output/de/tbl_bck10110010.png                                                            (00:00.000 / 02:08.843, 448Mb)
Check /work/output/de/tbl_bck101101.png                                                              (00:00.000 / 02:08.843, 448Mb)
Check /work/output/de/tbl_bck1011010.png                                                             (00:00.000 / 02:08.843, 448Mb)
Check /work/output/de/tbl_bck10111.png                                                               (00:00.000 / 02:08.843, 448Mb)
Check /work/output/de/tbl_bck101110.png                                                              (00:00.000 / 02:08.844, 448Mb)
Check /work/output/de/tbl_bck1011100.png                                                             (00:00.000 / 02:08.844, 448Mb)
Check /work/output/de/tbl_bck101111.png                                                              (00:00.000 / 02:08.844, 448Mb)
Check /work/output/de/tbl_bck1011110.png                                                             (00:00.000 / 02:08.845, 448Mb)
Check /work/output/de/tbl_bck10240.png                                                               (00:00.000 / 02:08.845, 448Mb)
Check /work/output/de/tbl_bck1025.png                                                                (00:00.000 / 02:08.845, 448Mb)
Check /work/output/de/tbl_bck10250.png                                                               (00:00.000 / 02:08.845, 448Mb)
Check /work/output/de/tbl_bck103.png                                                                 (00:00.000 / 02:08.845, 448Mb)
Check /work/output/de/tbl_bck1040.png                                                                (00:00.000 / 02:08.846, 448Mb)
Check /work/output/de/tbl_bck105.png                                                                 (00:00.000 / 02:08.846, 448Mb)
Check /work/output/de/tbl_bck1050.png                                                                (00:00.000 / 02:08.846, 448Mb)
Check /work/output/de/tbl_bck11.png                                                                  (00:00.000 / 02:08.847, 448Mb)
Check /work/output/de/tbl_bck110.png                                                                 (00:00.000 / 02:08.847, 448Mb)
Check /work/output/de/tbl_bck1100.png                                                                (00:00.000 / 02:08.847, 448Mb)
Check /work/output/de/tbl_bck11000.png                                                               (00:00.000 / 02:08.847, 448Mb)
.Check /work/output/de/tbl_bck110000.png                                                              (00:00.000 / 02:08.848, 448Mb)
Check /work/output/de/tbl_bck11001.png                                                               (00:00.000 / 02:08.848, 448Mb)
Check /work/output/de/tbl_bck110010.png                                                              (00:00.000 / 02:08.848, 448Mb)
Check /work/output/de/tbl_bck1101.png                                                                (00:00.000 / 02:08.848, 448Mb)
Check /work/output/de/tbl_bck11010.png                                                               (00:00.000 / 02:08.849, 448Mb)
Check /work/output/de/tbl_bck110100.png                                                              (00:00.000 / 02:08.849, 448Mb)
Check /work/output/de/tbl_bck11011.png                                                               (00:00.000 / 02:08.849, 448Mb)
Check /work/output/de/tbl_bck110110.png                                                              (00:00.000 / 02:08.849, 448Mb)
Check /work/output/de/tbl_bck111.png                                                                 (00:00.000 / 02:08.850, 448Mb)
Check /work/output/de/tbl_bck1110.png                                                                (00:00.000 / 02:08.850, 448Mb)
Check /work/output/de/tbl_bck11100.png                                                               (00:00.000 / 02:08.850, 448Mb)
Check /work/output/de/tbl_bck111000.png                                                              (00:00.000 / 02:08.851, 448Mb)
Check /work/output/de/tbl_bck11101.png                                                               (00:00.000 / 02:08.851, 448Mb)
Check /work/output/de/tbl_bck111010.png                                                              (00:00.000 / 02:08.851, 448Mb)
Check /work/output/de/tbl_bck1111.png                                                                (00:00.000 / 02:08.852, 448Mb)
Check /work/output/de/tbl_bck11110.png                                                               (00:00.000 / 02:08.852, 448Mb)
Check /work/output/de/tbl_bck111100.png                                                              (00:00.000 / 02:08.852, 448Mb)
Check /work/output/de/tbl_bck1111000.png                                                             (00:00.000 / 02:08.853, 448Mb)
Check /work/output/de/tbl_bck111101.png                                                              (00:00.000 / 02:08.853, 448Mb)
Check /work/output/de/tbl_bck1111010.png                                                             (00:00.000 / 02:08.854, 448Mb)
Check /work/output/de/tbl_bck11111.png                                                               (00:00.000 / 02:08.855, 448Mb)
Check /work/output/de/tbl_bck111110.png                                                              (00:00.000 / 02:08.855, 448Mb)
Check /work/output/de/tbl_bck112.png                                                                 (00:00.000 / 02:08.856, 448Mb)
Check /work/output/de/tbl_bck11240.png                                                               (00:00.000 / 02:08.856, 448Mb)
Check /work/output/de/tbl_bck1125.png                                                                (00:00.001 / 02:08.858, 448Mb)
Check /work/output/de/tbl_bck11250.png                                                               (00:00.000 / 02:08.858, 448Mb)
Check /work/output/de/tbl_bck11252.png                                                               (00:00.000 / 02:08.859, 448Mb)
Check /work/output/de/tbl_bck113.png                                                                 (00:00.000 / 02:08.859, 448Mb)
Check /work/output/de/tbl_bck1140.png                                                                (00:00.000 / 02:08.860, 448Mb)
Check /work/output/de/tbl_bck115.png                                                                 (00:00.000 / 02:08.860, 448Mb)
Check /work/output/de/tbl_bck1150.png                                                                (00:00.000 / 02:08.861, 448Mb)
Check /work/output/de/tbl_bck1152.png                                                                (00:00.000 / 02:08.861, 448Mb)
Check /work/output/de/tbl_bck12.png                                                                  (00:00.001 / 02:08.862, 448Mb)
Check /work/output/de/tbl_bck120.png                                                                 (00:00.000 / 02:08.863, 448Mb)
Check /work/output/de/tbl_bck124.png                                                                 (00:00.001 / 02:08.865, 448Mb)
Check /work/output/de/tbl_bck1240.png                                                                (00:00.000 / 02:08.865, 448Mb)
Check /work/output/de/tbl_bck12400.png                                                               (00:00.000 / 02:08.866, 448Mb)
Check /work/output/de/tbl_bck1241.png                                                                (00:00.001 / 02:08.867, 448Mb)
Check /work/output/de/tbl_bck12410.png                                                               (00:00.000 / 02:08.868, 448Mb)
Check /work/output/de/tbl_bck125.png                                                                 (00:00.002 / 02:08.870, 448Mb)
Check /work/output/de/tbl_bck1250.png                                                                (00:00.000 / 02:08.871, 448Mb)
Check /work/output/de/tbl_bck12500.png                                                               (00:00.001 / 02:08.872, 448Mb)
Check /work/output/de/tbl_bck1251.png                                                                (00:00.001 / 02:08.873, 448Mb)
Check /work/output/de/tbl_bck12510.png                                                               (00:00.001 / 02:08.875, 448Mb)
Check /work/output/de/tbl_bck125100.png                                                              (00:00.000 / 02:08.875, 448Mb)
Check /work/output/de/tbl_bck12511.png                                                               (00:00.000 / 02:08.876, 448Mb)
Check /work/output/de/tbl_bck125110.png                                                              (00:00.000 / 02:08.876, 448Mb)
Check /work/output/de/tbl_bck12512.png                                                               (00:00.000 / 02:08.876, 448Mb)
Check /work/output/de/tbl_bck1252.png                                                                (00:00.000 / 02:08.877, 448Mb)
Check /work/output/de/tbl_bck13.png                                                                  (00:00.000 / 02:08.877, 448Mb)
Check /work/output/de/tbl_bck130.png                                                                 (00:00.000 / 02:08.877, 448Mb)
Check /work/output/de/tbl_bck1320.png                                                                (00:00.000 / 02:08.877, 448Mb)
Check /work/output/de/tbl_bck133.png                                                                 (00:00.000 / 02:08.878, 448Mb)
Check /work/output/de/tbl_bck1330.png                                                                (00:00.000 / 02:08.878, 448Mb)
Check /work/output/de/tbl_bck134.png                                                                 (00:00.000 / 02:08.878, 448Mb)
Check /work/output/de/tbl_bck14.png                                                                  (00:00.000 / 02:08.878, 448Mb)
Check /work/output/de/tbl_bck140.png                                                                 (00:00.000 / 02:08.879, 448Mb)
Check /work/output/de/tbl_bck1400.png                                                                (00:00.000 / 02:08.879, 448Mb)
.Check /work/output/de/tbl_bck141.png                                                                 (00:00.000 / 02:08.879, 448Mb)
Check /work/output/de/tbl_bck1410.png                                                                (00:00.000 / 02:08.879, 448Mb)
Check /work/output/de/tbl_bck1424.png                                                                (00:00.000 / 02:08.880, 448Mb)
Check /work/output/de/tbl_bck143.png                                                                 (00:00.000 / 02:08.880, 448Mb)
Check /work/output/de/tbl_bck15.png                                                                  (00:00.000 / 02:08.880, 448Mb)
Check /work/output/de/tbl_bck150.png                                                                 (00:00.000 / 02:08.880, 448Mb)
Check /work/output/de/tbl_bck1500.png                                                                (00:00.000 / 02:08.881, 448Mb)
Check /work/output/de/tbl_bck15040.png                                                               (00:00.000 / 02:08.881, 448Mb)
Check /work/output/de/tbl_bck1505.png                                                                (00:00.000 / 02:08.881, 448Mb)
Check /work/output/de/tbl_bck15050.png                                                               (00:00.000 / 02:08.882, 448Mb)
Check /work/output/de/tbl_bck151.png                                                                 (00:00.000 / 02:08.882, 448Mb)
Check /work/output/de/tbl_bck1510.png                                                                (00:00.000 / 02:08.882, 448Mb)
Check /work/output/de/tbl_bck1512.png                                                                (00:00.000 / 02:08.882, 450Mb)
Check /work/output/de/tbl_bck15140.png                                                               (00:00.000 / 02:08.883, 450Mb)
Check /work/output/de/tbl_bck1515.png                                                                (00:00.000 / 02:08.883, 450Mb)
Check /work/output/de/tbl_bck15150.png                                                               (00:00.000 / 02:08.883, 450Mb)
Check /work/output/de/tbl_bck15152.png                                                               (00:00.000 / 02:08.884, 450Mb)
Check /work/output/de/tbl_bck152.png                                                                 (00:00.000 / 02:08.884, 450Mb)
Check /work/output/de/tbl_bck1540.png                                                                (00:00.000 / 02:08.884, 450Mb)
Check /work/output/de/tbl_bck15424.png                                                               (00:00.000 / 02:08.884, 450Mb)
Check /work/output/de/tbl_bck1543.png                                                                (00:00.000 / 02:08.885, 450Mb)
Check /work/output/de/tbl_bck155.png                                                                 (00:00.000 / 02:08.885, 450Mb)
Check /work/output/de/tbl_bck1550.png                                                                (00:00.000 / 02:08.885, 450Mb)
Check /work/output/de/tbl_bck1552.png                                                                (00:00.000 / 02:08.885, 450Mb)
Check /work/output/de/tbl_blank.png                                                                  (00:00.000 / 02:08.886, 450Mb)
Check /work/output/de/tbl_spacer.png                                                                 (00:00.000 / 02:08.886, 450Mb)
Check /work/output/de/tbl_vjoin-closed.png                                                           (00:00.000 / 02:08.886, 450Mb)
Check /work/output/de/tbl_vjoin-open.png                                                             (00:00.000 / 02:08.886, 450Mb)
Check /work/output/de/tbl_vjoin.png                                                                  (00:00.000 / 02:08.887, 450Mb)
Check /work/output/de/tbl_vjoin_end-closed.png                                                       (00:00.000 / 02:08.887, 450Mb)
Check /work/output/de/tbl_vjoin_end-open.png                                                         (00:00.000 / 02:08.887, 450Mb)
Check /work/output/de/tbl_vjoin_end.png                                                              (00:00.000 / 02:08.887, 450Mb)
Check /work/output/de/tbl_vjoin_end_slice-closed.png                                                 (00:00.000 / 02:08.888, 450Mb)
Check /work/output/de/tbl_vjoin_end_slice-open.png                                                   (00:00.000 / 02:08.888, 450Mb)
Check /work/output/de/tbl_vjoin_end_slice.png                                                        (00:00.000 / 02:08.888, 450Mb)
Check /work/output/de/tbl_vjoin_end_slicer-closed.png                                                (00:00.000 / 02:08.888, 450Mb)
Check /work/output/de/tbl_vjoin_end_slicer-open.png                                                  (00:00.000 / 02:08.888, 450Mb)
Check /work/output/de/tbl_vjoin_end_slicer.png                                                       (00:00.000 / 02:08.889, 450Mb)
Check /work/output/de/tbl_vjoin_slice-closed.png                                                     (00:00.000 / 02:08.889, 450Mb)
Check /work/output/de/tbl_vjoin_slice-open.png                                                       (00:00.000 / 02:08.889, 450Mb)
Check /work/output/de/tbl_vjoin_slice.png                                                            (00:00.000 / 02:08.889, 450Mb)
Check /work/output/de/tbl_vjoin_slicer-closed.png                                                    (00:00.000 / 02:08.890, 450Mb)
Check /work/output/de/tbl_vjoin_slicer-open.png                                                      (00:00.000 / 02:08.890, 450Mb)
Check /work/output/de/tbl_vjoin_slicer.png                                                           (00:00.000 / 02:08.890, 450Mb)
Check /work/output/de/tbl_vline.png                                                                  (00:00.000 / 02:08.890, 450Mb)
Check /work/output/de/tbl_vline_slice.png                                                            (00:00.000 / 02:08.891, 450Mb)
Check /work/output/de/tbl_vline_slicer.png                                                           (00:00.000 / 02:08.891, 450Mb)
Check /work/output/de/terminology.html                                                               (00:00.000 / 02:08.891, 450Mb)
Check /work/output/de/terminology.md                                                                 (00:00.004 / 02:08.896, 464Mb)
Check /work/output/de/toc.html                                                                       (00:00.000 / 02:08.896, 464Mb)
Check /work/output/de/translationinfo.html                                                           (00:00.005 / 02:08.902, 476Mb)
Check /work/output/de/translationinfo.md                                                             (00:00.002 / 02:08.904, 486Mb)
Check /work/output/de/tree-filter.png                                                                (00:00.000 / 02:08.905, 486Mb)
Check /work/output/de/uml-diagrams.html                                                              (00:00.000 / 02:08.905, 486Mb)
Check /work/output/de/uml-diagrams.md                                                                (00:00.002 / 02:08.907, 492Mb)
Check /work/output/de/version-history.html                                                           (00:00.000 / 02:08.908, 492Mb)
Check /work/output/de/version-history.md                                                             (00:00.003 / 02:08.911, 506Mb)
Check /work/output/definitions.json.zip                                                              (00:00.000 / 02:08.911, 506Mb)
.Check /work/output/definitions.xml.zip                                                               (00:00.001 / 02:08.913, 506Mb)
Check /work/output/downloads.html                                                                    (00:00.001 / 02:08.914, 506Mb)
Check /work/output/en/CodeSystem-2.16.840.1.113883.3.1937.777.24.5.2--20210423105554-testing.html    (00:00.000 / 02:08.915, 506Mb)
Check /work/output/en/CodeSystem-2.16.840.1.113883.3.1937.777.24.5.2--20210423105554.change.history.html (00:00.004 / 02:08.919, 512Mb)
Check /work/output/en/CodeSystem-2.16.840.1.113883.3.1937.777.24.5.2--20210423105554.html            (00:00.002 / 02:08.921, 516Mb)
Check /work/output/en/CodeSystem-2.16.840.1.113883.3.1937.777.24.5.2--20210423105554.json            (00:00.002 / 02:08.924, 524Mb)
Check /work/output/en/CodeSystem-2.16.840.1.113883.3.1937.777.24.5.2--20210423105554.json.html       (00:00.000 / 02:08.925, 524Mb)
Check /work/output/en/CodeSystem-2.16.840.1.113883.3.1937.777.24.5.2--20210423105554.md              (00:00.003 / 02:08.928, 540Mb)
Check /work/output/en/CodeSystem-2.16.840.1.113883.3.1937.777.24.5.2--20210423105554.xml             (00:00.000 / 02:08.929, 540Mb)
Check /work/output/en/CodeSystem-2.16.840.1.113883.3.1937.777.24.5.2--20210423105554.xml.html        (00:00.000 / 02:08.929, 540Mb)
Check /work/output/en/CodeSystem-2.16.840.1.113883.3.1937.777.24.5.3--20251211153003-testing.html    (00:00.004 / 02:08.934, 552Mb)
Check /work/output/en/CodeSystem-2.16.840.1.113883.3.1937.777.24.5.3--20251211153003.change.history.html (00:00.003 / 02:08.937, 556Mb)
Check /work/output/en/CodeSystem-2.16.840.1.113883.3.1937.777.24.5.3--20251211153003.html            (00:00.002 / 02:08.939, 562Mb)
Check /work/output/en/CodeSystem-2.16.840.1.113883.3.1937.777.24.5.3--20251211153003.json            (00:00.007 / 02:08.947, 588Mb)
Check /work/output/en/CodeSystem-2.16.840.1.113883.3.1937.777.24.5.3--20251211153003.json.html       (00:00.000 / 02:08.947, 588Mb)
Check /work/output/en/CodeSystem-2.16.840.1.113883.3.1937.777.24.5.3--20251211153003.md              (00:00.014 / 02:08.962, 714Mb)
Check /work/output/en/CodeSystem-2.16.840.1.113883.3.1937.777.24.5.3--20251211153003.xml             (00:00.000 / 02:08.963, 714Mb)
Check /work/output/en/CodeSystem-2.16.840.1.113883.3.1937.777.24.5.3--20251211153003.xml.html        (00:00.000 / 02:08.963, 714Mb)
Check /work/output/en/CodeSystem-mii-cs-consent-version-modules-testing.html                         (00:00.019 / 02:08.983, 788Mb)
Check /work/output/en/CodeSystem-mii-cs-consent-version-modules.change.history.html                  (00:00.002 / 02:08.985, 794Mb)
Check /work/output/en/CodeSystem-mii-cs-consent-version-modules.html                                 (00:00.002 / 02:08.987, 798Mb)
Check /work/output/en/CodeSystem-mii-cs-consent-version-modules.json                                 (00:00.003 / 02:08.991, 812Mb)
Check /work/output/en/CodeSystem-mii-cs-consent-version-modules.json.html                            (00:00.000 / 02:08.992, 812Mb)
Check /work/output/en/CodeSystem-mii-cs-consent-version-modules.md                                   (00:00.008 / 02:09.000, 868Mb)
Check /work/output/en/CodeSystem-mii-cs-consent-version-modules.xml                                  (00:00.000 / 02:09.001, 868Mb)
Check /work/output/en/CodeSystem-mii-cs-consent-version-modules.xml.html                             (00:00.000 / 02:09.001, 868Mb)
Check /work/output/en/Consent-34150a23-b1c8-404f-874f-e042a30435d2.change.history.html               (00:00.012 / 02:09.014, 906Mb)
Check /work/output/en/Consent-34150a23-b1c8-404f-874f-e042a30435d2.html                              (00:00.002 / 02:09.016, 910Mb)
Check /work/output/en/Consent-34150a23-b1c8-404f-874f-e042a30435d2.json                              (00:00.003 / 02:09.020, 920Mb)
Check /work/output/en/Consent-34150a23-b1c8-404f-874f-e042a30435d2.json.html                         (00:00.000 / 02:09.021, 920Mb)
Check /work/output/en/Consent-34150a23-b1c8-404f-874f-e042a30435d2.md                                (00:00.006 / 02:09.027, 962Mb)
Check /work/output/en/Consent-34150a23-b1c8-404f-874f-e042a30435d2.xml                               (00:00.000 / 02:09.027, 962Mb)
Check /work/output/en/Consent-34150a23-b1c8-404f-874f-e042a30435d2.xml.html                          (00:00.001 / 02:09.028, 962Mb)
Check /work/output/en/Consent-5143266b-8d60-4b28-8ee9-635140ffa5bb.change.history.html               (00:00.006 / 02:09.035, 986Mb)
Check /work/output/en/Consent-5143266b-8d60-4b28-8ee9-635140ffa5bb.html                              (00:00.002 / 02:09.038, 990Mb)
Check /work/output/en/Consent-5143266b-8d60-4b28-8ee9-635140ffa5bb.json                              (00:00.007 / 02:09.045, 1008Mb)
Check /work/output/en/Consent-5143266b-8d60-4b28-8ee9-635140ffa5bb.json.html                         (00:00.000 / 02:09.046, 1008Mb)
Check /work/output/en/Consent-5143266b-8d60-4b28-8ee9-635140ffa5bb.md                                (00:00.015 / 02:09.062, 374Mb)
Check /work/output/en/Consent-5143266b-8d60-4b28-8ee9-635140ffa5bb.xml                               (00:00.000 / 02:09.063, 374Mb)
Check /work/output/en/Consent-5143266b-8d60-4b28-8ee9-635140ffa5bb.xml.html                          (00:00.000 / 02:09.063, 374Mb)
Check /work/output/en/Consent-Example-MII-Consent-ResultType-document.change.history.html            (00:00.013 / 02:09.077, 432Mb)
Check /work/output/en/Consent-Example-MII-Consent-ResultType-document.html                           (00:00.002 / 02:09.080, 438Mb)
Check /work/output/en/Consent-Example-MII-Consent-ResultType-document.json                           (00:00.003 / 02:09.083, 446Mb)
Check /work/output/en/Consent-Example-MII-Consent-ResultType-document.json.html                      (00:00.000 / 02:09.083, 446Mb)
Check /work/output/en/Consent-Example-MII-Consent-ResultType-document.md                             (00:00.005 / 02:09.089, 480Mb)
Check /work/output/en/Consent-Example-MII-Consent-ResultType-document.xml                            (00:00.000 / 02:09.089, 480Mb)
Check /work/output/en/Consent-Example-MII-Consent-ResultType-document.xml.html                       (00:00.000 / 02:09.090, 480Mb)
Check /work/output/en/DocumentReference-8a3d1799-2463-405e-b49c-6a16c8692b01.change.history.html     (00:00.005 / 02:09.095, 500Mb)
Check /work/output/en/DocumentReference-8a3d1799-2463-405e-b49c-6a16c8692b01.html                    (00:00.002 / 02:09.098, 506Mb)
Check /work/output/en/DocumentReference-8a3d1799-2463-405e-b49c-6a16c8692b01.json                    (00:00.002 / 02:09.100, 510Mb)
Check /work/output/en/DocumentReference-8a3d1799-2463-405e-b49c-6a16c8692b01.json.html               (00:00.000 / 02:09.100, 510Mb)
Check /work/output/en/DocumentReference-8a3d1799-2463-405e-b49c-6a16c8692b01.md                      (00:00.002 / 02:09.103, 520Mb)
Check /work/output/en/DocumentReference-8a3d1799-2463-405e-b49c-6a16c8692b01.xml                     (00:00.000 / 02:09.104, 520Mb)
Check /work/output/en/DocumentReference-8a3d1799-2463-405e-b49c-6a16c8692b01.xml.html                (00:00.000 / 02:09.104, 520Mb)
Check /work/output/en/ImplementationGuide-mii-ig-consent.json                                        (00:00.002 / 02:09.107, 528Mb)
Check /work/output/en/ImplementationGuide-mii-ig-consent.md                                          (00:00.000 / 02:09.107, 528Mb)
Check /work/output/en/ImplementationGuide-mii-ig-consent.xml                                         (00:00.000 / 02:09.108, 528Mb)
Check /work/output/en/MII-KDS_de_Consent.jpg                                                         (00:00.000 / 02:09.108, 528Mb)
.Check /work/output/en/MII-KDS_en_Consent.jpg                                                         (00:00.000 / 02:09.109, 528Mb)
Check /work/output/en/Parameters-mii-param-consent-manifest.change.history.html                      (00:00.000 / 02:09.110, 528Mb)
Check /work/output/en/Parameters-mii-param-consent-manifest.html                                     (00:00.002 / 02:09.112, 534Mb)
Check /work/output/en/Parameters-mii-param-consent-manifest.json                                     (00:00.003 / 02:09.116, 542Mb)
Check /work/output/en/Parameters-mii-param-consent-manifest.json.html                                (00:00.000 / 02:09.116, 542Mb)
Check /work/output/en/Parameters-mii-param-consent-manifest.md                                       (00:00.004 / 02:09.120, 560Mb)
Check /work/output/en/Parameters-mii-param-consent-manifest.xml                                      (00:00.000 / 02:09.121, 560Mb)
Check /work/output/en/Parameters-mii-param-consent-manifest.xml.html                                 (00:00.000 / 02:09.121, 560Mb)
Check /work/output/en/Provenance-55219d12-6245-4de4-8b50-ddf6f16a789b.change.history.html            (00:00.004 / 02:09.126, 574Mb)
Check /work/output/en/Provenance-55219d12-6245-4de4-8b50-ddf6f16a789b.html                           (00:00.002 / 02:09.129, 578Mb)
Check /work/output/en/Provenance-55219d12-6245-4de4-8b50-ddf6f16a789b.json                           (00:00.002 / 02:09.131, 584Mb)
Check /work/output/en/Provenance-55219d12-6245-4de4-8b50-ddf6f16a789b.json.html                      (00:00.000 / 02:09.131, 584Mb)
Check /work/output/en/Provenance-55219d12-6245-4de4-8b50-ddf6f16a789b.md                             (00:00.002 / 02:09.134, 596Mb)
Check /work/output/en/Provenance-55219d12-6245-4de4-8b50-ddf6f16a789b.xml                            (00:00.000 / 02:09.135, 596Mb)
Check /work/output/en/Provenance-55219d12-6245-4de4-8b50-ddf6f16a789b.xml.html                       (00:00.000 / 02:09.135, 596Mb)
Check /work/output/en/SearchParameter-MII-SP-Consent-PolicyUri-testing.html                          (00:00.003 / 02:09.138, 608Mb)
Check /work/output/en/SearchParameter-MII-SP-Consent-PolicyUri.change.history.html                   (00:00.003 / 02:09.141, 612Mb)
Check /work/output/en/SearchParameter-MII-SP-Consent-PolicyUri.html                                  (00:00.002 / 02:09.144, 618Mb)
Check /work/output/en/SearchParameter-MII-SP-Consent-PolicyUri.json                                  (00:00.002 / 02:09.147, 624Mb)
Check /work/output/en/SearchParameter-MII-SP-Consent-PolicyUri.json.html                             (00:00.000 / 02:09.147, 624Mb)
Check /work/output/en/SearchParameter-MII-SP-Consent-PolicyUri.md                                    (00:00.002 / 02:09.150, 630Mb)
Check /work/output/en/SearchParameter-MII-SP-Consent-PolicyUri.xml                                   (00:00.000 / 02:09.150, 630Mb)
Check /work/output/en/SearchParameter-MII-SP-Consent-PolicyUri.xml.html                              (00:00.000 / 02:09.151, 630Mb)
Check /work/output/en/SearchParameter-MII-SP-Consent-ProvisionCode-testing.html                      (00:00.003 / 02:09.154, 638Mb)
Check /work/output/en/SearchParameter-MII-SP-Consent-ProvisionCode.change.history.html               (00:00.002 / 02:09.157, 644Mb)
Check /work/output/en/SearchParameter-MII-SP-Consent-ProvisionCode.html                              (00:00.002 / 02:09.159, 648Mb)
Check /work/output/en/SearchParameter-MII-SP-Consent-ProvisionCode.json                              (00:00.002 / 02:09.162, 654Mb)
Check /work/output/en/SearchParameter-MII-SP-Consent-ProvisionCode.json.html                         (00:00.000 / 02:09.162, 654Mb)
Check /work/output/en/SearchParameter-MII-SP-Consent-ProvisionCode.md                                (00:00.002 / 02:09.165, 662Mb)
Check /work/output/en/SearchParameter-MII-SP-Consent-ProvisionCode.xml                               (00:00.000 / 02:09.165, 662Mb)
Check /work/output/en/SearchParameter-MII-SP-Consent-ProvisionCode.xml.html                          (00:00.000 / 02:09.165, 662Mb)
Check /work/output/en/SearchParameter-MII-SP-Consent-ProvisionCodePeriod-testing.html                (00:00.002 / 02:09.168, 670Mb)
Check /work/output/en/SearchParameter-MII-SP-Consent-ProvisionCodePeriod.change.history.html         (00:00.002 / 02:09.171, 674Mb)
Check /work/output/en/SearchParameter-MII-SP-Consent-ProvisionCodePeriod.html                        (00:00.002 / 02:09.173, 680Mb)
Check /work/output/en/SearchParameter-MII-SP-Consent-ProvisionCodePeriod.json                        (00:00.002 / 02:09.176, 686Mb)
Check /work/output/en/SearchParameter-MII-SP-Consent-ProvisionCodePeriod.json.html                   (00:00.000 / 02:09.176, 686Mb)
Check /work/output/en/SearchParameter-MII-SP-Consent-ProvisionCodePeriod.md                          (00:00.003 / 02:09.179, 694Mb)
Check /work/output/en/SearchParameter-MII-SP-Consent-ProvisionCodePeriod.xml                         (00:00.000 / 02:09.180, 694Mb)
Check /work/output/en/SearchParameter-MII-SP-Consent-ProvisionCodePeriod.xml.html                    (00:00.000 / 02:09.180, 694Mb)
Check /work/output/en/SearchParameter-MII-SP-Consent-ProvisionCodeType-testing.html                  (00:00.003 / 02:09.183, 702Mb)
Check /work/output/en/SearchParameter-MII-SP-Consent-ProvisionCodeType.change.history.html           (00:00.002 / 02:09.186, 708Mb)
Check /work/output/en/SearchParameter-MII-SP-Consent-ProvisionCodeType.html                          (00:00.002 / 02:09.188, 712Mb)
Check /work/output/en/SearchParameter-MII-SP-Consent-ProvisionCodeType.json                          (00:00.002 / 02:09.190, 720Mb)
Check /work/output/en/SearchParameter-MII-SP-Consent-ProvisionCodeType.json.html                     (00:00.000 / 02:09.191, 720Mb)
Check /work/output/en/SearchParameter-MII-SP-Consent-ProvisionCodeType.md                            (00:00.002 / 02:09.193, 726Mb)
Check /work/output/en/SearchParameter-MII-SP-Consent-ProvisionCodeType.xml                           (00:00.000 / 02:09.194, 726Mb)
Check /work/output/en/SearchParameter-MII-SP-Consent-ProvisionCodeType.xml.html                      (00:00.000 / 02:09.194, 726Mb)
Check /work/output/en/SearchParameter-MII-SP-Consent-ProvisionPeriod-testing.html                    (00:00.002 / 02:09.197, 736Mb)
Check /work/output/en/SearchParameter-MII-SP-Consent-ProvisionPeriod.change.history.html             (00:00.002 / 02:09.199, 740Mb)
Check /work/output/en/SearchParameter-MII-SP-Consent-ProvisionPeriod.html                            (00:00.001 / 02:09.201, 746Mb)
Check /work/output/en/SearchParameter-MII-SP-Consent-ProvisionPeriod.json                            (00:00.002 / 02:09.204, 752Mb)
Check /work/output/en/SearchParameter-MII-SP-Consent-ProvisionPeriod.json.html                       (00:00.000 / 02:09.204, 752Mb)
Check /work/output/en/SearchParameter-MII-SP-Consent-ProvisionPeriod.md                              (00:00.002 / 02:09.207, 758Mb)
Check /work/output/en/SearchParameter-MII-SP-Consent-ProvisionPeriod.xml                             (00:00.000 / 02:09.207, 758Mb)
Check /work/output/en/SearchParameter-MII-SP-Consent-ProvisionPeriod.xml.html                        (00:00.000 / 02:09.207, 760Mb)
Check /work/output/en/SearchParameter-MII-SP-Consent-ProvisionType-testing.html                      (00:00.002 / 02:09.210, 766Mb)
Check /work/output/en/SearchParameter-MII-SP-Consent-ProvisionType.change.history.html               (00:00.002 / 02:09.212, 772Mb)
Check /work/output/en/SearchParameter-MII-SP-Consent-ProvisionType.html                              (00:00.001 / 02:09.214, 776Mb)
.Check /work/output/en/SearchParameter-MII-SP-Consent-ProvisionType.json                              (00:00.002 / 02:09.216, 782Mb)
Check /work/output/en/SearchParameter-MII-SP-Consent-ProvisionType.json.html                         (00:00.000 / 02:09.217, 784Mb)
Check /work/output/en/SearchParameter-MII-SP-Consent-ProvisionType.md                                (00:00.002 / 02:09.219, 790Mb)
Check /work/output/en/SearchParameter-MII-SP-Consent-ProvisionType.xml                               (00:00.000 / 02:09.220, 790Mb)
Check /work/output/en/SearchParameter-MII-SP-Consent-ProvisionType.xml.html                          (00:00.000 / 02:09.220, 790Mb)
Check /work/output/en/StructureDefinition-56375452-bfa1-4111-af7c-5b5ba9a1857c-definitions.html      (00:00.002 / 02:09.223, 798Mb)
Check /work/output/en/StructureDefinition-56375452-bfa1-4111-af7c-5b5ba9a1857c-examples.html         (00:00.034 / 02:09.257, 934Mb)
Check /work/output/en/StructureDefinition-56375452-bfa1-4111-af7c-5b5ba9a1857c-intro.md              (00:00.002 / 02:09.259, 940Mb)
Check /work/output/en/StructureDefinition-56375452-bfa1-4111-af7c-5b5ba9a1857c-mappings.html         (00:00.000 / 02:09.260, 940Mb)
Check /work/output/en/StructureDefinition-56375452-bfa1-4111-af7c-5b5ba9a1857c-notes.md              (00:00.016 / 02:09.276, 972Mb)
Check /work/output/en/StructureDefinition-56375452-bfa1-4111-af7c-5b5ba9a1857c-testing.html          (00:00.000 / 02:09.276, 972Mb)
Check /work/output/en/StructureDefinition-56375452-bfa1-4111-af7c-5b5ba9a1857c.html                  (00:00.002 / 02:09.279, 976Mb)
Check /work/output/en/StructureDefinition-56375452-bfa1-4111-af7c-5b5ba9a1857c.json                  (00:00.071 / 02:09.350, 442Mb)
Check /work/output/en/StructureDefinition-56375452-bfa1-4111-af7c-5b5ba9a1857c.md                    (00:00.001 / 02:09.351, 442Mb)
Check /work/output/en/StructureDefinition-56375452-bfa1-4111-af7c-5b5ba9a1857c.profile.history.html  (00:00.000 / 02:09.352, 442Mb)
Check /work/output/en/StructureDefinition-56375452-bfa1-4111-af7c-5b5ba9a1857c.profile.json.html     (00:00.002 / 02:09.354, 446Mb)
Check /work/output/en/StructureDefinition-56375452-bfa1-4111-af7c-5b5ba9a1857c.profile.xml.html      (00:00.038 / 02:09.392, 704Mb)
Check /work/output/en/StructureDefinition-56375452-bfa1-4111-af7c-5b5ba9a1857c.xml                   (00:00.064 / 02:09.457, 878Mb)
Check /work/output/en/StructureDefinition-e0e166b4-0f77-478d-9062-de0034d98ce0-definitions.html      (00:00.001 / 02:09.458, 879Mb)
Check /work/output/en/StructureDefinition-e0e166b4-0f77-478d-9062-de0034d98ce0-examples.html         (00:00.153 / 02:09.612, 882Mb)
Check /work/output/en/StructureDefinition-e0e166b4-0f77-478d-9062-de0034d98ce0-intro.md              (00:00.002 / 02:09.615, 888Mb)
Check /work/output/en/StructureDefinition-e0e166b4-0f77-478d-9062-de0034d98ce0-mappings.html         (00:00.001 / 02:09.616, 888Mb)
Check /work/output/en/StructureDefinition-e0e166b4-0f77-478d-9062-de0034d98ce0-notes.md              (00:00.041 / 02:09.657, 958Mb)
Check /work/output/en/StructureDefinition-e0e166b4-0f77-478d-9062-de0034d98ce0-testing.html          (00:00.000 / 02:09.658, 958Mb)
Check /work/output/en/StructureDefinition-e0e166b4-0f77-478d-9062-de0034d98ce0.html                  (00:00.002 / 02:09.660, 962Mb)
Check /work/output/en/StructureDefinition-e0e166b4-0f77-478d-9062-de0034d98ce0.json                  (00:00.198 / 02:09.859, 862Mb)
Check /work/output/en/StructureDefinition-e0e166b4-0f77-478d-9062-de0034d98ce0.md                    (00:00.002 / 02:09.862, 863Mb)
Check /work/output/en/StructureDefinition-e0e166b4-0f77-478d-9062-de0034d98ce0.profile.history.html  (00:00.000 / 02:09.862, 864Mb)
Check /work/output/en/StructureDefinition-e0e166b4-0f77-478d-9062-de0034d98ce0.profile.json.html     (00:00.002 / 02:09.865, 868Mb)
Check /work/output/en/StructureDefinition-e0e166b4-0f77-478d-9062-de0034d98ce0.profile.xml.html      (00:00.111 / 02:09.976, 1Gb)
Check /work/output/en/StructureDefinition-e0e166b4-0f77-478d-9062-de0034d98ce0.xml                   (00:00.266 / 02:10.242, 616Mb)
Check /work/output/en/StructureDefinition-f675b1e8-9f3f-44e8-bb59-9681f78eb464-definitions.html      (00:00.002 / 02:10.245, 618Mb)
Check /work/output/en/StructureDefinition-f675b1e8-9f3f-44e8-bb59-9681f78eb464-examples.html         (00:00.048 / 02:10.293, 788Mb)
Check /work/output/en/StructureDefinition-f675b1e8-9f3f-44e8-bb59-9681f78eb464-intro.md              (00:00.002 / 02:10.296, 794Mb)
Check /work/output/en/StructureDefinition-f675b1e8-9f3f-44e8-bb59-9681f78eb464-mappings.html         (00:00.000 / 02:10.296, 794Mb)
Check /work/output/en/StructureDefinition-f675b1e8-9f3f-44e8-bb59-9681f78eb464-notes.md              (00:00.017 / 02:10.313, 824Mb)
Check /work/output/en/StructureDefinition-f675b1e8-9f3f-44e8-bb59-9681f78eb464-testing.html          (00:00.000 / 02:10.314, 824Mb)
Check /work/output/en/StructureDefinition-f675b1e8-9f3f-44e8-bb59-9681f78eb464.html                  (00:00.002 / 02:10.317, 830Mb)
Check /work/output/en/StructureDefinition-f675b1e8-9f3f-44e8-bb59-9681f78eb464.json                  (00:00.072 / 02:10.389, 1Gb)
Check /work/output/en/StructureDefinition-f675b1e8-9f3f-44e8-bb59-9681f78eb464.md                    (00:00.001 / 02:10.390, 1Gb)
Check /work/output/en/StructureDefinition-f675b1e8-9f3f-44e8-bb59-9681f78eb464.profile.history.html  (00:00.000 / 02:10.391, 1Gb)
Check /work/output/en/StructureDefinition-f675b1e8-9f3f-44e8-bb59-9681f78eb464.profile.json.html     (00:00.002 / 02:10.393, 1Gb)
Check /work/output/en/StructureDefinition-f675b1e8-9f3f-44e8-bb59-9681f78eb464.profile.xml.html      (00:00.037 / 02:10.431, 601Mb)
Check /work/output/en/StructureDefinition-f675b1e8-9f3f-44e8-bb59-9681f78eb464.xml                   (00:00.054 / 02:10.486, 777Mb)
Check /work/output/en/ValueSet-2.16.840.1.113883.3.1937.777.24.11.30--20210323234509-testing.html    (00:00.001 / 02:10.487, 777Mb)
Check /work/output/en/ValueSet-2.16.840.1.113883.3.1937.777.24.11.30--20210323234509.change.history.html (00:00.002 / 02:10.489, 783Mb)
Check /work/output/en/ValueSet-2.16.840.1.113883.3.1937.777.24.11.30--20210323234509.html            (00:00.002 / 02:10.492, 787Mb)
Check /work/output/en/ValueSet-2.16.840.1.113883.3.1937.777.24.11.30--20210323234509.json            (00:00.003 / 02:10.495, 797Mb)
Check /work/output/en/ValueSet-2.16.840.1.113883.3.1937.777.24.11.30--20210323234509.json.html       (00:00.000 / 02:10.496, 797Mb)
Check /work/output/en/ValueSet-2.16.840.1.113883.3.1937.777.24.11.30--20210323234509.md              (00:00.004 / 02:10.500, 815Mb)
Check /work/output/en/ValueSet-2.16.840.1.113883.3.1937.777.24.11.30--20210323234509.xml             (00:00.000 / 02:10.500, 815Mb)
Check /work/output/en/ValueSet-2.16.840.1.113883.3.1937.777.24.11.30--20210323234509.xml.html        (00:00.000 / 02:10.501, 815Mb)
Check /work/output/en/ValueSet-2.16.840.1.113883.3.1937.777.24.11.36--20230331232804-testing.html    (00:00.004 / 02:10.505, 829Mb)
Check /work/output/en/ValueSet-2.16.840.1.113883.3.1937.777.24.11.36--20230331232804.change.history.html (00:00.002 / 02:10.507, 835Mb)
Check /work/output/en/ValueSet-2.16.840.1.113883.3.1937.777.24.11.36--20230331232804.html            (00:00.002 / 02:10.510, 839Mb)
Check /work/output/en/ValueSet-2.16.840.1.113883.3.1937.777.24.11.36--20230331232804.json            (00:00.033 / 02:10.544, 909Mb)
Check /work/output/en/ValueSet-2.16.840.1.113883.3.1937.777.24.11.36--20230331232804.json.html       (00:00.000 / 02:10.545, 909Mb)
Check /work/output/en/ValueSet-2.16.840.1.113883.3.1937.777.24.11.36--20230331232804.md              (00:00.003 / 02:10.548, 923Mb)
.Check /work/output/en/ValueSet-2.16.840.1.113883.3.1937.777.24.11.36--20230331232804.xml             (00:00.000 / 02:10.549, 923Mb)
Check /work/output/en/ValueSet-2.16.840.1.113883.3.1937.777.24.11.36--20230331232804.xml.html        (00:00.000 / 02:10.549, 923Mb)
Check /work/output/en/ValueSet-88464c5b-5338-4c2b-9c07-b42fef2ada64-testing.html                     (00:00.003 / 02:10.553, 933Mb)
Check /work/output/en/ValueSet-88464c5b-5338-4c2b-9c07-b42fef2ada64.change.history.html              (00:00.002 / 02:10.555, 939Mb)
Check /work/output/en/ValueSet-88464c5b-5338-4c2b-9c07-b42fef2ada64.html                             (00:00.002 / 02:10.557, 943Mb)
Check /work/output/en/ValueSet-88464c5b-5338-4c2b-9c07-b42fef2ada64.json                             (00:00.003 / 02:10.561, 953Mb)
Check /work/output/en/ValueSet-88464c5b-5338-4c2b-9c07-b42fef2ada64.json.html                        (00:00.000 / 02:10.561, 953Mb)
Check /work/output/en/ValueSet-88464c5b-5338-4c2b-9c07-b42fef2ada64.md                               (00:00.002 / 02:10.564, 967Mb)
Check /work/output/en/ValueSet-88464c5b-5338-4c2b-9c07-b42fef2ada64.xml                              (00:00.000 / 02:10.564, 967Mb)
Check /work/output/en/ValueSet-88464c5b-5338-4c2b-9c07-b42fef2ada64.xml.html                         (00:00.000 / 02:10.565, 967Mb)
Check /work/output/en/ai.zip                                                                         (00:00.003 / 02:10.568, 975Mb)
Check /work/output/en/alert.jpg                                                                      (00:00.001 / 02:10.570, 976Mb)
Check /work/output/en/artifacts.html                                                                 (00:00.000 / 02:10.570, 976Mb)
Check /work/output/en/artifacts.md                                                                   (00:00.005 / 02:10.575, 1003Mb)
Check /work/output/en/assets/css/bootstrap-fhir.css                                                  (00:00.000 / 02:10.575, 1003Mb)
Check /work/output/en/assets/css/bootstrap-glyphicons.css                                            (00:00.000 / 02:10.576, 1003Mb)
Check /work/output/en/assets/css/cqf.css                                                             (00:00.000 / 02:10.576, 1003Mb)
Check /work/output/en/assets/css/hl7.css                                                             (00:00.000 / 02:10.577, 1003Mb)
Check /work/output/en/assets/css/jquery-ui.css                                                       (00:00.000 / 02:10.577, 1003Mb)
Check /work/output/en/assets/css/jquery-ui.structure.min.css                                         (00:00.000 / 02:10.577, 1003Mb)
Check /work/output/en/assets/css/jquery-ui.theme.min.css                                             (00:00.000 / 02:10.577, 1003Mb)
Check /work/output/en/assets/css/mii.css                                                             (00:00.000 / 02:10.578, 1003Mb)
Check /work/output/en/assets/css/prism-fhirpath.css                                                  (00:00.000 / 02:10.578, 1003Mb)
Check /work/output/en/assets/css/prism.css                                                           (00:00.000 / 02:10.578, 1003Mb)
Check /work/output/en/assets/css/project.css                                                         (00:00.000 / 02:10.578, 1003Mb)
Check /work/output/en/assets/css/pygments-manni.css                                                  (00:00.000 / 02:10.579, 1003Mb)
Check /work/output/en/assets/css/xml.css                                                             (00:00.000 / 02:10.579, 1003Mb)
Check /work/output/en/assets/fonts/OpenSans-CondBold-webfont.eot                                     (00:00.000 / 02:10.579, 1003Mb)
Check /work/output/en/assets/fonts/OpenSans-CondBold-webfont.svg                                     (00:00.000 / 02:10.580, 1003Mb)
Check /work/output/en/assets/fonts/OpenSans-CondBold-webfont.ttf                                     (00:00.008 / 02:10.588, 1019Mb)
Check /work/output/en/assets/fonts/OpenSans-CondBold-webfont.woff                                    (00:00.000 / 02:10.589, 1019Mb)
Check /work/output/en/assets/fonts/OpenSans-CondLight-webfont.eot                                    (00:00.000 / 02:10.590, 1019Mb)
Check /work/output/en/assets/fonts/OpenSans-CondLight-webfont.svg                                    (00:00.000 / 02:10.590, 1019Mb)
Check /work/output/en/assets/fonts/OpenSans-CondLight-webfont.ttf                                    (00:00.010 / 02:10.600, 1Gb)
Check /work/output/en/assets/fonts/OpenSans-CondLight-webfont.woff                                   (00:00.000 / 02:10.601, 1Gb)
Check /work/output/en/assets/fonts/glyphiconshalflings-regular.eot                                   (00:00.000 / 02:10.601, 1Gb)
Check /work/output/en/assets/fonts/glyphiconshalflings-regular.otf                                   (00:00.000 / 02:10.602, 1Gb)
Check /work/output/en/assets/fonts/glyphiconshalflings-regular.svg                                   (00:00.000 / 02:10.602, 1Gb)
Check /work/output/en/assets/fonts/glyphiconshalflings-regular.ttf                                   (00:00.004 / 02:10.606, 1Gb)
Check /work/output/en/assets/fonts/glyphiconshalflings-regular.woff                                  (00:00.000 / 02:10.607, 1Gb)
Check /work/output/en/assets/ico/favicon.png                                                         (00:00.000 / 02:10.608, 1Gb)
Check /work/output/en/assets/ico/icon-fhir-114.png                                                   (00:00.000 / 02:10.609, 1Gb)
Check /work/output/en/assets/ico/icon-fhir-144.png                                                   (00:00.000 / 02:10.609, 1Gb)
Check /work/output/en/assets/ico/icon-fhir-57.png                                                    (00:00.000 / 02:10.610, 1Gb)
Check /work/output/en/assets/ico/icon-fhir-72.png                                                    (00:00.000 / 02:10.610, 1Gb)
Check /work/output/en/assets/ico/noun_copy to clipboard_1669410.png                                  (00:00.000 / 02:10.611, 1Gb)
Check /work/output/en/assets/images/001.svg                                                          (00:00.000 / 02:10.611, 1Gb)
Check /work/output/en/assets/images/deu.svg                                                          (00:00.000 / 02:10.612, 1Gb)
Check /work/output/en/assets/images/download.png                                                     (00:00.000 / 02:10.612, 1Gb)
Check /work/output/en/assets/images/dragon.png                                                       (00:00.000 / 02:10.613, 1Gb)
Check /work/output/en/assets/images/external.png                                                     (00:00.001 / 02:10.614, 1Gb)
Check /work/output/en/assets/images/fcp-logo.png                                                     (00:00.000 / 02:10.614, 1Gb)
Check /work/output/en/assets/images/fhir-logo-www.png                                                (00:00.001 / 02:10.615, 1Gb)
Check /work/output/en/assets/images/hl7-logo-header.png                                              (00:00.000 / 02:10.616, 1Gb)
Check /work/output/en/assets/images/icon_arrow_down.png                                              (00:00.000 / 02:10.616, 1Gb)
Check /work/output/en/assets/images/icon_arrow_up.png                                                (00:00.000 / 02:10.616, 1Gb)
Check /work/output/en/assets/images/lang-ar.png                                                      (00:00.000 / 02:10.617, 1Gb)
Check /work/output/en/assets/images/lang-de.png                                                      (00:00.000 / 02:10.617, 1Gb)
.Check /work/output/en/assets/images/lang-en.png                                                      (00:00.000 / 02:10.617, 1Gb)
Check /work/output/en/assets/images/lang-es.png                                                      (00:00.000 / 02:10.618, 1Gb)
Check /work/output/en/assets/images/lang-fr.png                                                      (00:00.000 / 02:10.618, 1Gb)
Check /work/output/en/assets/images/lang-ja.png                                                      (00:00.000 / 02:10.618, 1Gb)
Check /work/output/en/assets/images/lang-kr.png                                                      (00:00.000 / 02:10.618, 1Gb)
Check /work/output/en/assets/images/lang-nl.png                                                      (00:00.000 / 02:10.619, 1Gb)
Check /work/output/en/assets/images/lang-pt.png                                                      (00:00.000 / 02:10.619, 1Gb)
Check /work/output/en/assets/images/lang-pt_BR.png                                                   (00:00.000 / 02:10.619, 1Gb)
Check /work/output/en/assets/images/lang-ru.png                                                      (00:00.000 / 02:10.619, 1Gb)
Check /work/output/en/assets/images/lang-zh-TW.png                                                   (00:00.000 / 02:10.619, 1Gb)
Check /work/output/en/assets/images/lang-zh.png                                                      (00:00.000 / 02:10.620, 1Gb)
Check /work/output/en/assets/images/link.svg                                                         (00:00.000 / 02:10.620, 1Gb)
Check /work/output/en/assets/images/logo-de.svg                                                      (00:00.000 / 02:10.620, 1Gb)
Check /work/output/en/assets/images/logo-en.svg                                                      (00:00.003 / 02:10.624, 1Gb)
Check /work/output/en/assets/images/logo_ansinew.jpg                                                 (00:00.006 / 02:10.631, 1Gb)
Check /work/output/en/assets/images/search.png                                                       (00:00.000 / 02:10.631, 1Gb)
Check /work/output/en/assets/images/stripe.png                                                       (00:00.000 / 02:10.631, 1Gb)
Check /work/output/en/assets/images/target.png                                                       (00:00.000 / 02:10.632, 1Gb)
Check /work/output/en/assets/js/anchor-hover.js                                                      (00:00.000 / 02:10.632, 1Gb)
Check /work/output/en/assets/js/anchor.min.js                                                        (00:00.000 / 02:10.633, 1Gb)
Check /work/output/en/assets/js/bootstrap.min.js                                                     (00:00.000 / 02:10.633, 1Gb)
Check /work/output/en/assets/js/clipboard-btn.js                                                     (00:00.000 / 02:10.634, 1Gb)
Check /work/output/en/assets/js/clipboard.min.js                                                     (00:00.000 / 02:10.634, 1Gb)
Check /work/output/en/assets/js/direction-management.js                                              (00:00.000 / 02:10.635, 1Gb)
Check /work/output/en/assets/js/fhir-table-scripts.js                                                (00:00.000 / 02:10.635, 1Gb)
Check /work/output/en/assets/js/fhir.js                                                              (00:00.000 / 02:10.635, 1Gb)
Check /work/output/en/assets/js/flags.js                                                             (00:00.000 / 02:10.635, 1Gb)
Check /work/output/en/assets/js/html5shiv.js                                                         (00:00.000 / 02:10.636, 1Gb)
Check /work/output/en/assets/js/jquery-3.7.0.min.map                                                 (00:00.000 / 02:10.636, 1Gb)
Check /work/output/en/assets/js/jquery-ui.min.js                                                     (00:00.000 / 02:10.637, 1Gb)
Check /work/output/en/assets/js/jquery.js                                                            (00:00.000 / 02:10.637, 1Gb)
Check /work/output/en/assets/js/lang-redirects.js                                                    (00:00.000 / 02:10.637, 1Gb)
Check /work/output/en/assets/js/mermaid-init.js                                                      (00:00.000 / 02:10.638, 1Gb)
Check /work/output/en/assets/js/mermaid.js                                                           (00:00.000 / 02:10.638, 1Gb)
Check /work/output/en/assets/js/prism-fhirpath.js                                                    (00:00.016 / 02:10.654, 1Gb)
Check /work/output/en/assets/js/prism.js                                                             (00:00.000 / 02:10.654, 1Gb)
Check /work/output/en/assets/js/readme.txt                                                           (00:00.002 / 02:10.657, 1Gb)
Check /work/output/en/assets/js/respond.min.js                                                       (00:00.000 / 02:10.657, 1Gb)
Check /work/output/en/assets/js/tabs.js                                                              (00:00.000 / 02:10.657, 1Gb)
Check /work/output/en/assets/js/topofpage.js                                                         (00:00.000 / 02:10.658, 1Gb)
Check /work/output/en/assets/js/window-hash.js                                                       (00:00.000 / 02:10.658, 1Gb)
Check /work/output/en/assets/js/xml.js                                                               (00:00.000 / 02:10.658, 1Gb)
Check /work/output/en/capability-statements.html                                                     (00:00.000 / 02:10.659, 1Gb)
Check /work/output/en/capability-statements.md                                                       (00:00.002 / 02:10.661, 1Gb)
Check /work/output/en/cc0.png                                                                        (00:00.000 / 02:10.661, 1Gb)
Check /work/output/en/changes.html                                                                   (00:00.000 / 02:10.661, 1Gb)
Check /work/output/en/changes.md                                                                     (00:00.004 / 02:10.666, 1Gb)
Check /work/output/en/conformance.html                                                               (00:00.000 / 02:10.666, 1Gb)
Check /work/output/en/conformance.md                                                                 (00:00.011 / 02:10.677, 370Mb)
Check /work/output/en/datasets-and-descriptions.html                                                 (00:00.000 / 02:10.678, 370Mb)
Check /work/output/en/datasets-and-descriptions.md                                                   (00:00.004 / 02:10.683, 378Mb)
Check /work/output/en/downloads.html                                                                 (00:00.002 / 02:10.685, 378Mb)
Check /work/output/en/downloads.md                                                                   (00:00.004 / 02:10.690, 388Mb)
Check /work/output/en/examples.html                                                                  (00:00.000 / 02:10.690, 388Mb)
Check /work/output/en/examples.md                                                                    (00:00.004 / 02:10.695, 398Mb)
Check /work/output/en/external.png                                                                   (00:00.000 / 02:10.696, 398Mb)
Check /work/output/en/fhir-table-scripts.js                                                          (00:00.000 / 02:10.696, 398Mb)
Check /work/output/en/fhir.css                                                                       (00:00.000 / 02:10.697, 398Mb)
.Check /work/output/en/general-requirements.html                                                      (00:00.000 / 02:10.697, 398Mb)
Check /work/output/en/general-requirements.md                                                        (00:00.016 / 02:10.714, 426Mb)
Check /work/output/en/guidance.html                                                                  (00:00.000 / 02:10.715, 426Mb)
Check /work/output/en/guidance.md                                                                    (00:00.004 / 02:10.719, 432Mb)
Check /work/output/en/icon-administration.png                                                        (00:00.000 / 02:10.720, 432Mb)
Check /work/output/en/icon-change-add.png                                                            (00:00.001 / 02:10.721, 432Mb)
Check /work/output/en/icon-change-edit.png                                                           (00:00.000 / 02:10.722, 432Mb)
Check /work/output/en/icon-change-remove.png                                                         (00:00.000 / 02:10.722, 432Mb)
Check /work/output/en/icon-clinical.png                                                              (00:00.000 / 02:10.723, 432Mb)
Check /work/output/en/icon-dictionary.png                                                            (00:00.000 / 02:10.724, 434Mb)
Check /work/output/en/icon-directory.gif                                                             (00:00.000 / 02:10.724, 434Mb)
Check /work/output/en/icon-documentation.png                                                         (00:00.000 / 02:10.725, 434Mb)
Check /work/output/en/icon-error.gif                                                                 (00:00.000 / 02:10.725, 434Mb)
Check /work/output/en/icon-example.png                                                               (00:00.000 / 02:10.726, 434Mb)
Check /work/output/en/icon-fhir-1024.png                                                             (00:00.000 / 02:10.726, 434Mb)
Check /work/output/en/icon-fhir-128.png                                                              (00:00.001 / 02:10.727, 434Mb)
Check /work/output/en/icon-fhir-16-grey.png                                                          (00:00.000 / 02:10.727, 434Mb)
Check /work/output/en/icon-fhir-16.png                                                               (00:00.000 / 02:10.728, 434Mb)
Check /work/output/en/icon-fhir-24.png                                                               (00:00.000 / 02:10.728, 434Mb)
Check /work/output/en/icon-fhir-32.png                                                               (00:00.000 / 02:10.728, 434Mb)
Check /work/output/en/icon-fhir-48.png                                                               (00:00.000 / 02:10.729, 434Mb)
Check /work/output/en/icon-fhir-64.png                                                               (00:00.000 / 02:10.729, 434Mb)
Check /work/output/en/icon-fhir-720.png                                                              (00:00.000 / 02:10.729, 434Mb)
Check /work/output/en/icon-implementation.png                                                        (00:00.000 / 02:10.730, 434Mb)
Check /work/output/en/icon-include.png                                                               (00:00.000 / 02:10.730, 434Mb)
Check /work/output/en/icon-infrastructure.png                                                        (00:00.000 / 02:10.731, 434Mb)
Check /work/output/en/icon-key.png                                                                   (00:00.000 / 02:10.731, 434Mb)
Check /work/output/en/icon-list.gif                                                                  (00:00.000 / 02:10.732, 434Mb)
Check /work/output/en/icon-not-selected.png                                                          (00:00.000 / 02:10.732, 434Mb)
Check /work/output/en/icon-object-box.png                                                            (00:00.000 / 02:10.732, 434Mb)
Check /work/output/en/icon-page.png                                                                  (00:00.000 / 02:10.732, 434Mb)
Check /work/output/en/icon-q-attachment.png                                                          (00:00.000 / 02:10.733, 434Mb)
Check /work/output/en/icon-q-boolean.png                                                             (00:00.000 / 02:10.733, 434Mb)
Check /work/output/en/icon-q-choice.png                                                              (00:00.000 / 02:10.733, 434Mb)
Check /work/output/en/icon-q-coding.png                                                              (00:00.000 / 02:10.733, 434Mb)
Check /work/output/en/icon-q-date.png                                                                (00:00.000 / 02:10.734, 436Mb)
Check /work/output/en/icon-q-datetime.png                                                            (00:00.000 / 02:10.734, 436Mb)
Check /work/output/en/icon-q-decimal.png                                                             (00:00.000 / 02:10.734, 436Mb)
Check /work/output/en/icon-q-display.png                                                             (00:00.000 / 02:10.735, 436Mb)
Check /work/output/en/icon-q-group.png                                                               (00:00.000 / 02:10.735, 436Mb)
Check /work/output/en/icon-q-integer.png                                                             (00:00.000 / 02:10.735, 436Mb)
Check /work/output/en/icon-q-item.png                                                                (00:00.000 / 02:10.735, 436Mb)
Check /work/output/en/icon-q-open-choice.png                                                         (00:00.000 / 02:10.736, 436Mb)
Check /work/output/en/icon-q-quantity.png                                                            (00:00.000 / 02:10.736, 436Mb)
Check /work/output/en/icon-q-reference.png                                                           (00:00.000 / 02:10.736, 436Mb)
Check /work/output/en/icon-q-string.png                                                              (00:00.000 / 02:10.737, 436Mb)
Check /work/output/en/icon-q-text.png                                                                (00:00.000 / 02:10.737, 436Mb)
Check /work/output/en/icon-q-time.png                                                                (00:00.000 / 02:10.737, 436Mb)
Check /work/output/en/icon-q-url.png                                                                 (00:00.000 / 02:10.737, 436Mb)
Check /work/output/en/icon-qi-help.png                                                               (00:00.000 / 02:10.738, 436Mb)
Check /work/output/en/icon-qi-hidden.png                                                             (00:00.000 / 02:10.738, 436Mb)
Check /work/output/en/icon-qi-horizontal.png                                                         (00:00.000 / 02:10.738, 436Mb)
Check /work/output/en/icon-qi-instructions.png                                                       (00:00.000 / 02:10.739, 436Mb)
Check /work/output/en/icon-qi-observation.png                                                        (00:00.000 / 02:10.739, 436Mb)
Check /work/output/en/icon-qi-optional.png                                                           (00:00.000 / 02:10.739, 436Mb)
Check /work/output/en/icon-qi-readonly.png                                                           (00:00.000 / 02:10.739, 436Mb)
Check /work/output/en/icon-qi-security.bmp                                                           (00:00.000 / 02:10.740, 436Mb)
Check /work/output/en/icon-qi-security.png                                                           (00:00.002 / 02:10.742, 436Mb)
.Check /work/output/en/icon-qi-subject.png                                                            (00:00.000 / 02:10.742, 436Mb)
Check /work/output/en/icon-qi-vertical.png                                                           (00:00.000 / 02:10.742, 436Mb)
Check /work/output/en/icon-resource.png                                                              (00:00.000 / 02:10.743, 436Mb)
Check /work/output/en/icon-selected.png                                                              (00:00.000 / 02:10.743, 436Mb)
Check /work/output/en/icon-toc.png                                                                   (00:00.000 / 02:10.743, 436Mb)
Check /work/output/en/icon-type-operation.png                                                        (00:00.000 / 02:10.743, 436Mb)
Check /work/output/en/icon-warning.png                                                               (00:00.000 / 02:10.743, 436Mb)
Check /work/output/en/icon_bundle.png                                                                (00:00.000 / 02:10.744, 436Mb)
Check /work/output/en/icon_choice.gif                                                                (00:00.000 / 02:10.744, 436Mb)
Check /work/output/en/icon_datatype.gif                                                              (00:00.000 / 02:10.744, 436Mb)
Check /work/output/en/icon_element.gif                                                               (00:00.000 / 02:10.744, 436Mb)
Check /work/output/en/icon_entry_blue.png                                                            (00:00.000 / 02:10.745, 436Mb)
Check /work/output/en/icon_extension.png                                                             (00:00.000 / 02:10.745, 436Mb)
Check /work/output/en/icon_extension_complex.png                                                     (00:00.000 / 02:10.745, 436Mb)
Check /work/output/en/icon_extension_simple.png                                                      (00:00.000 / 02:10.745, 436Mb)
Check /work/output/en/icon_fixed.gif                                                                 (00:00.000 / 02:10.745, 436Mb)
Check /work/output/en/icon_group.png                                                                 (00:00.000 / 02:10.746, 436Mb)
Check /work/output/en/icon_latest.png                                                                (00:00.000 / 02:10.746, 436Mb)
Check /work/output/en/icon_modifier_extension_complex.png                                            (00:00.000 / 02:10.746, 436Mb)
Check /work/output/en/icon_modifier_extension_simple.png                                             (00:00.000 / 02:10.746, 436Mb)
Check /work/output/en/icon_page-child.gif                                                            (00:00.000 / 02:10.746, 436Mb)
Check /work/output/en/icon_page.gif                                                                  (00:00.000 / 02:10.747, 436Mb)
Check /work/output/en/icon_page_n.gif                                                                (00:00.000 / 02:10.747, 436Mb)
Check /work/output/en/icon_page_n_c.gif                                                              (00:00.000 / 02:10.747, 436Mb)
Check /work/output/en/icon_page_n_i.gif                                                              (00:00.000 / 02:10.748, 436Mb)
Check /work/output/en/icon_page_n_o.gif                                                              (00:00.000 / 02:10.748, 436Mb)
Check /work/output/en/icon_page_n_p.gif                                                              (00:00.000 / 02:10.748, 436Mb)
Check /work/output/en/icon_primitive.png                                                             (00:00.000 / 02:10.748, 436Mb)
Check /work/output/en/icon_profile.png                                                               (00:00.000 / 02:10.748, 436Mb)
Check /work/output/en/icon_q_item.png                                                                (00:00.000 / 02:10.749, 436Mb)
Check /work/output/en/icon_q_root.gif                                                                (00:00.000 / 02:10.749, 436Mb)
Check /work/output/en/icon_reference.png                                                             (00:00.000 / 02:10.749, 436Mb)
Check /work/output/en/icon_resource.png                                                              (00:00.000 / 02:10.749, 436Mb)
Check /work/output/en/icon_reuse.png                                                                 (00:00.000 / 02:10.750, 436Mb)
Check /work/output/en/icon_slice.png                                                                 (00:00.000 / 02:10.750, 436Mb)
Check /work/output/en/icon_slice_item.png                                                            (00:00.000 / 02:10.750, 436Mb)
Check /work/output/en/icon_text.png                                                                  (00:00.000 / 02:10.750, 436Mb)
Check /work/output/en/icon_vd_col.png                                                                (00:00.000 / 02:10.750, 436Mb)
Check /work/output/en/icon_vd_foreach.png                                                            (00:00.000 / 02:10.751, 436Mb)
Check /work/output/en/icon_vd_select.png                                                             (00:00.000 / 02:10.751, 436Mb)
Check /work/output/en/icon_vd_union.png                                                              (00:00.000 / 02:10.751, 436Mb)
Check /work/output/en/icon_vd_view.png                                                               (00:00.000 / 02:10.751, 436Mb)
Check /work/output/en/implementer-guidance.html                                                      (00:00.000 / 02:10.751, 436Mb)
Check /work/output/en/implementer-guidance.md                                                        (00:00.004 / 02:10.756, 454Mb)
Check /work/output/en/index.html                                                                     (00:00.000 / 02:10.756, 454Mb)
Check /work/output/en/index.md                                                                       (00:00.004 / 02:10.760, 472Mb)
Check /work/output/en/information-model_UML-Diagramm_MII-spez.png                                    (00:00.000 / 02:10.761, 472Mb)
Check /work/output/en/information.png                                                                (00:00.002 / 02:10.763, 472Mb)
Check /work/output/en/link.svg                                                                       (00:00.000 / 02:10.764, 472Mb)
Check /work/output/en/llms.txt                                                                       (00:00.000 / 02:10.764, 472Mb)
Check /work/output/en/lock.png                                                                       (00:00.000 / 02:10.764, 472Mb)
Check /work/output/en/logical-models.html                                                            (00:00.000 / 02:10.765, 472Mb)
Check /work/output/en/logical-models.md                                                              (00:00.002 / 02:10.767, 480Mb)
Check /work/output/en/metadata.html                                                                  (00:00.000 / 02:10.767, 480Mb)
Check /work/output/en/metadata.md                                                                    (00:00.007 / 02:10.774, 518Mb)
Check /work/output/en/missing-data.html                                                              (00:00.000 / 02:10.774, 518Mb)
Check /work/output/en/missing-data.md                                                                (00:00.005 / 02:10.780, 534Mb)
Check /work/output/en/modifier.png                                                                   (00:00.000 / 02:10.781, 534Mb)
.Check /work/output/en/must-support.html                                                              (00:00.000 / 02:10.781, 534Mb)
Check /work/output/en/must-support.md                                                                (00:00.006 / 02:10.787, 554Mb)
Check /work/output/en/mustsupport.png                                                                (00:00.000 / 02:10.788, 554Mb)
Check /work/output/en/new.png                                                                        (00:00.000 / 02:10.788, 554Mb)
Check /work/output/en/prism.css                                                                      (00:00.000 / 02:10.788, 554Mb)
Check /work/output/en/prism.js                                                                       (00:00.000 / 02:10.788, 554Mb)
Check /work/output/en/profiles-and-extensions.html                                                   (00:00.002 / 02:10.791, 556Mb)
Check /work/output/en/profiles-and-extensions.md                                                     (00:00.003 / 02:10.795, 570Mb)
Check /work/output/en/researcher-guidance.html                                                       (00:00.000 / 02:10.795, 570Mb)
Check /work/output/en/researcher-guidance.md                                                         (00:00.002 / 02:10.797, 576Mb)
Check /work/output/en/search-parameters-and-operations.html                                          (00:00.000 / 02:10.797, 576Mb)
Check /work/output/en/search-parameters-and-operations.md                                            (00:00.003 / 02:10.801, 594Mb)
Check /work/output/en/searchform.html                                                                (00:00.000 / 02:10.802, 594Mb)
Check /work/output/en/security-and-privacy.html                                                      (00:00.000 / 02:10.803, 594Mb)
Check /work/output/en/security-and-privacy.md                                                        (00:00.002 / 02:10.805, 606Mb)
Check /work/output/en/summary.png                                                                    (00:00.000 / 02:10.806, 606Mb)
Check /work/output/en/target.png                                                                     (00:00.000 / 02:10.806, 606Mb)
Check /work/output/en/tbl-closed.png                                                                 (00:00.000 / 02:10.806, 606Mb)
Check /work/output/en/tbl-open.png                                                                   (00:00.000 / 02:10.807, 606Mb)
Check /work/output/en/tbl_bck0.png                                                                   (00:00.000 / 02:10.807, 606Mb)
Check /work/output/en/tbl_bck00.png                                                                  (00:00.000 / 02:10.807, 606Mb)
Check /work/output/en/tbl_bck000.png                                                                 (00:00.000 / 02:10.807, 606Mb)
Check /work/output/en/tbl_bck0000.png                                                                (00:00.000 / 02:10.808, 606Mb)
Check /work/output/en/tbl_bck00000.png                                                               (00:00.000 / 02:10.808, 606Mb)
Check /work/output/en/tbl_bck000000.png                                                              (00:00.000 / 02:10.808, 606Mb)
Check /work/output/en/tbl_bck0000000.png                                                             (00:00.000 / 02:10.808, 606Mb)
Check /work/output/en/tbl_bck000001.png                                                              (00:00.000 / 02:10.809, 606Mb)
Check /work/output/en/tbl_bck0000010.png                                                             (00:00.000 / 02:10.809, 606Mb)
Check /work/output/en/tbl_bck00001.png                                                               (00:00.000 / 02:10.809, 606Mb)
Check /work/output/en/tbl_bck000010.png                                                              (00:00.000 / 02:10.809, 606Mb)
Check /work/output/en/tbl_bck0000100.png                                                             (00:00.000 / 02:10.810, 606Mb)
Check /work/output/en/tbl_bck000010000.png                                                           (00:00.000 / 02:10.810, 606Mb)
Check /work/output/en/tbl_bck00001001.png                                                            (00:00.000 / 02:10.810, 606Mb)
Check /work/output/en/tbl_bck000010010.png                                                           (00:00.000 / 02:10.811, 606Mb)
Check /work/output/en/tbl_bck0000101.png                                                             (00:00.000 / 02:10.811, 606Mb)
Check /work/output/en/tbl_bck00001010.png                                                            (00:00.000 / 02:10.811, 606Mb)
Check /work/output/en/tbl_bck000011.png                                                              (00:00.000 / 02:10.812, 606Mb)
Check /work/output/en/tbl_bck0000110.png                                                             (00:00.000 / 02:10.812, 606Mb)
Check /work/output/en/tbl_bck00001100.png                                                            (00:00.000 / 02:10.812, 606Mb)
Check /work/output/en/tbl_bck0000111.png                                                             (00:00.000 / 02:10.812, 606Mb)
Check /work/output/en/tbl_bck00001110.png                                                            (00:00.000 / 02:10.812, 606Mb)
Check /work/output/en/tbl_bck000011100.png                                                           (00:00.000 / 02:10.813, 606Mb)
Check /work/output/en/tbl_bck0000111000.png                                                          (00:00.000 / 02:10.813, 606Mb)
Check /work/output/en/tbl_bck00001110000.png                                                         (00:00.000 / 02:10.813, 606Mb)
Check /work/output/en/tbl_bck0000111001.png                                                          (00:00.000 / 02:10.813, 606Mb)
Check /work/output/en/tbl_bck00001110010.png                                                         (00:00.000 / 02:10.814, 606Mb)
Check /work/output/en/tbl_bck000011101.png                                                           (00:00.000 / 02:10.814, 606Mb)
Check /work/output/en/tbl_bck0000111010.png                                                          (00:00.000 / 02:10.814, 606Mb)
Check /work/output/en/tbl_bck00001110100.png                                                         (00:00.000 / 02:10.814, 606Mb)
Check /work/output/en/tbl_bck0000111011.png                                                          (00:00.000 / 02:10.814, 606Mb)
Check /work/output/en/tbl_bck00001110110.png                                                         (00:00.000 / 02:10.815, 606Mb)
Check /work/output/en/tbl_bck00001111.png                                                            (00:00.000 / 02:10.815, 606Mb)
Check /work/output/en/tbl_bck000011110.png                                                           (00:00.000 / 02:10.815, 606Mb)
Check /work/output/en/tbl_bck0000111100.png                                                          (00:00.000 / 02:10.815, 606Mb)
Check /work/output/en/tbl_bck000011110000.png                                                        (00:00.000 / 02:10.816, 606Mb)
Check /work/output/en/tbl_bck00001111001.png                                                         (00:00.000 / 02:10.816, 606Mb)
Check /work/output/en/tbl_bck000011110010.png                                                        (00:00.000 / 02:10.816, 606Mb)
Check /work/output/en/tbl_bck0000111101.png                                                          (00:00.000 / 02:10.816, 606Mb)
.Check /work/output/en/tbl_bck00001111010.png                                                         (00:00.000 / 02:10.817, 606Mb)
Check /work/output/en/tbl_bck000011111.png                                                           (00:00.000 / 02:10.817, 606Mb)
Check /work/output/en/tbl_bck0000111110.png                                                          (00:00.000 / 02:10.817, 606Mb)
Check /work/output/en/tbl_bck00001111100.png                                                         (00:00.000 / 02:10.817, 606Mb)
Check /work/output/en/tbl_bck000011111000.png                                                        (00:00.000 / 02:10.818, 606Mb)
Check /work/output/en/tbl_bck00001111101.png                                                         (00:00.000 / 02:10.818, 606Mb)
Check /work/output/en/tbl_bck000011111010.png                                                        (00:00.000 / 02:10.818, 606Mb)
Check /work/output/en/tbl_bck0000111110100.png                                                       (00:00.000 / 02:10.818, 606Mb)
Check /work/output/en/tbl_bck000011111011.png                                                        (00:00.000 / 02:10.819, 606Mb)
Check /work/output/en/tbl_bck0000111110110.png                                                       (00:00.000 / 02:10.819, 606Mb)
Check /work/output/en/tbl_bck0000111111.png                                                          (00:00.000 / 02:10.819, 606Mb)
Check /work/output/en/tbl_bck00001111110.png                                                         (00:00.000 / 02:10.819, 606Mb)
Check /work/output/en/tbl_bck000011111100.png                                                        (00:00.000 / 02:10.820, 606Mb)
Check /work/output/en/tbl_bck00001111111.png                                                         (00:00.000 / 02:10.820, 606Mb)
Check /work/output/en/tbl_bck000011111110.png                                                        (00:00.000 / 02:10.820, 606Mb)
Check /work/output/en/tbl_bck0001.png                                                                (00:00.000 / 02:10.821, 606Mb)
Check /work/output/en/tbl_bck00010.png                                                               (00:00.000 / 02:10.821, 606Mb)
Check /work/output/en/tbl_bck000100.png                                                              (00:00.000 / 02:10.821, 606Mb)
Check /work/output/en/tbl_bck00011.png                                                               (00:00.000 / 02:10.821, 606Mb)
Check /work/output/en/tbl_bck000110.png                                                              (00:00.000 / 02:10.821, 606Mb)
Check /work/output/en/tbl_bck001.png                                                                 (00:00.000 / 02:10.822, 606Mb)
Check /work/output/en/tbl_bck0010.png                                                                (00:00.000 / 02:10.822, 606Mb)
Check /work/output/en/tbl_bck00100.png                                                               (00:00.000 / 02:10.822, 606Mb)
Check /work/output/en/tbl_bck001000.png                                                              (00:00.000 / 02:10.822, 606Mb)
Check /work/output/en/tbl_bck0010000.png                                                             (00:00.000 / 02:10.823, 606Mb)
Check /work/output/en/tbl_bck001001.png                                                              (00:00.000 / 02:10.823, 606Mb)
Check /work/output/en/tbl_bck0010010.png                                                             (00:00.000 / 02:10.823, 606Mb)
Check /work/output/en/tbl_bck00101.png                                                               (00:00.000 / 02:10.823, 606Mb)
Check /work/output/en/tbl_bck001010.png                                                              (00:00.000 / 02:10.824, 606Mb)
Check /work/output/en/tbl_bck0011.png                                                                (00:00.000 / 02:10.824, 606Mb)
Check /work/output/en/tbl_bck00110.png                                                               (00:00.000 / 02:10.824, 606Mb)
Check /work/output/en/tbl_bck01.png                                                                  (00:00.000 / 02:10.824, 606Mb)
Check /work/output/en/tbl_bck010.png                                                                 (00:00.000 / 02:10.825, 606Mb)
Check /work/output/en/tbl_bck0100.png                                                                (00:00.000 / 02:10.825, 606Mb)
Check /work/output/en/tbl_bck01000.png                                                               (00:00.000 / 02:10.825, 606Mb)
Check /work/output/en/tbl_bck0101.png                                                                (00:00.000 / 02:10.825, 606Mb)
Check /work/output/en/tbl_bck01010.png                                                               (00:00.000 / 02:10.825, 606Mb)
Check /work/output/en/tbl_bck010100.png                                                              (00:00.000 / 02:10.826, 606Mb)
Check /work/output/en/tbl_bck01011.png                                                               (00:00.000 / 02:10.826, 606Mb)
Check /work/output/en/tbl_bck010110.png                                                              (00:00.000 / 02:10.827, 606Mb)
Check /work/output/en/tbl_bck011.png                                                                 (00:00.000 / 02:10.827, 606Mb)
Check /work/output/en/tbl_bck0110.png                                                                (00:00.000 / 02:10.827, 606Mb)
Check /work/output/en/tbl_bck01100.png                                                               (00:00.000 / 02:10.828, 606Mb)
Check /work/output/en/tbl_bck011000.png                                                              (00:00.000 / 02:10.828, 606Mb)
Check /work/output/en/tbl_bck0110000.png                                                             (00:00.000 / 02:10.828, 606Mb)
Check /work/output/en/tbl_bck011001.png                                                              (00:00.000 / 02:10.828, 606Mb)
Check /work/output/en/tbl_bck0110010.png                                                             (00:00.000 / 02:10.828, 606Mb)
Check /work/output/en/tbl_bck01101.png                                                               (00:00.000 / 02:10.829, 606Mb)
Check /work/output/en/tbl_bck011010.png                                                              (00:00.000 / 02:10.829, 606Mb)
Check /work/output/en/tbl_bck0110100.png                                                             (00:00.000 / 02:10.829, 606Mb)
Check /work/output/en/tbl_bck011011.png                                                              (00:00.002 / 02:10.832, 606Mb)
Check /work/output/en/tbl_bck0110110.png                                                             (00:00.000 / 02:10.832, 606Mb)
Check /work/output/en/tbl_bck01101100.png                                                            (00:00.000 / 02:10.832, 606Mb)
Check /work/output/en/tbl_bck0110111.png                                                             (00:00.000 / 02:10.833, 606Mb)
Check /work/output/en/tbl_bck01101110.png                                                            (00:00.000 / 02:10.833, 606Mb)
Check /work/output/en/tbl_bck0111.png                                                                (00:00.000 / 02:10.834, 606Mb)
Check /work/output/en/tbl_bck01110.png                                                               (00:00.000 / 02:10.834, 606Mb)
Check /work/output/en/tbl_bck011100.png                                                              (00:00.000 / 02:10.834, 606Mb)
.Check /work/output/en/tbl_bck01111.png                                                               (00:00.000 / 02:10.834, 606Mb)
Check /work/output/en/tbl_bck011110.png                                                              (00:00.000 / 02:10.835, 606Mb)
Check /work/output/en/tbl_bck0111100.png                                                             (00:00.000 / 02:10.835, 606Mb)
Check /work/output/en/tbl_bck011110000.png                                                           (00:00.000 / 02:10.835, 606Mb)
Check /work/output/en/tbl_bck01111001.png                                                            (00:00.000 / 02:10.835, 606Mb)
Check /work/output/en/tbl_bck011110010.png                                                           (00:00.000 / 02:10.835, 606Mb)
Check /work/output/en/tbl_bck0111101.png                                                             (00:00.000 / 02:10.836, 606Mb)
Check /work/output/en/tbl_bck01111010.png                                                            (00:00.000 / 02:10.836, 606Mb)
Check /work/output/en/tbl_bck011111.png                                                              (00:00.000 / 02:10.836, 606Mb)
Check /work/output/en/tbl_bck0111110.png                                                             (00:00.000 / 02:10.836, 606Mb)
Check /work/output/en/tbl_bck012.png                                                                 (00:00.000 / 02:10.837, 606Mb)
Check /work/output/en/tbl_bck0240.png                                                                (00:00.000 / 02:10.837, 606Mb)
Check /work/output/en/tbl_bck02400.png                                                               (00:00.000 / 02:10.837, 606Mb)
Check /work/output/en/tbl_bck0241.png                                                                (00:00.000 / 02:10.837, 606Mb)
Check /work/output/en/tbl_bck02410.png                                                               (00:00.000 / 02:10.837, 606Mb)
Check /work/output/en/tbl_bck025.png                                                                 (00:00.000 / 02:10.838, 606Mb)
Check /work/output/en/tbl_bck0250.png                                                                (00:00.000 / 02:10.838, 606Mb)
Check /work/output/en/tbl_bck02500.png                                                               (00:00.000 / 02:10.838, 606Mb)
Check /work/output/en/tbl_bck025000.png                                                              (00:00.000 / 02:10.839, 606Mb)
Check /work/output/en/tbl_bck02501.png                                                               (00:00.000 / 02:10.839, 606Mb)
Check /work/output/en/tbl_bck025010.png                                                              (00:00.000 / 02:10.839, 606Mb)
Check /work/output/en/tbl_bck0250240.png                                                             (00:00.000 / 02:10.839, 606Mb)
Check /work/output/en/tbl_bck025025.png                                                              (00:00.000 / 02:10.840, 606Mb)
Check /work/output/en/tbl_bck0250250.png                                                             (00:00.000 / 02:10.840, 606Mb)
Check /work/output/en/tbl_bck02503.png                                                               (00:00.000 / 02:10.840, 606Mb)
Check /work/output/en/tbl_bck0251.png                                                                (00:00.000 / 02:10.840, 606Mb)
Check /work/output/en/tbl_bck02510.png                                                               (00:00.000 / 02:10.840, 606Mb)
Check /work/output/en/tbl_bck02512.png                                                               (00:00.000 / 02:10.841, 606Mb)
Check /work/output/en/tbl_bck0251240.png                                                             (00:00.000 / 02:10.841, 606Mb)
Check /work/output/en/tbl_bck025125.png                                                              (00:00.000 / 02:10.841, 606Mb)
Check /work/output/en/tbl_bck0251250.png                                                             (00:00.000 / 02:10.841, 606Mb)
Check /work/output/en/tbl_bck0251252.png                                                             (00:00.000 / 02:10.842, 606Mb)
Check /work/output/en/tbl_bck02513.png                                                               (00:00.000 / 02:10.842, 606Mb)
Check /work/output/en/tbl_bck03.png                                                                  (00:00.000 / 02:10.842, 606Mb)
Check /work/output/en/tbl_bck0320.png                                                                (00:00.000 / 02:10.842, 606Mb)
Check /work/output/en/tbl_bck033.png                                                                 (00:00.000 / 02:10.843, 606Mb)
Check /work/output/en/tbl_bck0330.png                                                                (00:00.000 / 02:10.843, 606Mb)
Check /work/output/en/tbl_bck03300.png                                                               (00:00.000 / 02:10.843, 606Mb)
Check /work/output/en/tbl_bck0331.png                                                                (00:00.000 / 02:10.843, 606Mb)
Check /work/output/en/tbl_bck03310.png                                                               (00:00.000 / 02:10.843, 606Mb)
Check /work/output/en/tbl_bck0340.png                                                                (00:00.000 / 02:10.844, 606Mb)
Check /work/output/en/tbl_bck03400.png                                                               (00:00.000 / 02:10.844, 606Mb)
Check /work/output/en/tbl_bck0341.png                                                                (00:00.000 / 02:10.844, 606Mb)
Check /work/output/en/tbl_bck03410.png                                                               (00:00.000 / 02:10.844, 606Mb)
Check /work/output/en/tbl_bck035.png                                                                 (00:00.000 / 02:10.845, 606Mb)
Check /work/output/en/tbl_bck0350.png                                                                (00:00.000 / 02:10.845, 606Mb)
Check /work/output/en/tbl_bck03500.png                                                               (00:00.000 / 02:10.845, 606Mb)
Check /work/output/en/tbl_bck0350240.png                                                             (00:00.000 / 02:10.846, 606Mb)
Check /work/output/en/tbl_bck035025.png                                                              (00:00.000 / 02:10.846, 606Mb)
Check /work/output/en/tbl_bck0350250.png                                                             (00:00.000 / 02:10.846, 606Mb)
Check /work/output/en/tbl_bck03503.png                                                               (00:00.000 / 02:10.846, 606Mb)
Check /work/output/en/tbl_bck0351.png                                                                (00:00.000 / 02:10.847, 606Mb)
Check /work/output/en/tbl_bck03510.png                                                               (00:00.000 / 02:10.847, 606Mb)
Check /work/output/en/tbl_bck03512.png                                                               (00:00.000 / 02:10.847, 608Mb)
Check /work/output/en/tbl_bck0351240.png                                                             (00:00.000 / 02:10.847, 608Mb)
Check /work/output/en/tbl_bck035125.png                                                              (00:00.000 / 02:10.847, 608Mb)
Check /work/output/en/tbl_bck0351250.png                                                             (00:00.000 / 02:10.848, 608Mb)
Check /work/output/en/tbl_bck0351252.png                                                             (00:00.000 / 02:10.848, 608Mb)
.Check /work/output/en/tbl_bck03513.png                                                               (00:00.000 / 02:10.848, 608Mb)
Check /work/output/en/tbl_bck04.png                                                                  (00:00.000 / 02:10.848, 608Mb)
Check /work/output/en/tbl_bck040.png                                                                 (00:00.000 / 02:10.849, 608Mb)
Check /work/output/en/tbl_bck0400.png                                                                (00:00.000 / 02:10.849, 608Mb)
Check /work/output/en/tbl_bck041.png                                                                 (00:00.000 / 02:10.849, 608Mb)
Check /work/output/en/tbl_bck0410.png                                                                (00:00.000 / 02:10.849, 608Mb)
Check /work/output/en/tbl_bck05.png                                                                  (00:00.000 / 02:10.850, 608Mb)
Check /work/output/en/tbl_bck050.png                                                                 (00:00.000 / 02:10.850, 608Mb)
Check /work/output/en/tbl_bck0500.png                                                                (00:00.000 / 02:10.850, 608Mb)
Check /work/output/en/tbl_bck05040.png                                                               (00:00.000 / 02:10.850, 608Mb)
Check /work/output/en/tbl_bck0505.png                                                                (00:00.000 / 02:10.851, 608Mb)
Check /work/output/en/tbl_bck05050.png                                                               (00:00.000 / 02:10.851, 608Mb)
Check /work/output/en/tbl_bck051.png                                                                 (00:00.000 / 02:10.851, 608Mb)
Check /work/output/en/tbl_bck0510.png                                                                (00:00.000 / 02:10.852, 608Mb)
Check /work/output/en/tbl_bck0512.png                                                                (00:00.000 / 02:10.852, 608Mb)
Check /work/output/en/tbl_bck05140.png                                                               (00:00.000 / 02:10.852, 608Mb)
Check /work/output/en/tbl_bck0515.png                                                                (00:00.000 / 02:10.852, 608Mb)
Check /work/output/en/tbl_bck05150.png                                                               (00:00.000 / 02:10.853, 608Mb)
Check /work/output/en/tbl_bck05152.png                                                               (00:00.000 / 02:10.853, 608Mb)
Check /work/output/en/tbl_bck1.png                                                                   (00:00.000 / 02:10.853, 608Mb)
Check /work/output/en/tbl_bck10.png                                                                  (00:00.000 / 02:10.853, 608Mb)
Check /work/output/en/tbl_bck100.png                                                                 (00:00.000 / 02:10.853, 608Mb)
Check /work/output/en/tbl_bck1000.png                                                                (00:00.000 / 02:10.854, 608Mb)
Check /work/output/en/tbl_bck10000.png                                                               (00:00.000 / 02:10.854, 608Mb)
Check /work/output/en/tbl_bck100000.png                                                              (00:00.000 / 02:10.854, 608Mb)
Check /work/output/en/tbl_bck10001.png                                                               (00:00.000 / 02:10.854, 608Mb)
Check /work/output/en/tbl_bck100010.png                                                              (00:00.000 / 02:10.855, 608Mb)
Check /work/output/en/tbl_bck1001.png                                                                (00:00.000 / 02:10.855, 608Mb)
Check /work/output/en/tbl_bck10010.png                                                               (00:00.000 / 02:10.855, 608Mb)
Check /work/output/en/tbl_bck100100.png                                                              (00:00.000 / 02:10.855, 608Mb)
Check /work/output/en/tbl_bck1001000.png                                                             (00:00.000 / 02:10.856, 608Mb)
Check /work/output/en/tbl_bck10010000.png                                                            (00:00.000 / 02:10.856, 608Mb)
Check /work/output/en/tbl_bck1001001.png                                                             (00:00.000 / 02:10.856, 608Mb)
Check /work/output/en/tbl_bck10010010.png                                                            (00:00.000 / 02:10.856, 608Mb)
Check /work/output/en/tbl_bck100101.png                                                              (00:00.000 / 02:10.857, 608Mb)
Check /work/output/en/tbl_bck1001010.png                                                             (00:00.000 / 02:10.857, 608Mb)
Check /work/output/en/tbl_bck10011.png                                                               (00:00.000 / 02:10.857, 608Mb)
Check /work/output/en/tbl_bck100110.png                                                              (00:00.000 / 02:10.857, 608Mb)
Check /work/output/en/tbl_bck101.png                                                                 (00:00.000 / 02:10.858, 608Mb)
Check /work/output/en/tbl_bck1010.png                                                                (00:00.000 / 02:10.858, 608Mb)
Check /work/output/en/tbl_bck10100.png                                                               (00:00.000 / 02:10.858, 608Mb)
Check /work/output/en/tbl_bck101000.png                                                              (00:00.000 / 02:10.858, 608Mb)
Check /work/output/en/tbl_bck10101.png                                                               (00:00.000 / 02:10.859, 608Mb)
Check /work/output/en/tbl_bck101010.png                                                              (00:00.000 / 02:10.859, 608Mb)
Check /work/output/en/tbl_bck1011.png                                                                (00:00.000 / 02:10.859, 608Mb)
Check /work/output/en/tbl_bck10110.png                                                               (00:00.000 / 02:10.859, 608Mb)
Check /work/output/en/tbl_bck101100.png                                                              (00:00.000 / 02:10.860, 608Mb)
Check /work/output/en/tbl_bck1011000.png                                                             (00:00.000 / 02:10.860, 608Mb)
Check /work/output/en/tbl_bck10110000.png                                                            (00:00.000 / 02:10.860, 608Mb)
Check /work/output/en/tbl_bck1011001.png                                                             (00:00.000 / 02:10.860, 608Mb)
Check /work/output/en/tbl_bck10110010.png                                                            (00:00.000 / 02:10.861, 608Mb)
Check /work/output/en/tbl_bck101101.png                                                              (00:00.000 / 02:10.861, 608Mb)
Check /work/output/en/tbl_bck1011010.png                                                             (00:00.000 / 02:10.861, 608Mb)
Check /work/output/en/tbl_bck10111.png                                                               (00:00.000 / 02:10.861, 608Mb)
Check /work/output/en/tbl_bck101110.png                                                              (00:00.000 / 02:10.862, 608Mb)
Check /work/output/en/tbl_bck1011100.png                                                             (00:00.000 / 02:10.862, 608Mb)
Check /work/output/en/tbl_bck101111.png                                                              (00:00.000 / 02:10.862, 608Mb)
Check /work/output/en/tbl_bck1011110.png                                                             (00:00.000 / 02:10.862, 608Mb)
.Check /work/output/en/tbl_bck10240.png                                                               (00:00.000 / 02:10.863, 608Mb)
Check /work/output/en/tbl_bck1025.png                                                                (00:00.000 / 02:10.863, 608Mb)
Check /work/output/en/tbl_bck10250.png                                                               (00:00.000 / 02:10.863, 608Mb)
Check /work/output/en/tbl_bck103.png                                                                 (00:00.000 / 02:10.863, 608Mb)
Check /work/output/en/tbl_bck1040.png                                                                (00:00.000 / 02:10.864, 608Mb)
Check /work/output/en/tbl_bck105.png                                                                 (00:00.000 / 02:10.864, 608Mb)
Check /work/output/en/tbl_bck1050.png                                                                (00:00.000 / 02:10.864, 608Mb)
Check /work/output/en/tbl_bck11.png                                                                  (00:00.000 / 02:10.864, 608Mb)
Check /work/output/en/tbl_bck110.png                                                                 (00:00.000 / 02:10.865, 608Mb)
Check /work/output/en/tbl_bck1100.png                                                                (00:00.000 / 02:10.865, 608Mb)
Check /work/output/en/tbl_bck11000.png                                                               (00:00.000 / 02:10.865, 608Mb)
Check /work/output/en/tbl_bck110000.png                                                              (00:00.000 / 02:10.865, 608Mb)
Check /work/output/en/tbl_bck11001.png                                                               (00:00.000 / 02:10.866, 608Mb)
Check /work/output/en/tbl_bck110010.png                                                              (00:00.000 / 02:10.866, 608Mb)
Check /work/output/en/tbl_bck1101.png                                                                (00:00.000 / 02:10.866, 608Mb)
Check /work/output/en/tbl_bck11010.png                                                               (00:00.000 / 02:10.866, 608Mb)
Check /work/output/en/tbl_bck110100.png                                                              (00:00.000 / 02:10.867, 608Mb)
Check /work/output/en/tbl_bck11011.png                                                               (00:00.000 / 02:10.867, 608Mb)
Check /work/output/en/tbl_bck110110.png                                                              (00:00.000 / 02:10.867, 608Mb)
Check /work/output/en/tbl_bck111.png                                                                 (00:00.000 / 02:10.867, 608Mb)
Check /work/output/en/tbl_bck1110.png                                                                (00:00.000 / 02:10.868, 608Mb)
Check /work/output/en/tbl_bck11100.png                                                               (00:00.000 / 02:10.868, 608Mb)
Check /work/output/en/tbl_bck111000.png                                                              (00:00.000 / 02:10.868, 608Mb)
Check /work/output/en/tbl_bck11101.png                                                               (00:00.000 / 02:10.868, 608Mb)
Check /work/output/en/tbl_bck111010.png                                                              (00:00.000 / 02:10.869, 608Mb)
Check /work/output/en/tbl_bck1111.png                                                                (00:00.000 / 02:10.869, 608Mb)
Check /work/output/en/tbl_bck11110.png                                                               (00:00.000 / 02:10.869, 608Mb)
Check /work/output/en/tbl_bck111100.png                                                              (00:00.000 / 02:10.869, 608Mb)
Check /work/output/en/tbl_bck1111000.png                                                             (00:00.000 / 02:10.870, 608Mb)
Check /work/output/en/tbl_bck111101.png                                                              (00:00.000 / 02:10.870, 608Mb)
Check /work/output/en/tbl_bck1111010.png                                                             (00:00.000 / 02:10.870, 608Mb)
Check /work/output/en/tbl_bck11111.png                                                               (00:00.000 / 02:10.870, 608Mb)
Check /work/output/en/tbl_bck111110.png                                                              (00:00.000 / 02:10.870, 608Mb)
Check /work/output/en/tbl_bck112.png                                                                 (00:00.000 / 02:10.871, 608Mb)
Check /work/output/en/tbl_bck11240.png                                                               (00:00.000 / 02:10.871, 608Mb)
Check /work/output/en/tbl_bck1125.png                                                                (00:00.000 / 02:10.871, 608Mb)
Check /work/output/en/tbl_bck11250.png                                                               (00:00.000 / 02:10.871, 608Mb)
Check /work/output/en/tbl_bck11252.png                                                               (00:00.000 / 02:10.872, 608Mb)
Check /work/output/en/tbl_bck113.png                                                                 (00:00.000 / 02:10.872, 608Mb)
Check /work/output/en/tbl_bck1140.png                                                                (00:00.000 / 02:10.872, 608Mb)
Check /work/output/en/tbl_bck115.png                                                                 (00:00.000 / 02:10.872, 608Mb)
Check /work/output/en/tbl_bck1150.png                                                                (00:00.000 / 02:10.873, 608Mb)
Check /work/output/en/tbl_bck1152.png                                                                (00:00.000 / 02:10.873, 608Mb)
Check /work/output/en/tbl_bck12.png                                                                  (00:00.000 / 02:10.873, 608Mb)
Check /work/output/en/tbl_bck120.png                                                                 (00:00.000 / 02:10.873, 608Mb)
Check /work/output/en/tbl_bck124.png                                                                 (00:00.000 / 02:10.874, 608Mb)
Check /work/output/en/tbl_bck1240.png                                                                (00:00.000 / 02:10.874, 608Mb)
Check /work/output/en/tbl_bck12400.png                                                               (00:00.000 / 02:10.874, 608Mb)
Check /work/output/en/tbl_bck1241.png                                                                (00:00.000 / 02:10.874, 608Mb)
Check /work/output/en/tbl_bck12410.png                                                               (00:00.000 / 02:10.874, 608Mb)
Check /work/output/en/tbl_bck125.png                                                                 (00:00.000 / 02:10.875, 608Mb)
Check /work/output/en/tbl_bck1250.png                                                                (00:00.000 / 02:10.875, 608Mb)
Check /work/output/en/tbl_bck12500.png                                                               (00:00.000 / 02:10.875, 608Mb)
Check /work/output/en/tbl_bck1251.png                                                                (00:00.000 / 02:10.876, 608Mb)
Check /work/output/en/tbl_bck12510.png                                                               (00:00.000 / 02:10.876, 608Mb)
Check /work/output/en/tbl_bck125100.png                                                              (00:00.000 / 02:10.876, 608Mb)
Check /work/output/en/tbl_bck12511.png                                                               (00:00.000 / 02:10.877, 608Mb)
Check /work/output/en/tbl_bck125110.png                                                              (00:00.000 / 02:10.877, 608Mb)
.Check /work/output/en/tbl_bck12512.png                                                               (00:00.001 / 02:10.879, 608Mb)
Check /work/output/en/tbl_bck1252.png                                                                (00:00.000 / 02:10.879, 608Mb)
Check /work/output/en/tbl_bck13.png                                                                  (00:00.000 / 02:10.879, 608Mb)
Check /work/output/en/tbl_bck130.png                                                                 (00:00.001 / 02:10.881, 608Mb)
Check /work/output/en/tbl_bck1320.png                                                                (00:00.000 / 02:10.881, 608Mb)
Check /work/output/en/tbl_bck133.png                                                                 (00:00.000 / 02:10.882, 608Mb)
Check /work/output/en/tbl_bck1330.png                                                                (00:00.000 / 02:10.882, 608Mb)
Check /work/output/en/tbl_bck134.png                                                                 (00:00.000 / 02:10.883, 608Mb)
Check /work/output/en/tbl_bck14.png                                                                  (00:00.000 / 02:10.883, 608Mb)
Check /work/output/en/tbl_bck140.png                                                                 (00:00.000 / 02:10.883, 608Mb)
Check /work/output/en/tbl_bck1400.png                                                                (00:00.000 / 02:10.883, 608Mb)
Check /work/output/en/tbl_bck141.png                                                                 (00:00.000 / 02:10.884, 608Mb)
Check /work/output/en/tbl_bck1410.png                                                                (00:00.000 / 02:10.884, 608Mb)
Check /work/output/en/tbl_bck1424.png                                                                (00:00.000 / 02:10.884, 608Mb)
Check /work/output/en/tbl_bck143.png                                                                 (00:00.000 / 02:10.884, 608Mb)
Check /work/output/en/tbl_bck15.png                                                                  (00:00.000 / 02:10.885, 608Mb)
Check /work/output/en/tbl_bck150.png                                                                 (00:00.000 / 02:10.885, 608Mb)
Check /work/output/en/tbl_bck1500.png                                                                (00:00.000 / 02:10.885, 608Mb)
Check /work/output/en/tbl_bck15040.png                                                               (00:00.000 / 02:10.886, 608Mb)
Check /work/output/en/tbl_bck1505.png                                                                (00:00.000 / 02:10.886, 608Mb)
Check /work/output/en/tbl_bck15050.png                                                               (00:00.000 / 02:10.886, 608Mb)
Check /work/output/en/tbl_bck151.png                                                                 (00:00.000 / 02:10.886, 608Mb)
Check /work/output/en/tbl_bck1510.png                                                                (00:00.000 / 02:10.886, 608Mb)
Check /work/output/en/tbl_bck1512.png                                                                (00:00.000 / 02:10.887, 608Mb)
Check /work/output/en/tbl_bck15140.png                                                               (00:00.000 / 02:10.887, 608Mb)
Check /work/output/en/tbl_bck1515.png                                                                (00:00.000 / 02:10.887, 608Mb)
Check /work/output/en/tbl_bck15150.png                                                               (00:00.000 / 02:10.888, 608Mb)
Check /work/output/en/tbl_bck15152.png                                                               (00:00.000 / 02:10.888, 608Mb)
Check /work/output/en/tbl_bck152.png                                                                 (00:00.000 / 02:10.888, 608Mb)
Check /work/output/en/tbl_bck1540.png                                                                (00:00.000 / 02:10.888, 608Mb)
Check /work/output/en/tbl_bck15424.png                                                               (00:00.000 / 02:10.889, 608Mb)
Check /work/output/en/tbl_bck1543.png                                                                (00:00.000 / 02:10.889, 608Mb)
Check /work/output/en/tbl_bck155.png                                                                 (00:00.000 / 02:10.889, 608Mb)
Check /work/output/en/tbl_bck1550.png                                                                (00:00.000 / 02:10.890, 608Mb)
Check /work/output/en/tbl_bck1552.png                                                                (00:00.000 / 02:10.890, 608Mb)
Check /work/output/en/tbl_blank.png                                                                  (00:00.000 / 02:10.891, 608Mb)
Check /work/output/en/tbl_spacer.png                                                                 (00:00.000 / 02:10.891, 608Mb)
Check /work/output/en/tbl_vjoin-closed.png                                                           (00:00.000 / 02:10.892, 608Mb)
Check /work/output/en/tbl_vjoin-open.png                                                             (00:00.000 / 02:10.893, 608Mb)
Check /work/output/en/tbl_vjoin.png                                                                  (00:00.000 / 02:10.893, 608Mb)
Check /work/output/en/tbl_vjoin_end-closed.png                                                       (00:00.000 / 02:10.894, 608Mb)
Check /work/output/en/tbl_vjoin_end-open.png                                                         (00:00.000 / 02:10.895, 608Mb)
Check /work/output/en/tbl_vjoin_end.png                                                              (00:00.000 / 02:10.895, 608Mb)
Check /work/output/en/tbl_vjoin_end_slice-closed.png                                                 (00:00.000 / 02:10.896, 608Mb)
Check /work/output/en/tbl_vjoin_end_slice-open.png                                                   (00:00.000 / 02:10.897, 608Mb)
Check /work/output/en/tbl_vjoin_end_slice.png                                                        (00:00.000 / 02:10.897, 608Mb)
Check /work/output/en/tbl_vjoin_end_slicer-closed.png                                                (00:00.000 / 02:10.898, 608Mb)
Check /work/output/en/tbl_vjoin_end_slicer-open.png                                                  (00:00.000 / 02:10.899, 608Mb)
Check /work/output/en/tbl_vjoin_end_slicer.png                                                       (00:00.000 / 02:10.900, 608Mb)
Check /work/output/en/tbl_vjoin_slice-closed.png                                                     (00:00.001 / 02:10.901, 608Mb)
Check /work/output/en/tbl_vjoin_slice-open.png                                                       (00:00.000 / 02:10.902, 608Mb)
Check /work/output/en/tbl_vjoin_slice.png                                                            (00:00.001 / 02:10.904, 608Mb)
Check /work/output/en/tbl_vjoin_slicer-closed.png                                                    (00:00.000 / 02:10.905, 608Mb)
Check /work/output/en/tbl_vjoin_slicer-open.png                                                      (00:00.000 / 02:10.905, 608Mb)
Check /work/output/en/tbl_vjoin_slicer.png                                                           (00:00.003 / 02:10.908, 608Mb)
Check /work/output/en/tbl_vline.png                                                                  (00:00.000 / 02:10.909, 608Mb)
Check /work/output/en/tbl_vline_slice.png                                                            (00:00.000 / 02:10.910, 608Mb)
Check /work/output/en/tbl_vline_slicer.png                                                           (00:00.000 / 02:10.910, 608Mb)
.Check /work/output/en/terminology.html                                                               (00:00.000 / 02:10.911, 608Mb)
Check /work/output/en/terminology.md                                                                 (00:00.003 / 02:10.915, 622Mb)
Check /work/output/en/toc.html                                                                       (00:00.000 / 02:10.915, 622Mb)
Check /work/output/en/translationinfo.html                                                           (00:00.005 / 02:10.921, 636Mb)
Check /work/output/en/translationinfo.md                                                             (00:00.002 / 02:10.923, 644Mb)
Check /work/output/en/tree-filter.png                                                                (00:00.000 / 02:10.924, 644Mb)
Check /work/output/en/uml-diagrams.html                                                              (00:00.000 / 02:10.924, 644Mb)
Check /work/output/en/uml-diagrams.md                                                                (00:00.002 / 02:10.927, 654Mb)
Check /work/output/en/version-history.html                                                           (00:00.000 / 02:10.927, 654Mb)
Check /work/output/en/version-history.md                                                             (00:00.003 / 02:10.930, 666Mb)
Check /work/output/examples.html                                                                     (00:00.000 / 02:10.931, 666Mb)
Check /work/output/examples.json.zip                                                                 (00:00.000 / 02:10.931, 666Mb)
Check /work/output/examples.xml.zip                                                                  (00:00.000 / 02:10.932, 666Mb)
Check /work/output/excels.zip                                                                        (00:00.000 / 02:10.932, 666Mb)
Check /work/output/expansions.json                                                                   (00:00.001 / 02:10.934, 666Mb)
Check /work/output/expansions.json.zip                                                               (00:00.002 / 02:10.936, 668Mb)
Check /work/output/expansions.xml                                                                    (00:00.000 / 02:10.937, 668Mb)
Check /work/output/expansions.xml.zip                                                                (00:00.002 / 02:10.939, 670Mb)
Check /work/output/external.png                                                                      (00:00.000 / 02:10.940, 670Mb)
Check /work/output/fhir-table-scripts.js                                                             (00:00.000 / 02:10.940, 670Mb)
Check /work/output/fhir.css                                                                          (00:00.000 / 02:10.940, 670Mb)
Check /work/output/general-requirements.html                                                         (00:00.000 / 02:10.941, 672Mb)
Check /work/output/guidance.html                                                                     (00:00.000 / 02:10.941, 672Mb)
Check /work/output/icon-administration.png                                                           (00:00.000 / 02:10.942, 672Mb)
Check /work/output/icon-change-add.png                                                               (00:00.000 / 02:10.942, 672Mb)
Check /work/output/icon-change-edit.png                                                              (00:00.000 / 02:10.943, 672Mb)
Check /work/output/icon-change-remove.png                                                            (00:00.000 / 02:10.943, 672Mb)
Check /work/output/icon-clinical.png                                                                 (00:00.000 / 02:10.943, 672Mb)
Check /work/output/icon-dictionary.png                                                               (00:00.000 / 02:10.944, 672Mb)
Check /work/output/icon-directory.gif                                                                (00:00.000 / 02:10.944, 672Mb)
Check /work/output/icon-documentation.png                                                            (00:00.000 / 02:10.944, 672Mb)
Check /work/output/icon-error.gif                                                                    (00:00.000 / 02:10.945, 672Mb)
Check /work/output/icon-example.png                                                                  (00:00.000 / 02:10.945, 672Mb)
Check /work/output/icon-fhir-1024.png                                                                (00:00.000 / 02:10.945, 672Mb)
Check /work/output/icon-fhir-128.png                                                                 (00:00.001 / 02:10.946, 672Mb)
Check /work/output/icon-fhir-16-grey.png                                                             (00:00.000 / 02:10.946, 672Mb)
Check /work/output/icon-fhir-16.png                                                                  (00:00.000 / 02:10.947, 672Mb)
Check /work/output/icon-fhir-24.png                                                                  (00:00.000 / 02:10.947, 672Mb)
Check /work/output/icon-fhir-32.png                                                                  (00:00.000 / 02:10.947, 672Mb)
Check /work/output/icon-fhir-48.png                                                                  (00:00.000 / 02:10.947, 672Mb)
Check /work/output/icon-fhir-64.png                                                                  (00:00.000 / 02:10.948, 672Mb)
Check /work/output/icon-fhir-720.png                                                                 (00:00.000 / 02:10.948, 672Mb)
Check /work/output/icon-implementation.png                                                           (00:00.000 / 02:10.948, 674Mb)
Check /work/output/icon-include.png                                                                  (00:00.000 / 02:10.949, 674Mb)
Check /work/output/icon-infrastructure.png                                                           (00:00.000 / 02:10.949, 674Mb)
Check /work/output/icon-key.png                                                                      (00:00.000 / 02:10.950, 674Mb)
Check /work/output/icon-list.gif                                                                     (00:00.000 / 02:10.950, 674Mb)
Check /work/output/icon-not-selected.png                                                             (00:00.000 / 02:10.950, 674Mb)
Check /work/output/icon-object-box.png                                                               (00:00.000 / 02:10.950, 674Mb)
Check /work/output/icon-page.png                                                                     (00:00.000 / 02:10.951, 674Mb)
Check /work/output/icon-q-attachment.png                                                             (00:00.000 / 02:10.951, 674Mb)
Check /work/output/icon-q-boolean.png                                                                (00:00.000 / 02:10.951, 674Mb)
Check /work/output/icon-q-choice.png                                                                 (00:00.000 / 02:10.951, 674Mb)
Check /work/output/icon-q-coding.png                                                                 (00:00.000 / 02:10.952, 674Mb)
Check /work/output/icon-q-date.png                                                                   (00:00.000 / 02:10.952, 674Mb)
Check /work/output/icon-q-datetime.png                                                               (00:00.000 / 02:10.952, 674Mb)
Check /work/output/icon-q-decimal.png                                                                (00:00.000 / 02:10.952, 674Mb)
Check /work/output/icon-q-display.png                                                                (00:00.000 / 02:10.953, 674Mb)
.Check /work/output/icon-q-group.png                                                                  (00:00.000 / 02:10.953, 674Mb)
Check /work/output/icon-q-integer.png                                                                (00:00.000 / 02:10.953, 674Mb)
Check /work/output/icon-q-item.png                                                                   (00:00.000 / 02:10.953, 674Mb)
Check /work/output/icon-q-open-choice.png                                                            (00:00.000 / 02:10.953, 674Mb)
Check /work/output/icon-q-quantity.png                                                               (00:00.000 / 02:10.954, 674Mb)
Check /work/output/icon-q-reference.png                                                              (00:00.000 / 02:10.954, 674Mb)
Check /work/output/icon-q-string.png                                                                 (00:00.000 / 02:10.954, 674Mb)
Check /work/output/icon-q-text.png                                                                   (00:00.000 / 02:10.954, 674Mb)
Check /work/output/icon-q-time.png                                                                   (00:00.000 / 02:10.954, 674Mb)
Check /work/output/icon-q-url.png                                                                    (00:00.000 / 02:10.955, 674Mb)
Check /work/output/icon-qi-help.png                                                                  (00:00.000 / 02:10.955, 674Mb)
Check /work/output/icon-qi-hidden.png                                                                (00:00.000 / 02:10.955, 674Mb)
Check /work/output/icon-qi-horizontal.png                                                            (00:00.000 / 02:10.955, 674Mb)
Check /work/output/icon-qi-instructions.png                                                          (00:00.000 / 02:10.956, 674Mb)
Check /work/output/icon-qi-observation.png                                                           (00:00.000 / 02:10.956, 674Mb)
Check /work/output/icon-qi-optional.png                                                              (00:00.000 / 02:10.956, 674Mb)
Check /work/output/icon-qi-readonly.png                                                              (00:00.000 / 02:10.956, 674Mb)
Check /work/output/icon-qi-security.bmp                                                              (00:00.000 / 02:10.956, 674Mb)
Check /work/output/icon-qi-security.png                                                              (00:00.000 / 02:10.957, 674Mb)
Check /work/output/icon-qi-subject.png                                                               (00:00.000 / 02:10.957, 674Mb)
Check /work/output/icon-qi-vertical.png                                                              (00:00.000 / 02:10.957, 674Mb)
Check /work/output/icon-resource.png                                                                 (00:00.000 / 02:10.957, 674Mb)
Check /work/output/icon-selected.png                                                                 (00:00.000 / 02:10.957, 674Mb)
Check /work/output/icon-toc.png                                                                      (00:00.000 / 02:10.958, 674Mb)
Check /work/output/icon-type-operation.png                                                           (00:00.000 / 02:10.958, 674Mb)
Check /work/output/icon-warning.png                                                                  (00:00.000 / 02:10.958, 674Mb)
Check /work/output/icon_bundle.png                                                                   (00:00.000 / 02:10.958, 674Mb)
Check /work/output/icon_choice.gif                                                                   (00:00.000 / 02:10.958, 674Mb)
Check /work/output/icon_datatype.gif                                                                 (00:00.000 / 02:10.959, 674Mb)
Check /work/output/icon_element.gif                                                                  (00:00.000 / 02:10.959, 674Mb)
Check /work/output/icon_entry_blue.png                                                               (00:00.000 / 02:10.959, 674Mb)
Check /work/output/icon_extension.png                                                                (00:00.000 / 02:10.959, 674Mb)
Check /work/output/icon_extension_complex.png                                                        (00:00.000 / 02:10.959, 674Mb)
Check /work/output/icon_extension_simple.png                                                         (00:00.000 / 02:10.960, 674Mb)
Check /work/output/icon_fixed.gif                                                                    (00:00.000 / 02:10.960, 674Mb)
Check /work/output/icon_group.png                                                                    (00:00.000 / 02:10.960, 674Mb)
Check /work/output/icon_latest.png                                                                   (00:00.000 / 02:10.960, 674Mb)
Check /work/output/icon_modifier_extension_complex.png                                               (00:00.000 / 02:10.961, 674Mb)
Check /work/output/icon_modifier_extension_simple.png                                                (00:00.000 / 02:10.961, 674Mb)
Check /work/output/icon_page-child.gif                                                               (00:00.000 / 02:10.961, 674Mb)
Check /work/output/icon_page.gif                                                                     (00:00.000 / 02:10.961, 674Mb)
Check /work/output/icon_page_n.gif                                                                   (00:00.000 / 02:10.961, 674Mb)
Check /work/output/icon_page_n_c.gif                                                                 (00:00.000 / 02:10.962, 674Mb)
Check /work/output/icon_page_n_i.gif                                                                 (00:00.000 / 02:10.962, 674Mb)
Check /work/output/icon_page_n_o.gif                                                                 (00:00.000 / 02:10.962, 674Mb)
Check /work/output/icon_page_n_p.gif                                                                 (00:00.000 / 02:10.962, 674Mb)
Check /work/output/icon_primitive.png                                                                (00:00.000 / 02:10.962, 674Mb)
Check /work/output/icon_profile.png                                                                  (00:00.000 / 02:10.963, 674Mb)
Check /work/output/icon_q_item.png                                                                   (00:00.000 / 02:10.963, 674Mb)
Check /work/output/icon_q_root.gif                                                                   (00:00.000 / 02:10.963, 674Mb)
Check /work/output/icon_reference.png                                                                (00:00.000 / 02:10.963, 674Mb)
Check /work/output/icon_resource.png                                                                 (00:00.000 / 02:10.963, 674Mb)
Check /work/output/icon_reuse.png                                                                    (00:00.000 / 02:10.964, 674Mb)
Check /work/output/icon_slice.png                                                                    (00:00.000 / 02:10.964, 674Mb)
Check /work/output/icon_slice_item.png                                                               (00:00.000 / 02:10.964, 674Mb)
Check /work/output/icon_text.png                                                                     (00:00.000 / 02:10.964, 674Mb)
Check /work/output/icon_vd_col.png                                                                   (00:00.000 / 02:10.964, 674Mb)
Check /work/output/icon_vd_foreach.png                                                               (00:00.000 / 02:10.965, 674Mb)
.Check /work/output/icon_vd_select.png                                                                (00:00.000 / 02:10.965, 674Mb)
Check /work/output/icon_vd_union.png                                                                 (00:00.000 / 02:10.965, 674Mb)
Check /work/output/icon_vd_view.png                                                                  (00:00.000 / 02:10.965, 674Mb)
Check /work/output/implementer-guidance.html                                                         (00:00.000 / 02:10.966, 674Mb)
Check /work/output/index.html                                                                        (00:00.000 / 02:10.966, 674Mb)
Check /work/output/information-model_UML-Diagramm_MII-spez.png                                       (00:00.000 / 02:10.966, 674Mb)
Check /work/output/information.png                                                                   (00:00.002 / 02:10.969, 675Mb)
Check /work/output/link.svg                                                                          (00:00.000 / 02:10.969, 675Mb)
Check /work/output/llms.txt                                                                          (00:00.000 / 02:10.969, 675Mb)
Check /work/output/lock.png                                                                          (00:00.000 / 02:10.970, 675Mb)
Check /work/output/logical-models.html                                                               (00:00.000 / 02:10.970, 675Mb)
Check /work/output/metadata.html                                                                     (00:00.000 / 02:10.970, 676Mb)
Check /work/output/missing-data.html                                                                 (00:00.000 / 02:10.971, 676Mb)
Check /work/output/modifier.png                                                                      (00:00.000 / 02:10.971, 676Mb)
Check /work/output/must-support.html                                                                 (00:00.000 / 02:10.971, 676Mb)
Check /work/output/mustsupport.png                                                                   (00:00.000 / 02:10.971, 678Mb)
Check /work/output/new.png                                                                           (00:00.000 / 02:10.972, 678Mb)
Check /work/output/observations-summary.xlsx                                                         (00:00.000 / 02:10.972, 678Mb)
Check /work/output/package.db                                                                        (00:00.000 / 02:10.972, 678Mb)
Check /work/output/package.manifest.json                                                             (00:00.006 / 02:10.979, 687Mb)
Check /work/output/package.r4.manifest.json                                                          (00:00.000 / 02:10.979, 687Mb)
Check /work/output/package.r4.tgz                                                                    (00:00.000 / 02:10.980, 687Mb)
Check /work/output/package.r4b.manifest.json                                                         (00:00.001 / 02:10.981, 688Mb)
Check /work/output/package.r4b.tgz                                                                   (00:00.000 / 02:10.981, 688Mb)
Check /work/output/package.tgz                                                                       (00:00.001 / 02:10.982, 688Mb)
Check /work/output/prism.css                                                                         (00:00.001 / 02:10.983, 689Mb)
Check /work/output/prism.js                                                                          (00:00.000 / 02:10.984, 689Mb)
Check /work/output/profiles-and-extensions.html                                                      (00:00.002 / 02:10.986, 692Mb)
Check /work/output/researcher-guidance.html                                                          (00:00.000 / 02:10.987, 692Mb)
Check /work/output/schematrons.zip                                                                   (00:00.000 / 02:10.987, 694Mb)
Check /work/output/search-parameters-and-operations.html                                             (00:00.000 / 02:10.987, 694Mb)
Check /work/output/searchform.html                                                                   (00:00.000 / 02:10.988, 694Mb)
Check /work/output/security-and-privacy.html                                                         (00:00.000 / 02:10.988, 694Mb)
Check /work/output/sub-package-list.json                                                             (00:00.000 / 02:10.989, 694Mb)
Check /work/output/summary.png                                                                       (00:00.000 / 02:10.989, 694Mb)
Check /work/output/target.png                                                                        (00:00.000 / 02:10.989, 694Mb)
Check /work/output/tbl-closed.png                                                                    (00:00.000 / 02:10.990, 694Mb)
Check /work/output/tbl-open.png                                                                      (00:00.000 / 02:10.990, 694Mb)
Check /work/output/tbl_bck0.png                                                                      (00:00.000 / 02:10.990, 694Mb)
Check /work/output/tbl_bck00.png                                                                     (00:00.000 / 02:10.990, 694Mb)
Check /work/output/tbl_bck000.png                                                                    (00:00.000 / 02:10.990, 694Mb)
Check /work/output/tbl_bck0000.png                                                                   (00:00.000 / 02:10.991, 694Mb)
Check /work/output/tbl_bck00000.png                                                                  (00:00.000 / 02:10.991, 694Mb)
Check /work/output/tbl_bck000000.png                                                                 (00:00.000 / 02:10.991, 694Mb)
Check /work/output/tbl_bck0000000.png                                                                (00:00.000 / 02:10.991, 694Mb)
Check /work/output/tbl_bck000001.png                                                                 (00:00.000 / 02:10.992, 694Mb)
Check /work/output/tbl_bck0000010.png                                                                (00:00.000 / 02:10.992, 694Mb)
Check /work/output/tbl_bck00001.png                                                                  (00:00.000 / 02:10.992, 694Mb)
Check /work/output/tbl_bck000010.png                                                                 (00:00.000 / 02:10.992, 694Mb)
Check /work/output/tbl_bck0000100.png                                                                (00:00.000 / 02:10.992, 694Mb)
Check /work/output/tbl_bck000010000.png                                                              (00:00.000 / 02:10.993, 694Mb)
Check /work/output/tbl_bck00001001.png                                                               (00:00.000 / 02:10.993, 694Mb)
Check /work/output/tbl_bck000010010.png                                                              (00:00.000 / 02:10.993, 694Mb)
Check /work/output/tbl_bck0000101.png                                                                (00:00.000 / 02:10.993, 694Mb)
Check /work/output/tbl_bck00001010.png                                                               (00:00.000 / 02:10.993, 694Mb)
Check /work/output/tbl_bck000011.png                                                                 (00:00.000 / 02:10.994, 694Mb)
Check /work/output/tbl_bck0000110.png                                                                (00:00.000 / 02:10.994, 694Mb)
Check /work/output/tbl_bck00001100.png                                                               (00:00.000 / 02:10.994, 694Mb)
.Check /work/output/tbl_bck0000111.png                                                                (00:00.000 / 02:10.994, 694Mb)
Check /work/output/tbl_bck00001110.png                                                               (00:00.000 / 02:10.995, 694Mb)
Check /work/output/tbl_bck000011100.png                                                              (00:00.000 / 02:10.995, 694Mb)
Check /work/output/tbl_bck0000111000.png                                                             (00:00.000 / 02:10.995, 694Mb)
Check /work/output/tbl_bck00001110000.png                                                            (00:00.000 / 02:10.995, 694Mb)
Check /work/output/tbl_bck0000111001.png                                                             (00:00.000 / 02:10.995, 694Mb)
Check /work/output/tbl_bck00001110010.png                                                            (00:00.000 / 02:10.996, 694Mb)
Check /work/output/tbl_bck000011101.png                                                              (00:00.000 / 02:10.996, 694Mb)
Check /work/output/tbl_bck0000111010.png                                                             (00:00.000 / 02:10.996, 694Mb)
Check /work/output/tbl_bck00001110100.png                                                            (00:00.000 / 02:10.996, 694Mb)
Check /work/output/tbl_bck0000111011.png                                                             (00:00.000 / 02:10.996, 694Mb)
Check /work/output/tbl_bck00001110110.png                                                            (00:00.000 / 02:10.997, 694Mb)
Check /work/output/tbl_bck00001111.png                                                               (00:00.000 / 02:10.997, 694Mb)
Check /work/output/tbl_bck000011110.png                                                              (00:00.000 / 02:10.997, 694Mb)
Check /work/output/tbl_bck0000111100.png                                                             (00:00.000 / 02:10.997, 694Mb)
Check /work/output/tbl_bck000011110000.png                                                           (00:00.000 / 02:10.997, 694Mb)
Check /work/output/tbl_bck00001111001.png                                                            (00:00.000 / 02:10.997, 694Mb)
Check /work/output/tbl_bck000011110010.png                                                           (00:00.000 / 02:10.998, 694Mb)
Check /work/output/tbl_bck0000111101.png                                                             (00:00.000 / 02:10.998, 694Mb)
Check /work/output/tbl_bck00001111010.png                                                            (00:00.000 / 02:10.998, 694Mb)
Check /work/output/tbl_bck000011111.png                                                              (00:00.000 / 02:10.998, 694Mb)
Check /work/output/tbl_bck0000111110.png                                                             (00:00.000 / 02:10.998, 694Mb)
Check /work/output/tbl_bck00001111100.png                                                            (00:00.000 / 02:10.999, 694Mb)
Check /work/output/tbl_bck000011111000.png                                                           (00:00.000 / 02:10.999, 694Mb)
Check /work/output/tbl_bck00001111101.png                                                            (00:00.000 / 02:10.999, 694Mb)
Check /work/output/tbl_bck000011111010.png                                                           (00:00.000 / 02:10.999, 694Mb)
Check /work/output/tbl_bck0000111110100.png                                                          (00:00.000 / 02:10.999, 694Mb)
Check /work/output/tbl_bck000011111011.png                                                           (00:00.000 / 02:11.000, 694Mb)
Check /work/output/tbl_bck0000111110110.png                                                          (00:00.000 / 02:11.000, 694Mb)
Check /work/output/tbl_bck0000111111.png                                                             (00:00.000 / 02:11.000, 694Mb)
Check /work/output/tbl_bck00001111110.png                                                            (00:00.000 / 02:11.000, 694Mb)
Check /work/output/tbl_bck000011111100.png                                                           (00:00.000 / 02:11.001, 694Mb)
Check /work/output/tbl_bck00001111111.png                                                            (00:00.000 / 02:11.001, 694Mb)
Check /work/output/tbl_bck000011111110.png                                                           (00:00.000 / 02:11.001, 694Mb)
Check /work/output/tbl_bck0001.png                                                                   (00:00.000 / 02:11.001, 694Mb)
Check /work/output/tbl_bck00010.png                                                                  (00:00.000 / 02:11.001, 694Mb)
Check /work/output/tbl_bck000100.png                                                                 (00:00.000 / 02:11.002, 694Mb)
Check /work/output/tbl_bck00011.png                                                                  (00:00.002 / 02:11.004, 694Mb)
Check /work/output/tbl_bck000110.png                                                                 (00:00.000 / 02:11.004, 694Mb)
Check /work/output/tbl_bck001.png                                                                    (00:00.002 / 02:11.007, 694Mb)
Check /work/output/tbl_bck0010.png                                                                   (00:00.000 / 02:11.007, 694Mb)
Check /work/output/tbl_bck00100.png                                                                  (00:00.000 / 02:11.007, 694Mb)
Check /work/output/tbl_bck001000.png                                                                 (00:00.000 / 02:11.007, 694Mb)
Check /work/output/tbl_bck0010000.png                                                                (00:00.000 / 02:11.008, 694Mb)
Check /work/output/tbl_bck001001.png                                                                 (00:00.000 / 02:11.008, 694Mb)
Check /work/output/tbl_bck0010010.png                                                                (00:00.000 / 02:11.008, 694Mb)
Check /work/output/tbl_bck00101.png                                                                  (00:00.000 / 02:11.008, 694Mb)
Check /work/output/tbl_bck001010.png                                                                 (00:00.000 / 02:11.009, 694Mb)
Check /work/output/tbl_bck0011.png                                                                   (00:00.000 / 02:11.009, 694Mb)
Check /work/output/tbl_bck00110.png                                                                  (00:00.000 / 02:11.009, 694Mb)
Check /work/output/tbl_bck001100.png                                                                 (00:00.000 / 02:11.009, 694Mb)
Check /work/output/tbl_bck00111.png                                                                  (00:00.000 / 02:11.009, 694Mb)
Check /work/output/tbl_bck001110.png                                                                 (00:00.000 / 02:11.010, 694Mb)
Check /work/output/tbl_bck001112.png                                                                 (00:00.000 / 02:11.010, 694Mb)
Check /work/output/tbl_bck00112.png                                                                  (00:00.000 / 02:11.010, 694Mb)
Check /work/output/tbl_bck01.png                                                                     (00:00.000 / 02:11.010, 694Mb)
Check /work/output/tbl_bck010.png                                                                    (00:00.000 / 02:11.011, 694Mb)
Check /work/output/tbl_bck0100.png                                                                   (00:00.000 / 02:11.011, 694Mb)
.Check /work/output/tbl_bck01000.png                                                                  (00:00.000 / 02:11.011, 694Mb)
Check /work/output/tbl_bck0101.png                                                                   (00:00.000 / 02:11.011, 694Mb)
Check /work/output/tbl_bck01010.png                                                                  (00:00.000 / 02:11.012, 694Mb)
Check /work/output/tbl_bck010100.png                                                                 (00:00.000 / 02:11.012, 694Mb)
Check /work/output/tbl_bck01011.png                                                                  (00:00.000 / 02:11.012, 694Mb)
Check /work/output/tbl_bck010110.png                                                                 (00:00.000 / 02:11.012, 694Mb)
Check /work/output/tbl_bck011.png                                                                    (00:00.000 / 02:11.013, 694Mb)
Check /work/output/tbl_bck0110.png                                                                   (00:00.000 / 02:11.013, 696Mb)
Check /work/output/tbl_bck01100.png                                                                  (00:00.000 / 02:11.013, 696Mb)
Check /work/output/tbl_bck011000.png                                                                 (00:00.000 / 02:11.013, 696Mb)
Check /work/output/tbl_bck0110000.png                                                                (00:00.000 / 02:11.014, 696Mb)
Check /work/output/tbl_bck011001.png                                                                 (00:00.000 / 02:11.014, 696Mb)
Check /work/output/tbl_bck0110010.png                                                                (00:00.000 / 02:11.014, 696Mb)
Check /work/output/tbl_bck01101.png                                                                  (00:00.000 / 02:11.014, 696Mb)
Check /work/output/tbl_bck011010.png                                                                 (00:00.000 / 02:11.015, 696Mb)
Check /work/output/tbl_bck0110100.png                                                                (00:00.000 / 02:11.015, 696Mb)
Check /work/output/tbl_bck011011.png                                                                 (00:00.000 / 02:11.015, 696Mb)
Check /work/output/tbl_bck0110110.png                                                                (00:00.000 / 02:11.015, 696Mb)
Check /work/output/tbl_bck01101100.png                                                               (00:00.000 / 02:11.016, 696Mb)
Check /work/output/tbl_bck0110111.png                                                                (00:00.000 / 02:11.016, 696Mb)
Check /work/output/tbl_bck01101110.png                                                               (00:00.000 / 02:11.016, 696Mb)
Check /work/output/tbl_bck0111.png                                                                   (00:00.000 / 02:11.016, 696Mb)
Check /work/output/tbl_bck01110.png                                                                  (00:00.000 / 02:11.017, 696Mb)
Check /work/output/tbl_bck011100.png                                                                 (00:00.000 / 02:11.017, 696Mb)
Check /work/output/tbl_bck01111.png                                                                  (00:00.000 / 02:11.017, 696Mb)
Check /work/output/tbl_bck011110.png                                                                 (00:00.000 / 02:11.017, 696Mb)
Check /work/output/tbl_bck0111100.png                                                                (00:00.000 / 02:11.018, 696Mb)
Check /work/output/tbl_bck011110000.png                                                              (00:00.000 / 02:11.018, 696Mb)
Check /work/output/tbl_bck01111001.png                                                               (00:00.000 / 02:11.018, 696Mb)
Check /work/output/tbl_bck011110010.png                                                              (00:00.000 / 02:11.019, 696Mb)
Check /work/output/tbl_bck0111101.png                                                                (00:00.000 / 02:11.019, 696Mb)
Check /work/output/tbl_bck01111010.png                                                               (00:00.000 / 02:11.019, 696Mb)
Check /work/output/tbl_bck011111.png                                                                 (00:00.000 / 02:11.019, 696Mb)
Check /work/output/tbl_bck0111110.png                                                                (00:00.000 / 02:11.020, 696Mb)
Check /work/output/tbl_bck0112.png                                                                   (00:00.000 / 02:11.020, 696Mb)
Check /work/output/tbl_bck012.png                                                                    (00:00.000 / 02:11.020, 696Mb)
Check /work/output/tbl_bck01240.png                                                                  (00:00.000 / 02:11.020, 696Mb)
Check /work/output/tbl_bck0125.png                                                                   (00:00.000 / 02:11.021, 696Mb)
Check /work/output/tbl_bck01250.png                                                                  (00:00.000 / 02:11.021, 696Mb)
Check /work/output/tbl_bck01252.png                                                                  (00:00.000 / 02:11.021, 696Mb)
Check /work/output/tbl_bck013.png                                                                    (00:00.000 / 02:11.022, 696Mb)
Check /work/output/tbl_bck0140.png                                                                   (00:00.000 / 02:11.022, 696Mb)
Check /work/output/tbl_bck015.png                                                                    (00:00.000 / 02:11.023, 696Mb)
Check /work/output/tbl_bck0240.png                                                                   (00:00.000 / 02:11.023, 696Mb)
Check /work/output/tbl_bck02400.png                                                                  (00:00.000 / 02:11.023, 696Mb)
Check /work/output/tbl_bck0241.png                                                                   (00:00.000 / 02:11.023, 696Mb)
Check /work/output/tbl_bck02410.png                                                                  (00:00.000 / 02:11.024, 696Mb)
Check /work/output/tbl_bck025.png                                                                    (00:00.000 / 02:11.024, 696Mb)
Check /work/output/tbl_bck0250.png                                                                   (00:00.000 / 02:11.024, 696Mb)
Check /work/output/tbl_bck02500.png                                                                  (00:00.000 / 02:11.024, 696Mb)
Check /work/output/tbl_bck025000.png                                                                 (00:00.000 / 02:11.024, 696Mb)
Check /work/output/tbl_bck02501.png                                                                  (00:00.000 / 02:11.025, 696Mb)
Check /work/output/tbl_bck025010.png                                                                 (00:00.000 / 02:11.025, 696Mb)
Check /work/output/tbl_bck0250240.png                                                                (00:00.000 / 02:11.025, 696Mb)
Check /work/output/tbl_bck025025.png                                                                 (00:00.000 / 02:11.025, 696Mb)
Check /work/output/tbl_bck0250250.png                                                                (00:00.000 / 02:11.026, 696Mb)
Check /work/output/tbl_bck02503.png                                                                  (00:00.000 / 02:11.026, 696Mb)
Check /work/output/tbl_bck0251.png                                                                   (00:00.000 / 02:11.026, 696Mb)
.Check /work/output/tbl_bck02510.png                                                                  (00:00.000 / 02:11.026, 696Mb)
Check /work/output/tbl_bck02512.png                                                                  (00:00.000 / 02:11.027, 696Mb)
Check /work/output/tbl_bck0251240.png                                                                (00:00.000 / 02:11.027, 696Mb)
Check /work/output/tbl_bck025125.png                                                                 (00:00.000 / 02:11.027, 696Mb)
Check /work/output/tbl_bck0251250.png                                                                (00:00.000 / 02:11.027, 696Mb)
Check /work/output/tbl_bck0251252.png                                                                (00:00.000 / 02:11.027, 696Mb)
Check /work/output/tbl_bck02513.png                                                                  (00:00.000 / 02:11.028, 696Mb)
Check /work/output/tbl_bck03.png                                                                     (00:00.000 / 02:11.028, 696Mb)
Check /work/output/tbl_bck0320.png                                                                   (00:00.000 / 02:11.028, 696Mb)
Check /work/output/tbl_bck033.png                                                                    (00:00.000 / 02:11.028, 696Mb)
Check /work/output/tbl_bck0330.png                                                                   (00:00.000 / 02:11.029, 696Mb)
Check /work/output/tbl_bck03300.png                                                                  (00:00.000 / 02:11.029, 696Mb)
Check /work/output/tbl_bck0331.png                                                                   (00:00.000 / 02:11.029, 696Mb)
Check /work/output/tbl_bck03310.png                                                                  (00:00.000 / 02:11.030, 696Mb)
Check /work/output/tbl_bck0340.png                                                                   (00:00.000 / 02:11.030, 696Mb)
Check /work/output/tbl_bck03400.png                                                                  (00:00.000 / 02:11.030, 696Mb)
Check /work/output/tbl_bck0341.png                                                                   (00:00.000 / 02:11.030, 696Mb)
Check /work/output/tbl_bck03410.png                                                                  (00:00.000 / 02:11.031, 696Mb)
Check /work/output/tbl_bck035.png                                                                    (00:00.000 / 02:11.031, 696Mb)
Check /work/output/tbl_bck0350.png                                                                   (00:00.000 / 02:11.031, 696Mb)
Check /work/output/tbl_bck03500.png                                                                  (00:00.000 / 02:11.031, 696Mb)
Check /work/output/tbl_bck0350240.png                                                                (00:00.000 / 02:11.032, 696Mb)
Check /work/output/tbl_bck035025.png                                                                 (00:00.000 / 02:11.032, 696Mb)
Check /work/output/tbl_bck0350250.png                                                                (00:00.000 / 02:11.032, 696Mb)
Check /work/output/tbl_bck03503.png                                                                  (00:00.000 / 02:11.032, 696Mb)
Check /work/output/tbl_bck0351.png                                                                   (00:00.000 / 02:11.033, 696Mb)
Check /work/output/tbl_bck03510.png                                                                  (00:00.000 / 02:11.033, 696Mb)
Check /work/output/tbl_bck03512.png                                                                  (00:00.000 / 02:11.033, 696Mb)
Check /work/output/tbl_bck0351240.png                                                                (00:00.000 / 02:11.033, 696Mb)
Check /work/output/tbl_bck035125.png                                                                 (00:00.000 / 02:11.034, 696Mb)
Check /work/output/tbl_bck0351250.png                                                                (00:00.000 / 02:11.034, 696Mb)
Check /work/output/tbl_bck0351252.png                                                                (00:00.000 / 02:11.034, 696Mb)
Check /work/output/tbl_bck03513.png                                                                  (00:00.000 / 02:11.034, 696Mb)
Check /work/output/tbl_bck04.png                                                                     (00:00.000 / 02:11.034, 696Mb)
Check /work/output/tbl_bck040.png                                                                    (00:00.000 / 02:11.035, 696Mb)
Check /work/output/tbl_bck0400.png                                                                   (00:00.000 / 02:11.035, 696Mb)
Check /work/output/tbl_bck041.png                                                                    (00:00.000 / 02:11.035, 696Mb)
Check /work/output/tbl_bck0410.png                                                                   (00:00.000 / 02:11.035, 696Mb)
Check /work/output/tbl_bck05.png                                                                     (00:00.000 / 02:11.036, 696Mb)
Check /work/output/tbl_bck050.png                                                                    (00:00.000 / 02:11.036, 696Mb)
Check /work/output/tbl_bck0500.png                                                                   (00:00.000 / 02:11.036, 696Mb)
Check /work/output/tbl_bck05040.png                                                                  (00:00.000 / 02:11.036, 696Mb)
Check /work/output/tbl_bck0505.png                                                                   (00:00.000 / 02:11.036, 696Mb)
Check /work/output/tbl_bck05050.png                                                                  (00:00.000 / 02:11.037, 696Mb)
Check /work/output/tbl_bck051.png                                                                    (00:00.000 / 02:11.037, 696Mb)
Check /work/output/tbl_bck0510.png                                                                   (00:00.000 / 02:11.037, 696Mb)
Check /work/output/tbl_bck0512.png                                                                   (00:00.000 / 02:11.037, 696Mb)
Check /work/output/tbl_bck05140.png                                                                  (00:00.000 / 02:11.037, 696Mb)
Check /work/output/tbl_bck0515.png                                                                   (00:00.000 / 02:11.038, 696Mb)
Check /work/output/tbl_bck05150.png                                                                  (00:00.000 / 02:11.038, 696Mb)
Check /work/output/tbl_bck05152.png                                                                  (00:00.000 / 02:11.038, 696Mb)
Check /work/output/tbl_bck1.png                                                                      (00:00.000 / 02:11.038, 696Mb)
Check /work/output/tbl_bck10.png                                                                     (00:00.000 / 02:11.039, 696Mb)
Check /work/output/tbl_bck100.png                                                                    (00:00.000 / 02:11.039, 696Mb)
Check /work/output/tbl_bck1000.png                                                                   (00:00.000 / 02:11.039, 696Mb)
Check /work/output/tbl_bck10000.png                                                                  (00:00.000 / 02:11.039, 696Mb)
Check /work/output/tbl_bck100000.png                                                                 (00:00.000 / 02:11.040, 696Mb)
Check /work/output/tbl_bck10001.png                                                                  (00:00.000 / 02:11.040, 696Mb)
.Check /work/output/tbl_bck100010.png                                                                 (00:00.000 / 02:11.040, 696Mb)
Check /work/output/tbl_bck1001.png                                                                   (00:00.000 / 02:11.041, 696Mb)
Check /work/output/tbl_bck10010.png                                                                  (00:00.000 / 02:11.041, 696Mb)
Check /work/output/tbl_bck100100.png                                                                 (00:00.000 / 02:11.041, 696Mb)
Check /work/output/tbl_bck1001000.png                                                                (00:00.000 / 02:11.042, 696Mb)
Check /work/output/tbl_bck10010000.png                                                               (00:00.000 / 02:11.042, 696Mb)
Check /work/output/tbl_bck1001001.png                                                                (00:00.000 / 02:11.042, 696Mb)
Check /work/output/tbl_bck10010010.png                                                               (00:00.000 / 02:11.042, 696Mb)
Check /work/output/tbl_bck100101.png                                                                 (00:00.000 / 02:11.043, 696Mb)
Check /work/output/tbl_bck1001010.png                                                                (00:00.000 / 02:11.043, 696Mb)
Check /work/output/tbl_bck10011.png                                                                  (00:00.000 / 02:11.043, 696Mb)
Check /work/output/tbl_bck100110.png                                                                 (00:00.000 / 02:11.044, 696Mb)
Check /work/output/tbl_bck101.png                                                                    (00:00.000 / 02:11.044, 696Mb)
Check /work/output/tbl_bck1010.png                                                                   (00:00.000 / 02:11.044, 696Mb)
Check /work/output/tbl_bck10100.png                                                                  (00:00.000 / 02:11.044, 696Mb)
Check /work/output/tbl_bck101000.png                                                                 (00:00.000 / 02:11.045, 696Mb)
Check /work/output/tbl_bck10101.png                                                                  (00:00.000 / 02:11.045, 696Mb)
Check /work/output/tbl_bck101010.png                                                                 (00:00.000 / 02:11.045, 696Mb)
Check /work/output/tbl_bck1011.png                                                                   (00:00.000 / 02:11.045, 696Mb)
Check /work/output/tbl_bck10110.png                                                                  (00:00.000 / 02:11.046, 696Mb)
Check /work/output/tbl_bck101100.png                                                                 (00:00.000 / 02:11.047, 696Mb)
Check /work/output/tbl_bck1011000.png                                                                (00:00.000 / 02:11.048, 696Mb)
Check /work/output/tbl_bck10110000.png                                                               (00:00.000 / 02:11.048, 696Mb)
Check /work/output/tbl_bck1011001.png                                                                (00:00.000 / 02:11.049, 696Mb)
Check /work/output/tbl_bck10110010.png                                                               (00:00.000 / 02:11.049, 696Mb)
Check /work/output/tbl_bck101101.png                                                                 (00:00.000 / 02:11.049, 696Mb)
Check /work/output/tbl_bck1011010.png                                                                (00:00.000 / 02:11.050, 696Mb)
Check /work/output/tbl_bck10111.png                                                                  (00:00.001 / 02:11.051, 696Mb)
Check /work/output/tbl_bck101110.png                                                                 (00:00.000 / 02:11.052, 696Mb)
Check /work/output/tbl_bck1011100.png                                                                (00:00.000 / 02:11.052, 696Mb)
Check /work/output/tbl_bck101111.png                                                                 (00:00.000 / 02:11.052, 696Mb)
Check /work/output/tbl_bck1011110.png                                                                (00:00.000 / 02:11.053, 696Mb)
Check /work/output/tbl_bck1024.png                                                                   (00:00.000 / 02:11.053, 696Mb)
Check /work/output/tbl_bck10240.png                                                                  (00:00.000 / 02:11.053, 696Mb)
Check /work/output/tbl_bck1025.png                                                                   (00:00.000 / 02:11.053, 696Mb)
Check /work/output/tbl_bck10250.png                                                                  (00:00.000 / 02:11.054, 696Mb)
Check /work/output/tbl_bck103.png                                                                    (00:00.000 / 02:11.054, 696Mb)
Check /work/output/tbl_bck104.png                                                                    (00:00.000 / 02:11.055, 696Mb)
Check /work/output/tbl_bck1040.png                                                                   (00:00.000 / 02:11.055, 696Mb)
Check /work/output/tbl_bck105.png                                                                    (00:00.000 / 02:11.055, 696Mb)
Check /work/output/tbl_bck1050.png                                                                   (00:00.000 / 02:11.056, 696Mb)
Check /work/output/tbl_bck11.png                                                                     (00:00.000 / 02:11.056, 696Mb)
Check /work/output/tbl_bck110.png                                                                    (00:00.000 / 02:11.056, 696Mb)
Check /work/output/tbl_bck1100.png                                                                   (00:00.000 / 02:11.057, 696Mb)
Check /work/output/tbl_bck11000.png                                                                  (00:00.000 / 02:11.057, 696Mb)
Check /work/output/tbl_bck110000.png                                                                 (00:00.000 / 02:11.057, 696Mb)
Check /work/output/tbl_bck11001.png                                                                  (00:00.000 / 02:11.057, 696Mb)
Check /work/output/tbl_bck110010.png                                                                 (00:00.000 / 02:11.058, 696Mb)
Check /work/output/tbl_bck1101.png                                                                   (00:00.000 / 02:11.058, 696Mb)
Check /work/output/tbl_bck11010.png                                                                  (00:00.000 / 02:11.058, 696Mb)
Check /work/output/tbl_bck110100.png                                                                 (00:00.000 / 02:11.059, 696Mb)
Check /work/output/tbl_bck11011.png                                                                  (00:00.000 / 02:11.059, 696Mb)
Check /work/output/tbl_bck110110.png                                                                 (00:00.000 / 02:11.059, 696Mb)
Check /work/output/tbl_bck111.png                                                                    (00:00.000 / 02:11.059, 696Mb)
Check /work/output/tbl_bck1110.png                                                                   (00:00.000 / 02:11.060, 696Mb)
Check /work/output/tbl_bck11100.png                                                                  (00:00.001 / 02:11.061, 696Mb)
Check /work/output/tbl_bck111000.png                                                                 (00:00.000 / 02:11.061, 696Mb)
Check /work/output/tbl_bck11101.png                                                                  (00:00.000 / 02:11.062, 696Mb)
.Check /work/output/tbl_bck111010.png                                                                 (00:00.000 / 02:11.062, 696Mb)
Check /work/output/tbl_bck1111.png                                                                   (00:00.000 / 02:11.062, 696Mb)
Check /work/output/tbl_bck11110.png                                                                  (00:00.000 / 02:11.063, 696Mb)
Check /work/output/tbl_bck111100.png                                                                 (00:00.000 / 02:11.063, 696Mb)
Check /work/output/tbl_bck1111000.png                                                                (00:00.000 / 02:11.063, 696Mb)
Check /work/output/tbl_bck111101.png                                                                 (00:00.000 / 02:11.063, 696Mb)
Check /work/output/tbl_bck1111010.png                                                                (00:00.000 / 02:11.064, 696Mb)
Check /work/output/tbl_bck11111.png                                                                  (00:00.000 / 02:11.064, 696Mb)
Check /work/output/tbl_bck111110.png                                                                 (00:00.000 / 02:11.065, 696Mb)
Check /work/output/tbl_bck1112.png                                                                   (00:00.000 / 02:11.065, 696Mb)
Check /work/output/tbl_bck112.png                                                                    (00:00.000 / 02:11.066, 696Mb)
Check /work/output/tbl_bck1124.png                                                                   (00:00.002 / 02:11.069, 696Mb)
Check /work/output/tbl_bck11240.png                                                                  (00:00.001 / 02:11.070, 696Mb)
Check /work/output/tbl_bck1125.png                                                                   (00:00.000 / 02:11.071, 696Mb)
Check /work/output/tbl_bck11250.png                                                                  (00:00.000 / 02:11.071, 696Mb)
Check /work/output/tbl_bck11252.png                                                                  (00:00.000 / 02:11.071, 696Mb)
Check /work/output/tbl_bck113.png                                                                    (00:00.000 / 02:11.072, 696Mb)
Check /work/output/tbl_bck1140.png                                                                   (00:00.000 / 02:11.072, 696Mb)
Check /work/output/tbl_bck115.png                                                                    (00:00.000 / 02:11.073, 696Mb)
Check /work/output/tbl_bck1150.png                                                                   (00:00.000 / 02:11.073, 696Mb)
Check /work/output/tbl_bck1152.png                                                                   (00:00.000 / 02:11.074, 696Mb)
Check /work/output/tbl_bck12.png                                                                     (00:00.000 / 02:11.074, 696Mb)
Check /work/output/tbl_bck120.png                                                                    (00:00.000 / 02:11.075, 696Mb)
Check /work/output/tbl_bck124.png                                                                    (00:00.000 / 02:11.075, 696Mb)
Check /work/output/tbl_bck1240.png                                                                   (00:00.000 / 02:11.076, 696Mb)
Check /work/output/tbl_bck12400.png                                                                  (00:00.000 / 02:11.076, 696Mb)
Check /work/output/tbl_bck1241.png                                                                   (00:00.000 / 02:11.076, 696Mb)
Check /work/output/tbl_bck12410.png                                                                  (00:00.000 / 02:11.077, 696Mb)
Check /work/output/tbl_bck12424.png                                                                  (00:00.000 / 02:11.077, 696Mb)
Check /work/output/tbl_bck1243.png                                                                   (00:00.000 / 02:11.077, 696Mb)
Check /work/output/tbl_bck125.png                                                                    (00:00.000 / 02:11.078, 696Mb)
Check /work/output/tbl_bck1250.png                                                                   (00:00.000 / 02:11.078, 696Mb)
Check /work/output/tbl_bck12500.png                                                                  (00:00.000 / 02:11.079, 696Mb)
Check /work/output/tbl_bck1251.png                                                                   (00:00.000 / 02:11.079, 696Mb)
Check /work/output/tbl_bck12510.png                                                                  (00:00.000 / 02:11.079, 696Mb)
Check /work/output/tbl_bck125100.png                                                                 (00:00.000 / 02:11.080, 696Mb)
Check /work/output/tbl_bck12511.png                                                                  (00:00.000 / 02:11.080, 696Mb)
Check /work/output/tbl_bck125110.png                                                                 (00:00.000 / 02:11.080, 696Mb)
Check /work/output/tbl_bck12512.png                                                                  (00:00.000 / 02:11.081, 696Mb)
Check /work/output/tbl_bck1252.png                                                                   (00:00.000 / 02:11.081, 696Mb)
Check /work/output/tbl_bck1252400.png                                                                (00:00.000 / 02:11.081, 696Mb)
Check /work/output/tbl_bck125241.png                                                                 (00:00.000 / 02:11.082, 696Mb)
Check /work/output/tbl_bck1252410.png                                                                (00:00.000 / 02:11.082, 696Mb)
Check /work/output/tbl_bck1252412.png                                                                (00:00.000 / 02:11.082, 696Mb)
Check /work/output/tbl_bck12525.png                                                                  (00:00.000 / 02:11.083, 696Mb)
Check /work/output/tbl_bck125250.png                                                                 (00:00.000 / 02:11.083, 696Mb)
Check /work/output/tbl_bck125252.png                                                                 (00:00.000 / 02:11.083, 696Mb)
Check /work/output/tbl_bck1253.png                                                                   (00:00.000 / 02:11.083, 696Mb)
Check /work/output/tbl_bck125340.png                                                                 (00:00.000 / 02:11.084, 696Mb)
Check /work/output/tbl_bck12535.png                                                                  (00:00.000 / 02:11.084, 696Mb)
Check /work/output/tbl_bck125350.png                                                                 (00:00.000 / 02:11.084, 696Mb)
Check /work/output/tbl_bck125352.png                                                                 (00:00.000 / 02:11.085, 696Mb)
Check /work/output/tbl_bck13.png                                                                     (00:00.000 / 02:11.085, 696Mb)
Check /work/output/tbl_bck130.png                                                                    (00:00.000 / 02:11.085, 696Mb)
Check /work/output/tbl_bck1320.png                                                                   (00:00.000 / 02:11.085, 696Mb)
Check /work/output/tbl_bck133.png                                                                    (00:00.000 / 02:11.086, 696Mb)
Check /work/output/tbl_bck1330.png                                                                   (00:00.000 / 02:11.086, 696Mb)
Check /work/output/tbl_bck134.png                                                                    (00:00.000 / 02:11.086, 696Mb)
.Check /work/output/tbl_bck1340.png                                                                   (00:00.000 / 02:11.086, 696Mb)
Check /work/output/tbl_bck13400.png                                                                  (00:00.000 / 02:11.087, 696Mb)
Check /work/output/tbl_bck1341.png                                                                   (00:00.000 / 02:11.087, 696Mb)
Check /work/output/tbl_bck13410.png                                                                  (00:00.000 / 02:11.087, 696Mb)
Check /work/output/tbl_bck135.png                                                                    (00:00.000 / 02:11.087, 696Mb)
Check /work/output/tbl_bck1350.png                                                                   (00:00.000 / 02:11.087, 696Mb)
Check /work/output/tbl_bck13500.png                                                                  (00:00.000 / 02:11.088, 696Mb)
Check /work/output/tbl_bck1351.png                                                                   (00:00.000 / 02:11.088, 696Mb)
Check /work/output/tbl_bck13510.png                                                                  (00:00.000 / 02:11.088, 696Mb)
Check /work/output/tbl_bck13512.png                                                                  (00:00.000 / 02:11.088, 696Mb)
Check /work/output/tbl_bck1352.png                                                                   (00:00.000 / 02:11.088, 696Mb)
Check /work/output/tbl_bck14.png                                                                     (00:00.000 / 02:11.089, 696Mb)
Check /work/output/tbl_bck140.png                                                                    (00:00.000 / 02:11.089, 696Mb)
Check /work/output/tbl_bck1400.png                                                                   (00:00.000 / 02:11.089, 696Mb)
Check /work/output/tbl_bck141.png                                                                    (00:00.000 / 02:11.089, 696Mb)
Check /work/output/tbl_bck1410.png                                                                   (00:00.000 / 02:11.090, 696Mb)
Check /work/output/tbl_bck1424.png                                                                   (00:00.000 / 02:11.090, 696Mb)
Check /work/output/tbl_bck143.png                                                                    (00:00.000 / 02:11.090, 696Mb)
Check /work/output/tbl_bck144.png                                                                    (00:00.000 / 02:11.090, 696Mb)
Check /work/output/tbl_bck15.png                                                                     (00:00.000 / 02:11.091, 696Mb)
Check /work/output/tbl_bck150.png                                                                    (00:00.000 / 02:11.091, 696Mb)
Check /work/output/tbl_bck1500.png                                                                   (00:00.000 / 02:11.091, 696Mb)
Check /work/output/tbl_bck15040.png                                                                  (00:00.000 / 02:11.091, 696Mb)
Check /work/output/tbl_bck1505.png                                                                   (00:00.000 / 02:11.092, 696Mb)
Check /work/output/tbl_bck15050.png                                                                  (00:00.000 / 02:11.092, 696Mb)
Check /work/output/tbl_bck151.png                                                                    (00:00.000 / 02:11.092, 696Mb)
Check /work/output/tbl_bck1510.png                                                                   (00:00.000 / 02:11.092, 696Mb)
Check /work/output/tbl_bck1512.png                                                                   (00:00.000 / 02:11.093, 696Mb)
Check /work/output/tbl_bck15140.png                                                                  (00:00.000 / 02:11.093, 696Mb)
Check /work/output/tbl_bck1515.png                                                                   (00:00.000 / 02:11.093, 696Mb)
Check /work/output/tbl_bck15150.png                                                                  (00:00.000 / 02:11.093, 696Mb)
Check /work/output/tbl_bck15152.png                                                                  (00:00.000 / 02:11.094, 696Mb)
Check /work/output/tbl_bck152.png                                                                    (00:00.000 / 02:11.094, 696Mb)
Check /work/output/tbl_bck1540.png                                                                   (00:00.000 / 02:11.094, 696Mb)
Check /work/output/tbl_bck15424.png                                                                  (00:00.000 / 02:11.095, 696Mb)
Check /work/output/tbl_bck1543.png                                                                   (00:00.000 / 02:11.095, 696Mb)
Check /work/output/tbl_bck155.png                                                                    (00:00.000 / 02:11.095, 696Mb)
Check /work/output/tbl_bck1550.png                                                                   (00:00.000 / 02:11.095, 696Mb)
Check /work/output/tbl_bck1552.png                                                                   (00:00.000 / 02:11.096, 696Mb)
Check /work/output/tbl_blank.png                                                                     (00:00.000 / 02:11.096, 696Mb)
Check /work/output/tbl_spacer.png                                                                    (00:00.000 / 02:11.096, 696Mb)
Check /work/output/tbl_vjoin-closed.png                                                              (00:00.000 / 02:11.097, 696Mb)
Check /work/output/tbl_vjoin-open.png                                                                (00:00.000 / 02:11.097, 696Mb)
Check /work/output/tbl_vjoin.png                                                                     (00:00.000 / 02:11.097, 696Mb)
Check /work/output/tbl_vjoin_end-closed.png                                                          (00:00.000 / 02:11.097, 696Mb)
Check /work/output/tbl_vjoin_end-open.png                                                            (00:00.000 / 02:11.097, 696Mb)
Check /work/output/tbl_vjoin_end.png                                                                 (00:00.000 / 02:11.098, 696Mb)
Check /work/output/tbl_vjoin_end_slice-closed.png                                                    (00:00.000 / 02:11.098, 696Mb)
Check /work/output/tbl_vjoin_end_slice-open.png                                                      (00:00.000 / 02:11.098, 696Mb)
Check /work/output/tbl_vjoin_end_slice.png                                                           (00:00.000 / 02:11.098, 696Mb)
Check /work/output/tbl_vjoin_end_slicer-closed.png                                                   (00:00.000 / 02:11.099, 696Mb)
Check /work/output/tbl_vjoin_end_slicer-open.png                                                     (00:00.000 / 02:11.099, 696Mb)
Check /work/output/tbl_vjoin_end_slicer.png                                                          (00:00.000 / 02:11.099, 696Mb)
Check /work/output/tbl_vjoin_slice-closed.png                                                        (00:00.000 / 02:11.099, 696Mb)
Check /work/output/tbl_vjoin_slice-open.png                                                          (00:00.000 / 02:11.100, 696Mb)
Check /work/output/tbl_vjoin_slice.png                                                               (00:00.000 / 02:11.100, 696Mb)
Check /work/output/tbl_vjoin_slicer-closed.png                                                       (00:00.000 / 02:11.100, 696Mb)
Check /work/output/tbl_vjoin_slicer-open.png                                                         (00:00.000 / 02:11.100, 696Mb)
.Check /work/output/tbl_vjoin_slicer.png                                                              (00:00.000 / 02:11.100, 696Mb)
Check /work/output/tbl_vline.png                                                                     (00:00.000 / 02:11.101, 696Mb)
Check /work/output/tbl_vline_slice.png                                                               (00:00.000 / 02:11.101, 696Mb)
Check /work/output/tbl_vline_slicer.png                                                              (00:00.000 / 02:11.101, 696Mb)
Check /work/output/terminology.html                                                                  (00:00.000 / 02:11.101, 696Mb)
Check /work/output/toc.html                                                                          (00:00.000 / 02:11.102, 696Mb)
Check /work/output/translationinfo.html                                                              (00:00.000 / 02:11.102, 696Mb)
Check /work/output/tree-filter.png                                                                   (00:00.000 / 02:11.103, 696Mb)
Check /work/output/uml-diagrams.html                                                                 (00:00.000 / 02:11.103, 696Mb)
Check /work/output/url-literals.json                                                                 (00:00.000 / 02:11.103, 696Mb)
Check /work/output/usage-stats.json                                                                  (00:00.000 / 02:11.104, 696Mb)
Check /work/output/validator-mii-ig-consent.pack                                                     (00:00.000 / 02:11.104, 696Mb)
Check /work/output/validator.pack                                                                    (00:00.001 / 02:11.105, 698Mb)
Check /work/output/valueset-list.csv                                                                 (00:00.000 / 02:11.106, 698Mb)
Check /work/output/valueset-list.json                                                                (00:00.000 / 02:11.106, 698Mb)
Check /work/output/valueset-ref-all-list.csv                                                         (00:00.000 / 02:11.107, 698Mb)
Check /work/output/valueset-ref-all-list.json                                                        (00:00.000 / 02:11.107, 698Mb)
Check /work/output/valueset-ref-list.csv                                                             (00:00.000 / 02:11.107, 698Mb)
Check /work/output/valueset-ref-list.json                                                            (00:00.000 / 02:11.108, 698Mb)
Check /work/output/version-history.html                                                              (00:00.000 / 02:11.108, 698Mb)

Checking Other Links                                                                                 (00:00.000 / 02:11.108, 698Mb)
Sorting Conformance Clauses                                                                          (00:00.000 / 02:11.109, 700Mb)
Done checking                                                                                        (00:00.011 / 02:11.120, 704Mb)
  ... 2341 html files, 0 pages invalid xhtml (0%)                                                    (00:00.014 / 02:11.134, 704Mb)
  ... 116154 links, 0 broken links (0%)                                                              (00:00.000 / 02:11.134, 704Mb)
Generate fragment-usage-analysis.csv                                                                 (00:00.000 / 02:11.134, 704Mb)
Build final .zip                                                                                     (00:00.004 / 02:11.139, 706Mb)
Final .zip built                                                                                     (00:01.768 / 02:12.908, 722Mb)
Built. Times: loading: 00:01.394, generate: 01:48.307, narrative generation: 00:00.808, realm-rules: 00:00.000, previous-version: 00:00.003, jekyll: 00:05.113, validation: 00:21.847 (#22), template: 00:05.677 (#3) (00:03.572 / 02:16.480, 644Mb)
Generating QA                                                                                        (00:00.000 / 02:16.480, 644Mb)
Validation output in /work/output/qa.html
Errors: 84, Warnings: 157, Info: 542, Broken Links: 0     (00:00.538 / 02:17.019, 822Mb)
Finished @ 8/6/26, 1:12 PM. Max Memory Used = 1Gb. Log file saved in /tmp/fhir-ig-publisher-tmp.log  (00:00.032 / 02:17.052, 822Mb)
